customer_id,first_name,last_name,email,city,country,home_branch_id,joined_on,risk_band
1,Andres,Bauer,andres.bauer0@example.com,Valencia,ES,3,2009-01-19,
2,Raj,Quinn,raj.quinn1@example.com,Adelaide,AU,38,2011-04-08,
3,Kwame,Adeyemi,kwame.adeyemi2@example.com,Bergen,NO,22,2013-12-20,
4,Claire,Frost,claire.frost3@example.com,Columbus,US,36,2024-12-28,
5,Sofia,Haddad,sofia.haddad4@example.com,Leipzig,DE,8,2018-12-02,
6,Noel,Abbott,noel.abbott5@example.com,Columbus,US,5,2025-02-25,high
7,Emeka,Beaumont,emeka.beaumont6@example.com,Aarhus,DK,40,2024-04-25,low
8,Nadia,Ashworth,nadia.ashworth7@example.com,Groningen,NL,31,2021-12-09,
9,Viktor,Tan,viktor.tan8@example.com,Aarhus,DK,6,2008-05-05,
10,Aoife,Whitfield,aoife.whitfield9@example.com,Adelaide,AU,4,2012-03-20,high
11,Tomas,Park,tomas.park10@example.com,Raleigh,US,33,2010-03-20,
12,Sofia,Silva,sofia.silva11@example.com,Austin,US,37,2010-08-09,
13,Tomas,Kaur,tomas.kaur12@example.com,Dunedin,NZ,18,2010-03-03,high
14,Jon,Vogt,jon.vogt13@example.com,Montpellier,FR,7,2009-01-17,low
15,Marta,Novak,marta.novak14@example.com,Columbus,US,37,2023-05-28,
16,Mateo,Ashworth,mateo.ashworth15@example.com,Columbus,US,9,2011-07-20,
17,Ben,Lund,ben.lund16@example.com,Leipzig,DE,20,2010-11-23,
18,Bruno,Moreau,bruno.moreau17@example.com,Portland,US,30,2013-09-14,
19,Kofi,Sandoval,kofi.sandoval18@example.com,Perth,AU,8,2009-02-17,
20,Hana,Cormack,hana.cormack19@example.com,Bologna,IT,26,2020-11-12,
21,Kiran,Iqbal,kiran.iqbal20@example.com,Manchester,GB,29,2012-02-02,
22,Tomas,Sandoval,tomas.sandoval21@example.com,Raleigh,US,1,2009-12-11,
23,Leila,Nyberg,leila.nyberg22@example.com,Bergen,NO,26,2020-11-13,
24,Delphine,Voss,delphine.voss23@example.com,Adelaide,AU,3,2009-11-18,high
25,Amara,Abbott,amara.abbott24@example.com,Bergen,NO,5,2012-08-22,
26,Emeka,Hale,emeka.hale25@example.com,Sheffield,GB,34,2022-12-28,
27,Kofi,Marchetti,kofi.marchetti26@example.com,Leipzig,DE,25,2013-10-09,low
28,Ravi,Reed,ravi.reed27@example.com,Auckland,NZ,30,2009-02-22,
29,Hana,Solberg,hana.solberg28@example.com,Bergen,NO,20,2011-08-27,
30,Idris,Vogt,idris.vogt29@example.com,Bologna,IT,14,2021-10-05,
31,Tomas,Ricci,tomas.ricci30@example.com,Freiburg,DE,36,2009-04-27,
32,Jon,Ellery,jon.ellery31@example.com,Porto,PT,27,2012-10-03,
33,Maya,Novak,maya.novak32@example.com,Tucson,US,7,2019-11-20,
34,Fatima,Rahman,fatima.rahman33@example.com,Bristol,GB,10,2016-01-14,
35,Amara,Cormack,amara.cormack34@example.com,Adelaide,AU,39,2022-02-19,low
36,Eli,Mensah,eli.mensah35@example.com,Bristol,GB,25,2025-10-17,
37,Kwame,Ferreira,kwame.ferreira36@example.com,Denver,US,12,2013-05-11,low
38,Hana,Okafor,hana.okafor37@example.com,Denver,US,40,2011-03-08,
39,Tarek,Haddad,tarek.haddad38@example.com,Porto,PT,18,2020-05-25,
40,Claire,Nakamura,claire.nakamura39@example.com,Austin,US,25,2012-10-22,
41,Ciara,Sorensen,ciara.sorensen40@example.com,Manchester,GB,35,2010-06-20,
42,Nadia,Bauer,nadia.bauer41@example.com,Valencia,ES,8,2017-04-27,medium
43,Kiran,Halloran,kiran.halloran42@example.com,Adelaide,AU,7,2020-07-17,
44,Bianca,Abbott,bianca.abbott43@example.com,Austin,US,27,2020-06-13,medium
45,Camille,Petrov,camille.petrov44@example.com,Manchester,GB,12,2009-08-08,
46,Idris,Delgado,idris.delgado45@example.com,Sheffield,GB,1,2022-08-01,medium
47,Sofia,Ellery,sofia.ellery46@example.com,Tampere,FI,33,2011-11-06,
48,Viktor,Zamora,viktor.zamora47@example.com,Cork,IE,25,2008-11-17,
49,Jonas,Novak,jonas.novak48@example.com,Bergen,NO,36,2020-03-23,
50,Hugo,Solberg,hugo.solberg49@example.com,Perth,AU,6,2021-06-23,low
51,Pieter,Vogt,pieter.vogt50@example.com,Freiburg,DE,40,2011-10-17,
52,Emeka,Thorne,emeka.thorne51@example.com,Montpellier,FR,13,2017-07-27,medium
53,Andres,Bauer,andres.bauer52@example.com,Valencia,ES,31,2018-03-20,
54,Andres,Vogt,andres.vogt53@example.com,Dunedin,NZ,38,2011-06-14,
55,Ravi,Abbott,ravi.abbott54@example.com,Leipzig,DE,27,2017-08-04,
56,Ben,Delgado,ben.delgado55@example.com,Freiburg,DE,21,2014-04-14,
57,Bruno,Nair,bruno.nair56@example.com,Raleigh,US,8,2009-10-21,
58,Anton,Roy,anton.roy57@example.com,Bristol,GB,29,2025-11-09,
59,Camille,Voss,camille.voss58@example.com,Halifax,CA,10,2013-02-06,low
60,Greta,Novak,greta.novak59@example.com,Tampere,FI,31,2014-01-11,
61,Jonas,Novak,jonas.novak60@example.com,Porto,PT,7,2009-07-24,
62,Solveig,Vance,solveig.vance61@example.com,Raleigh,US,23,2013-06-24,
63,Zara,Osei,zara.osei62@example.com,Montpellier,FR,17,2009-09-14,low
64,Tarek,Reed,tarek.reed63@example.com,Bologna,IT,32,2024-01-02,
65,Sofia,Baptiste,sofia.baptiste64@example.com,Denver,US,38,2024-02-06,
66,Ingrid,Park,ingrid.park65@example.com,Victoria,CA,25,2012-03-17,
67,Maya,Castellanos,maya.castellanos66@example.com,Utrecht,NL,32,2018-03-18,
68,Nadia,Iqbal,nadia.iqbal67@example.com,Norwich,GB,29,2023-06-16,
69,Ana,Castellanos,ana.castellanos68@example.com,Ljubljana,SI,9,2025-10-01,
70,Bruno,Lund,bruno.lund69@example.com,Porto,PT,25,2008-04-27,
71,Josefina,Kowalski,josefina.kowalski70@example.com,Columbus,US,6,2019-01-26,low
72,Ravi,Bergstrom,ravi.bergstrom71@example.com,Bologna,IT,11,2016-06-07,
73,Omar,Sandoval,omar.sandoval72@example.com,Halifax,CA,16,2022-11-09,
74,Esme,Delgado,esme.delgado73@example.com,Montpellier,FR,7,2020-02-11,
75,Tom,Abbott,tom.abbott74@example.com,Bristol,GB,6,2022-05-15,
76,Iris,Petrov,iris.petrov75@example.com,Austin,US,1,2014-07-06,low
77,Tarek,Nair,tarek.nair76@example.com,Ljubljana,SI,30,2013-06-17,low
78,Wren,Kaur,wren.kaur77@example.com,Columbus,US,4,2008-01-07,medium
79,Sean,Tan,sean.tan78@example.com,Bristol,GB,33,2020-07-20,low
80,Amara,Park,amara.park79@example.com,Aarhus,DK,27,2017-09-21,
81,Iris,Sorensen,iris.sorensen80@example.com,Halifax,CA,22,2013-08-12,
82,Wren,Dubois,wren.dubois81@example.com,Bologna,IT,7,2016-02-28,low
83,Eli,Sandoval,eli.sandoval82@example.com,Columbus,US,12,2014-11-04,
84,Omar,Kaur,omar.kaur83@example.com,Auckland,NZ,14,2015-11-14,
85,Ingrid,Ueda,ingrid.ueda84@example.com,Aarhus,DK,10,2020-05-17,
86,Sara,Iqbal,sara.iqbal85@example.com,Valencia,ES,7,2009-12-14,
87,Elena,Wexler,elena.wexler86@example.com,Utrecht,NL,28,2023-07-04,
88,Ben,Reed,ben.reed87@example.com,Utrecht,NL,30,2025-12-07,
89,Priya,Kirby,priya.kirby88@example.com,Dunedin,NZ,10,2019-09-12,
90,Fatima,Silva,fatima.silva89@example.com,Aarhus,DK,16,2020-04-24,
91,Amara,Cormack,amara.cormack90@example.com,Victoria,CA,18,2013-11-21,
92,Rafael,Voss,rafael.voss91@example.com,Manchester,GB,26,2012-03-28,medium
93,Kiran,Petrov,kiran.petrov92@example.com,Uppsala,SE,3,2012-03-02,
94,Idris,Tan,idris.tan93@example.com,Nantes,FR,37,2011-03-08,medium
95,Ana,Osei,ana.osei94@example.com,Raleigh,US,31,2011-10-22,
96,Marta,Silva,marta.silva95@example.com,Portland,US,31,2019-01-14,
97,Nadia,Ashworth,nadia.ashworth96@example.com,Nantes,FR,5,2016-12-24,
98,Josefina,Dubois,josefina.dubois97@example.com,Ljubljana,SI,11,2017-07-19,
99,Eli,Kaur,eli.kaur98@example.com,Austin,US,23,2009-10-18,
100,Raj,Osei,raj.osei99@example.com,Sheffield,GB,32,2017-03-11,low
101,Sara,Tan,sara.tan100@example.com,Hobart,AU,38,2023-08-06,
102,Samir,Solberg,samir.solberg101@example.com,Sheffield,GB,25,2017-07-26,
103,Andres,Brennan,andres.brennan102@example.com,Tucson,US,39,2022-11-26,low
104,Samir,Ferreira,samir.ferreira103@example.com,Leipzig,DE,36,2008-02-02,
105,Ben,Frost,ben.frost104@example.com,Tampere,FI,6,2015-12-26,medium
106,Anton,Halloran,anton.halloran105@example.com,Tampere,FI,4,2013-03-12,
107,Marta,Beaumont,marta.beaumont106@example.com,Austin,US,16,2011-12-06,low
108,Alma,Shah,alma.shah107@example.com,Raleigh,US,31,2018-11-24,
109,Fatima,Rossi,fatima.rossi108@example.com,Adelaide,AU,21,2012-03-11,
110,Kofi,Ferreira,kofi.ferreira109@example.com,Toronto,CA,5,2014-03-02,medium
111,Josefina,Moreau,josefina.moreau110@example.com,Auckland,NZ,30,2021-02-20,
112,Samir,Halloran,samir.halloran111@example.com,Norwich,GB,32,2021-07-13,
113,Felix,Sandoval,felix.sandoval112@example.com,Portland,US,3,2016-07-20,
114,Omar,Nyberg,omar.nyberg113@example.com,Galway,IE,3,2023-05-18,low
115,Fatima,Haddad,fatima.haddad114@example.com,Sheffield,GB,31,2017-12-28,
116,Malik,Farrow,malik.farrow115@example.com,Denver,US,34,2025-05-21,
117,Camille,Petrov,camille.petrov116@example.com,Portland,US,27,2022-11-12,
118,Sara,Ueda,sara.ueda117@example.com,Uppsala,SE,24,2014-05-24,
119,Noel,Vogt,noel.vogt118@example.com,Toronto,CA,14,2015-12-01,
120,Bruno,Lund,bruno.lund119@example.com,Cork,IE,31,2010-11-12,medium
121,Nadia,Brennan,nadia.brennan120@example.com,Tucson,US,28,2010-01-26,high
122,Signe,Dubois,signe.dubois121@example.com,Valencia,ES,38,2009-11-07,
123,Bruno,Sorensen,bruno.sorensen122@example.com,Cork,IE,14,2016-03-08,
124,Ravi,Sandoval,ravi.sandoval123@example.com,Freiburg,DE,2,2017-02-19,
125,Bianca,Quinn,bianca.quinn124@example.com,Bristol,GB,24,2014-02-10,
126,Jonas,Ashworth,jonas.ashworth125@example.com,Sheffield,GB,40,2016-08-02,
127,Idris,Vance,idris.vance126@example.com,Cork,IE,9,2009-04-16,
128,Sofia,Delgado,sofia.delgado127@example.com,Toronto,CA,30,2022-02-26,
129,Ciara,Mwangi,ciara.mwangi128@example.com,Hobart,AU,22,2018-01-26,
130,Viktor,Kowalski,viktor.kowalski129@example.com,Aarhus,DK,37,2019-04-07,
131,Emeka,Shah,emeka.shah130@example.com,Uppsala,SE,34,2009-04-18,
132,Emeka,Lindqvist,emeka.lindqvist131@example.com,Bergen,NO,33,2018-12-20,
133,Samir,Castellanos,samir.castellanos132@example.com,Bristol,GB,32,2025-12-11,
134,Felix,Sorensen,felix.sorensen133@example.com,Nantes,FR,37,2008-05-16,
135,Yuki,Kowalski,yuki.kowalski134@example.com,Tampere,FI,16,2019-09-11,
136,Rafael,Larsen,rafael.larsen135@example.com,Porto,PT,27,2009-06-12,
137,Jon,Ferreira,jon.ferreira136@example.com,Utrecht,NL,34,2014-01-25,
138,Aoife,Baptiste,aoife.baptiste137@example.com,Leipzig,DE,7,2025-09-08,
139,Malik,Frost,malik.frost138@example.com,Sheffield,GB,35,2008-03-24,low
140,Marta,Abbott,marta.abbott139@example.com,Porto,PT,12,2010-11-14,medium
141,Andres,Wexler,andres.wexler140@example.com,Ljubljana,SI,36,2018-01-26,
142,Emeka,Dubois,emeka.dubois141@example.com,Groningen,NL,5,2023-12-28,
143,Malik,Ellery,malik.ellery142@example.com,Cork,IE,25,2020-01-23,medium
144,Viktor,Ibrahim,viktor.ibrahim143@example.com,Sheffield,GB,12,2012-06-16,
145,Omar,Sorensen,omar.sorensen144@example.com,Leipzig,DE,14,2025-08-24,
146,Sara,Marchetti,sara.marchetti145@example.com,Sheffield,GB,21,2017-04-18,medium
147,Signe,Ibrahim,signe.ibrahim146@example.com,Adelaide,AU,40,2008-09-20,low
148,Maya,Nair,maya.nair147@example.com,Ljubljana,SI,22,2013-08-17,
149,Wren,Beaumont,wren.beaumont148@example.com,Toronto,CA,19,2020-02-07,
150,Greta,Sandoval,greta.sandoval149@example.com,Adelaide,AU,10,2009-08-19,
151,Omar,Zamora,omar.zamora150@example.com,Columbus,US,39,2012-04-11,
152,Hugo,Kirby,hugo.kirby151@example.com,Nantes,FR,35,2016-08-11,
153,Hugo,Wexler,hugo.wexler152@example.com,Groningen,NL,3,2011-02-01,
154,Jonas,Rahman,jonas.rahman153@example.com,Nantes,FR,37,2020-03-09,low
155,Kwame,Moreau,kwame.moreau154@example.com,Porto,PT,20,2022-07-09,low
156,Mateo,Hale,mateo.hale155@example.com,Auckland,NZ,5,2017-12-18,
157,Emeka,Ferreira,emeka.ferreira156@example.com,Sheffield,GB,8,2019-08-27,medium
158,Idris,Adeyemi,idris.adeyemi157@example.com,Denver,US,15,2021-08-24,low
159,Malik,Hale,malik.hale158@example.com,Uppsala,SE,6,2008-06-04,
160,Sofia,Voss,sofia.voss159@example.com,Freiburg,DE,23,2020-07-20,
161,Noel,Bergstrom,noel.bergstrom160@example.com,Sheffield,GB,26,2024-01-17,
162,Omar,Lund,omar.lund161@example.com,Victoria,CA,29,2024-01-01,
163,Ravi,Ferreira,ravi.ferreira162@example.com,Bristol,GB,32,2016-09-12,
164,Ben,Adeyemi,ben.adeyemi163@example.com,Galway,IE,11,2017-11-05,low
165,Kwame,Voss,kwame.voss164@example.com,Sheffield,GB,38,2013-04-03,
166,Malik,Ellery,malik.ellery165@example.com,Leipzig,DE,31,2019-09-01,
167,Emeka,Abbott,emeka.abbott166@example.com,Dunedin,NZ,1,2014-04-10,medium
168,Camille,Abbott,camille.abbott167@example.com,Raleigh,US,37,2019-02-25,
169,Sofia,Wexler,sofia.wexler168@example.com,Dunedin,NZ,28,2023-02-06,low
170,Idris,Renard,idris.renard169@example.com,Groningen,NL,3,2009-11-13,low
171,Noel,Hale,noel.hale170@example.com,Tampere,FI,2,2010-02-21,low
172,Ciara,Sandoval,ciara.sandoval171@example.com,Halifax,CA,13,2019-12-05,
173,Kofi,Nakamura,kofi.nakamura172@example.com,Auckland,NZ,1,2012-05-11,
174,Raj,Haddad,raj.haddad173@example.com,Valencia,ES,28,2022-03-18,
175,Alma,Diaz,alma.diaz174@example.com,Austin,US,16,2020-09-14,
176,Lars,Cormack,lars.cormack175@example.com,Porto,PT,11,2023-07-10,low
177,Felix,Cormack,felix.cormack176@example.com,Porto,PT,9,2008-07-02,
178,Tobias,Frost,tobias.frost177@example.com,Dunedin,NZ,8,2025-05-10,low
179,Ciara,Diaz,ciara.diaz178@example.com,Raleigh,US,17,2009-11-20,
180,Arjun,Kaur,arjun.kaur179@example.com,Cork,IE,29,2019-08-24,low
181,Tomas,Baptiste,tomas.baptiste180@example.com,Tucson,US,14,2024-10-16,
182,Claire,Tan,claire.tan181@example.com,Leipzig,DE,37,2020-10-20,
183,Tarek,Abbott,tarek.abbott182@example.com,Valencia,ES,20,2008-07-09,
184,Wren,Shah,wren.shah183@example.com,Tampere,FI,11,2011-01-17,
185,Marta,Park,marta.park184@example.com,Halifax,CA,27,2017-11-05,
186,Elena,Quinn,elena.quinn185@example.com,Victoria,CA,21,2025-03-20,low
187,Bianca,Whitfield,bianca.whitfield186@example.com,Porto,PT,37,2013-07-19,
188,Arjun,Bergstrom,arjun.bergstrom187@example.com,Austin,US,39,2019-12-27,
189,Greta,Bergstrom,greta.bergstrom188@example.com,Columbus,US,22,2022-03-28,
190,Raj,Haddad,raj.haddad189@example.com,Bergen,NO,25,2019-06-06,low
191,Aoife,Renard,aoife.renard190@example.com,Tucson,US,3,2021-11-08,
192,Priya,Vogt,priya.vogt191@example.com,Porto,PT,40,2015-07-24,
193,Lena,Roy,lena.roy192@example.com,Perth,AU,26,2010-12-19,
194,Lars,Moreau,lars.moreau193@example.com,Manchester,GB,21,2022-11-21,
195,Tom,Fischer,tom.fischer194@example.com,Dunedin,NZ,26,2011-02-10,
196,Ciara,Larsen,ciara.larsen195@example.com,Leipzig,DE,14,2010-01-15,
197,Bianca,Vance,bianca.vance196@example.com,Uppsala,SE,17,2010-04-25,
198,Viktor,Cole,viktor.cole197@example.com,Perth,AU,40,2022-09-05,low
199,Malik,Nakamura,malik.nakamura198@example.com,Bologna,IT,36,2021-07-03,
200,Yuki,Haddad,yuki.haddad199@example.com,Tucson,US,9,2013-01-19,
201,Iris,Frost,iris.frost200@example.com,Dunedin,NZ,20,2013-02-08,
202,Signe,Park,signe.park201@example.com,Galway,IE,30,2015-08-08,
203,Kiran,Achebe,kiran.achebe202@example.com,Uppsala,SE,20,2021-03-05,
204,Tom,Hale,tom.hale203@example.com,Halifax,CA,20,2023-08-17,medium
205,Fatima,Sandoval,fatima.sandoval204@example.com,Tampere,FI,1,2023-09-10,
206,Tomas,Ricci,tomas.ricci205@example.com,Adelaide,AU,32,2016-12-03,
207,Raj,Novak,raj.novak206@example.com,Halifax,CA,40,2008-08-12,high
208,Raj,Roy,raj.roy207@example.com,Perth,AU,15,2020-06-09,
209,Malik,Diaz,malik.diaz208@example.com,Norwich,GB,16,2022-04-13,
210,Kofi,Cole,kofi.cole209@example.com,Uppsala,SE,21,2016-12-19,medium
211,Sara,Bergstrom,sara.bergstrom210@example.com,Tampere,FI,13,2025-10-14,
212,Ingrid,Quinn,ingrid.quinn211@example.com,Auckland,NZ,28,2018-02-22,high
213,Priya,Fischer,priya.fischer212@example.com,Dunedin,NZ,21,2016-02-25,
214,Noel,Cole,noel.cole213@example.com,Manchester,GB,35,2010-12-04,low
215,Elena,Lindqvist,elena.lindqvist214@example.com,Auckland,NZ,20,2019-11-11,
216,Ciara,Reed,ciara.reed215@example.com,Auckland,NZ,18,2012-02-10,
217,Priya,Sorensen,priya.sorensen216@example.com,Tucson,US,11,2017-07-10,low
218,Ana,Petrov,ana.petrov217@example.com,Ljubljana,SI,38,2009-12-17,low
219,Delphine,Vance,delphine.vance218@example.com,Norwich,GB,37,2008-10-15,medium
220,Ciara,Solberg,ciara.solberg219@example.com,Freiburg,DE,35,2012-05-08,low
221,Bruno,Osei,bruno.osei220@example.com,Tucson,US,18,2021-01-19,medium
222,Zara,Renard,zara.renard221@example.com,Hobart,AU,1,2010-05-28,low
223,Solveig,Thorne,solveig.thorne222@example.com,Auckland,NZ,28,2009-02-07,low
224,Claire,Sandoval,claire.sandoval223@example.com,Montpellier,FR,31,2025-11-18,
225,Tom,Iqbal,tom.iqbal224@example.com,Ljubljana,SI,21,2011-02-10,
226,Hugo,Nair,hugo.nair225@example.com,Manchester,GB,30,2016-05-16,
227,Iris,Silva,iris.silva226@example.com,Raleigh,US,21,2008-04-03,
228,Kofi,Sorensen,kofi.sorensen227@example.com,Utrecht,NL,40,2021-02-14,
229,Elena,Silva,elena.silva228@example.com,Bologna,IT,8,2023-07-22,
230,Greta,Lindqvist,greta.lindqvist229@example.com,Tampere,FI,34,2018-01-03,
231,Delphine,Abbott,delphine.abbott230@example.com,Manchester,GB,20,2008-07-07,
232,Tarek,Castellanos,tarek.castellanos231@example.com,Victoria,CA,39,2025-01-23,low
233,Malik,Sandoval,malik.sandoval232@example.com,Bristol,GB,31,2011-05-27,
234,Hugo,Osei,hugo.osei233@example.com,Utrecht,NL,40,2017-12-17,
235,Lars,Halloran,lars.halloran234@example.com,Galway,IE,10,2021-10-23,
236,Lena,Marchetti,lena.marchetti235@example.com,Manchester,GB,7,2020-04-26,
237,Felix,Vogt,felix.vogt236@example.com,Toronto,CA,7,2009-07-25,low
238,Greta,Vance,greta.vance237@example.com,Valencia,ES,15,2024-01-13,
239,Priya,Marchetti,priya.marchetti238@example.com,Valencia,ES,12,2012-02-17,
240,Ben,Cormack,ben.cormack239@example.com,Manchester,GB,28,2021-06-05,
241,Claire,Silva,claire.silva240@example.com,Freiburg,DE,2,2019-10-12,
242,Malik,Quinn,malik.quinn241@example.com,Perth,AU,19,2016-07-21,
243,Bruno,Halloran,bruno.halloran242@example.com,Norwich,GB,22,2022-09-26,
244,Signe,Beaumont,signe.beaumont243@example.com,Montpellier,FR,33,2019-03-08,
245,Dmitri,Frost,dmitri.frost244@example.com,Victoria,CA,10,2022-04-14,low
246,Ana,Mensah,ana.mensah245@example.com,Victoria,CA,10,2008-07-09,
247,Camille,Nair,camille.nair246@example.com,Uppsala,SE,29,2020-11-10,
248,Kwame,Ferreira,kwame.ferreira247@example.com,Auckland,NZ,4,2008-04-21,
249,Signe,Frost,signe.frost248@example.com,Aarhus,DK,5,2023-07-23,
250,Jonas,Osei,jonas.osei249@example.com,Manchester,GB,2,2010-05-03,
251,Tobias,Park,tobias.park250@example.com,Valencia,ES,11,2014-02-13,
252,Lars,Bauer,lars.bauer251@example.com,Hobart,AU,34,2016-01-01,
253,Wren,Achebe,wren.achebe252@example.com,Leipzig,DE,11,2025-01-27,
254,Rosa,Ferreira,rosa.ferreira253@example.com,Portland,US,33,2008-02-06,low
255,Sara,Dubois,sara.dubois254@example.com,Hobart,AU,19,2015-02-05,medium
256,Yuki,Lindqvist,yuki.lindqvist255@example.com,Denver,US,36,2025-01-12,
257,Amara,Lindqvist,amara.lindqvist256@example.com,Freiburg,DE,13,2019-06-21,
258,Raj,Cole,raj.cole257@example.com,Leipzig,DE,28,2015-06-20,medium
259,Nora,Solberg,nora.solberg258@example.com,Cork,IE,20,2008-07-06,low
260,Viktor,Dubois,viktor.dubois259@example.com,Utrecht,NL,22,2011-04-11,medium
261,Hana,Ueda,hana.ueda260@example.com,Adelaide,AU,18,2023-05-06,
262,Emeka,Zamora,emeka.zamora261@example.com,Denver,US,26,2012-02-09,low
263,Rosa,Delgado,rosa.delgado262@example.com,Sheffield,GB,10,2018-09-05,
264,Elena,Vogt,elena.vogt263@example.com,Dunedin,NZ,19,2025-02-26,
265,Felix,Whitfield,felix.whitfield264@example.com,Perth,AU,8,2013-04-04,
266,Amara,Vogt,amara.vogt265@example.com,Victoria,CA,12,2010-08-09,
267,Greta,Vogt,greta.vogt266@example.com,Bologna,IT,32,2020-10-07,low
268,Ingrid,Halloran,ingrid.halloran267@example.com,Denver,US,34,2009-06-07,medium
269,Signe,Kowalski,signe.kowalski268@example.com,Adelaide,AU,20,2013-12-13,low
270,Viktor,Fischer,viktor.fischer269@example.com,Utrecht,NL,13,2025-11-02,medium
271,Anton,Cormack,anton.cormack270@example.com,Uppsala,SE,39,2013-09-17,low
272,Sofia,Bauer,sofia.bauer271@example.com,Porto,PT,6,2021-06-24,low
273,Iris,Nair,iris.nair272@example.com,Cork,IE,2,2011-04-21,
274,Ciara,Ricci,ciara.ricci273@example.com,Nantes,FR,31,2016-12-19,
275,Kofi,Ellery,kofi.ellery274@example.com,Victoria,CA,38,2023-05-13,
276,Ben,Diaz,ben.diaz275@example.com,Tampere,FI,11,2020-03-25,
277,Nadia,Delgado,nadia.delgado276@example.com,Utrecht,NL,4,2024-02-09,low
278,Jon,Haddad,jon.haddad277@example.com,Portland,US,14,2019-01-17,
279,Tobias,Osei,tobias.osei278@example.com,Victoria,CA,13,2013-09-26,
280,Leila,Ferreira,leila.ferreira279@example.com,Freiburg,DE,1,2021-02-10,
281,Andres,Silva,andres.silva280@example.com,Valencia,ES,28,2013-11-22,
282,Tom,Larsen,tom.larsen281@example.com,Aarhus,DK,3,2010-09-01,
283,Rafael,Sandoval,rafael.sandoval282@example.com,Porto,PT,40,2021-05-04,
284,Leila,Reed,leila.reed283@example.com,Cork,IE,8,2019-05-12,
285,Eli,Haddad,eli.haddad284@example.com,Leipzig,DE,20,2025-08-10,
286,Josefina,Petrov,josefina.petrov285@example.com,Portland,US,39,2009-06-10,medium
287,Leila,Baptiste,leila.baptiste286@example.com,Montpellier,FR,11,2009-05-25,
288,Signe,Iqbal,signe.iqbal287@example.com,Freiburg,DE,38,2021-04-13,medium
289,Mateo,Delgado,mateo.delgado288@example.com,Cork,IE,11,2013-04-04,
290,Wren,Zamora,wren.zamora289@example.com,Ljubljana,SI,34,2020-07-08,
291,Marta,Ibrahim,marta.ibrahim290@example.com,Toronto,CA,38,2013-12-23,
292,Esme,Solberg,esme.solberg291@example.com,Denver,US,8,2011-06-22,low
293,Zara,Nakamura,zara.nakamura292@example.com,Aarhus,DK,39,2017-06-21,
294,Eli,Nyberg,eli.nyberg293@example.com,Raleigh,US,39,2021-11-22,
295,Kiran,Kaur,kiran.kaur294@example.com,Perth,AU,10,2017-07-26,high
296,Alma,Silva,alma.silva295@example.com,Victoria,CA,17,2013-08-08,low
297,Nell,Bauer,nell.bauer296@example.com,Aarhus,DK,21,2022-11-23,
298,Ciara,Voss,ciara.voss297@example.com,Dunedin,NZ,12,2010-04-19,high
299,Signe,Vogt,signe.vogt298@example.com,Ljubljana,SI,5,2016-04-09,medium
300,Jonas,Beaumont,jonas.beaumont299@example.com,Portland,US,31,2008-10-06,high
301,Leila,Reed,leila.reed300@example.com,Halifax,CA,11,2024-11-13,low
302,Sofia,Cole,sofia.cole301@example.com,Perth,AU,9,2011-10-01,
303,Jonas,Dubois,jonas.dubois302@example.com,Bristol,GB,28,2013-04-22,
304,Kofi,Cole,kofi.cole303@example.com,Tucson,US,23,2024-06-07,
305,Viktor,Whitfield,viktor.whitfield304@example.com,Adelaide,AU,18,2021-04-21,
306,Greta,Nakamura,greta.nakamura305@example.com,Utrecht,NL,20,2023-06-07,
307,Ravi,Wexler,ravi.wexler306@example.com,Austin,US,25,2024-05-02,
308,Ciara,Beaumont,ciara.beaumont307@example.com,Montpellier,FR,39,2019-03-23,low
309,Samir,Beaumont,samir.beaumont308@example.com,Uppsala,SE,40,2017-03-28,
310,Nell,Reed,nell.reed309@example.com,Uppsala,SE,38,2010-07-27,
311,Claire,Cormack,claire.cormack310@example.com,Bristol,GB,20,2020-09-21,
312,Andres,Achebe,andres.achebe311@example.com,Adelaide,AU,32,2011-08-11,high
313,Hugo,Sorensen,hugo.sorensen312@example.com,Ljubljana,SI,20,2016-09-18,low
314,Bianca,Whitfield,bianca.whitfield313@example.com,Portland,US,16,2011-04-12,medium
315,Greta,Marchetti,greta.marchetti314@example.com,Bologna,IT,24,2013-04-26,
316,Elena,Ferreira,elena.ferreira315@example.com,Victoria,CA,7,2008-07-08,
317,Jonas,Ueda,jonas.ueda316@example.com,Aarhus,DK,38,2017-02-25,low
318,Solveig,Nair,solveig.nair317@example.com,Cork,IE,21,2020-03-01,
319,Claire,Silva,claire.silva318@example.com,Denver,US,19,2018-04-25,medium
320,Ingrid,Nair,ingrid.nair319@example.com,Columbus,US,12,2023-10-14,
321,Hana,Baptiste,hana.baptiste320@example.com,Uppsala,SE,7,2012-02-20,low
322,Iris,Tan,iris.tan321@example.com,Norwich,GB,6,2025-03-24,
323,Tom,Solberg,tom.solberg322@example.com,Austin,US,27,2013-12-03,
324,Nora,Wexler,nora.wexler323@example.com,Ljubljana,SI,32,2010-02-12,
325,Nell,Renard,nell.renard324@example.com,Nantes,FR,13,2009-01-04,
326,Ana,Brennan,ana.brennan325@example.com,Uppsala,SE,39,2024-09-08,
327,Anton,Novak,anton.novak326@example.com,Sheffield,GB,13,2019-06-12,
328,Ana,Adeyemi,ana.adeyemi327@example.com,Sheffield,GB,35,2019-08-11,
329,Lena,Kirby,lena.kirby328@example.com,Perth,AU,12,2014-04-12,low
330,Aoife,Quinn,aoife.quinn329@example.com,Hobart,AU,18,2025-05-23,
331,Ingrid,Ashworth,ingrid.ashworth330@example.com,Tampere,FI,12,2013-06-07,
332,Jonas,Vance,jonas.vance331@example.com,Perth,AU,6,2014-12-02,low
333,Mateo,Hale,mateo.hale332@example.com,Bergen,NO,22,2013-12-16,
334,Samir,Quinn,samir.quinn333@example.com,Auckland,NZ,13,2022-10-08,
335,Emeka,Larsen,emeka.larsen334@example.com,Austin,US,34,2021-05-23,
336,Rafael,Quinn,rafael.quinn335@example.com,Uppsala,SE,21,2016-11-16,
337,Lena,Dubois,lena.dubois336@example.com,Leipzig,DE,32,2021-07-02,
338,Amara,Ellery,amara.ellery337@example.com,Montpellier,FR,37,2014-07-28,
339,Esme,Nair,esme.nair338@example.com,Nantes,FR,16,2013-12-11,
340,Nadia,Brennan,nadia.brennan339@example.com,Victoria,CA,38,2014-11-24,
341,Felix,Renard,felix.renard340@example.com,Nantes,FR,38,2010-08-24,
342,Samir,Novak,samir.novak341@example.com,Leipzig,DE,25,2023-08-21,
343,Signe,Mensah,signe.mensah342@example.com,Aarhus,DK,2,2013-11-05,
344,Lars,Dubois,lars.dubois343@example.com,Tampere,FI,25,2017-07-10,low
345,Lena,Quinn,lena.quinn344@example.com,Victoria,CA,35,2024-05-01,
346,Kiran,Rahman,kiran.rahman345@example.com,Hobart,AU,12,2017-09-21,
347,Emeka,Silva,emeka.silva346@example.com,Adelaide,AU,23,2009-03-16,
348,Arjun,Lindqvist,arjun.lindqvist347@example.com,Cork,IE,6,2021-05-22,low
349,Tobias,Vance,tobias.vance348@example.com,Freiburg,DE,2,2018-03-24,
350,Idris,Okafor,idris.okafor349@example.com,Sheffield,GB,31,2019-10-22,high
351,Jon,Delgado,jon.delgado350@example.com,Sheffield,GB,16,2010-04-27,
352,Marta,Ibrahim,marta.ibrahim351@example.com,Hobart,AU,5,2008-01-17,low
353,Tomas,Solberg,tomas.solberg352@example.com,Uppsala,SE,36,2019-05-14,
354,Ana,Vogt,ana.vogt353@example.com,Portland,US,17,2021-10-12,low
355,Samir,Ricci,samir.ricci354@example.com,Freiburg,DE,12,2023-02-27,low
356,Sean,Novak,sean.novak355@example.com,Tucson,US,11,2022-05-02,
357,Nell,Lund,nell.lund356@example.com,Uppsala,SE,24,2010-12-25,high
358,Ben,Shah,ben.shah357@example.com,Groningen,NL,31,2008-03-22,
359,Greta,Voss,greta.voss358@example.com,Perth,AU,19,2017-02-09,
360,Ingrid,Osei,ingrid.osei359@example.com,Uppsala,SE,22,2023-11-27,
361,Emeka,Quinn,emeka.quinn360@example.com,Toronto,CA,38,2011-08-21,
362,Raj,Cole,raj.cole361@example.com,Auckland,NZ,9,2023-07-25,
363,Zara,Brennan,zara.brennan362@example.com,Columbus,US,23,2008-11-22,high
364,Kwame,Adeyemi,kwame.adeyemi363@example.com,Columbus,US,28,2025-03-09,
365,Mateo,Sandoval,mateo.sandoval364@example.com,Auckland,NZ,25,2008-02-18,
366,Hana,Silva,hana.silva365@example.com,Austin,US,3,2009-07-27,
367,Noel,Petrov,noel.petrov366@example.com,Bristol,GB,21,2024-04-02,
368,Nadia,Ashworth,nadia.ashworth367@example.com,Freiburg,DE,34,2013-02-15,high
369,Aoife,Park,aoife.park368@example.com,Bologna,IT,27,2015-07-10,low
370,Ravi,Roy,ravi.roy369@example.com,Bergen,NO,10,2016-12-16,
371,Ben,Wexler,ben.wexler370@example.com,Halifax,CA,39,2021-07-04,
372,Esme,Ricci,esme.ricci371@example.com,Portland,US,20,2022-09-06,medium
373,Zara,Vogt,zara.vogt372@example.com,Raleigh,US,25,2011-02-21,
374,Sara,Cole,sara.cole373@example.com,Galway,IE,20,2022-06-24,
375,Ravi,Achebe,ravi.achebe374@example.com,Montpellier,FR,3,2020-06-03,medium
376,Arjun,Voss,arjun.voss375@example.com,Galway,IE,18,2010-11-03,low
377,Emeka,Thorne,emeka.thorne376@example.com,Austin,US,29,2014-12-20,
378,Lena,Renard,lena.renard377@example.com,Bologna,IT,7,2008-10-10,
379,Samir,Wexler,samir.wexler378@example.com,Nantes,FR,23,2010-08-01,
380,Kwame,Brennan,kwame.brennan379@example.com,Uppsala,SE,3,2013-02-08,
381,Pieter,Beaumont,pieter.beaumont380@example.com,Austin,US,37,2019-10-28,
382,Hana,Beaumont,hana.beaumont381@example.com,Valencia,ES,2,2008-01-13,medium
383,Emeka,Marchetti,emeka.marchetti382@example.com,Galway,IE,2,2016-05-17,
384,Tomas,Rahman,tomas.rahman383@example.com,Dunedin,NZ,40,2018-10-08,
385,Leila,Voss,leila.voss384@example.com,Sheffield,GB,23,2009-07-18,low
386,Arjun,Rossi,arjun.rossi385@example.com,Tampere,FI,39,2015-05-12,low
387,Kofi,Roy,kofi.roy386@example.com,Nantes,FR,18,2020-12-17,
388,Jon,Castellanos,jon.castellanos387@example.com,Montpellier,FR,12,2019-03-08,
389,Viktor,Osei,viktor.osei388@example.com,Ljubljana,SI,8,2021-02-01,
390,Tobias,Lindqvist,tobias.lindqvist389@example.com,Norwich,GB,23,2025-01-11,
391,Priya,Baptiste,priya.baptiste390@example.com,Montpellier,FR,36,2013-02-03,
392,Tarek,Roy,tarek.roy391@example.com,Uppsala,SE,20,2008-01-02,
393,Jon,Rahman,jon.rahman392@example.com,Tampere,FI,7,2020-05-13,
394,Idris,Renard,idris.renard393@example.com,Nantes,FR,15,2025-01-23,
395,Ciara,Larsen,ciara.larsen394@example.com,Nantes,FR,6,2008-06-06,
396,Solveig,Dubois,solveig.dubois395@example.com,Hobart,AU,28,2013-10-21,high
397,Ana,Mwangi,ana.mwangi396@example.com,Freiburg,DE,14,2013-04-14,medium
398,Rafael,Halloran,rafael.halloran397@example.com,Victoria,CA,27,2024-06-25,low
399,Eli,Halloran,eli.halloran398@example.com,Norwich,GB,30,2013-01-01,
400,Andres,Shah,andres.shah399@example.com,Dunedin,NZ,30,2018-10-23,
401,Elena,Cormack,elena.cormack400@example.com,Montpellier,FR,21,2019-01-12,
402,Wren,Brennan,wren.brennan401@example.com,Denver,US,29,2021-09-04,low
403,Kiran,Mwangi,kiran.mwangi402@example.com,Galway,IE,1,2009-10-19,
404,Iris,Iqbal,iris.iqbal403@example.com,Galway,IE,9,2025-12-22,
405,Aoife,Roy,aoife.roy404@example.com,Hobart,AU,17,2015-11-16,
406,Sara,Diaz,sara.diaz405@example.com,Bologna,IT,33,2008-08-01,
407,Fatima,Quinn,fatima.quinn406@example.com,Ljubljana,SI,20,2025-11-06,
408,Delphine,Wexler,delphine.wexler407@example.com,Uppsala,SE,34,2017-05-14,
409,Lena,Mensah,lena.mensah408@example.com,Columbus,US,2,2010-03-12,low
410,Sara,Delgado,sara.delgado409@example.com,Freiburg,DE,36,2015-06-02,
411,Eli,Ashworth,eli.ashworth410@example.com,Tampere,FI,22,2009-06-22,
412,Kwame,Ueda,kwame.ueda411@example.com,Bergen,NO,10,2019-10-03,low
413,Felix,Ashworth,felix.ashworth412@example.com,Austin,US,2,2022-12-14,
414,Josefina,Frost,josefina.frost413@example.com,Galway,IE,40,2016-08-19,
415,Samir,Park,samir.park414@example.com,Sheffield,GB,16,2022-04-15,
416,Idris,Wexler,idris.wexler415@example.com,Raleigh,US,21,2008-10-05,
417,Amara,Ueda,amara.ueda416@example.com,Portland,US,16,2025-07-08,medium
418,Nadia,Park,nadia.park417@example.com,Cork,IE,16,2017-06-07,
419,Kwame,Okafor,kwame.okafor418@example.com,Aarhus,DK,5,2020-04-04,
420,Leila,Kirby,leila.kirby419@example.com,Nantes,FR,27,2024-06-18,
421,Viktor,Nakamura,viktor.nakamura420@example.com,Sheffield,GB,28,2025-10-11,low
422,Solveig,Moreau,solveig.moreau421@example.com,Sheffield,GB,20,2016-11-26,
423,Esme,Solberg,esme.solberg422@example.com,Manchester,GB,27,2020-03-02,medium
424,Emeka,Lindqvist,emeka.lindqvist423@example.com,Groningen,NL,2,2021-01-14,medium
425,Camille,Cormack,camille.cormack424@example.com,Tucson,US,12,2018-09-22,
426,Yuki,Ashworth,yuki.ashworth425@example.com,Porto,PT,40,2009-09-28,
427,Eli,Zamora,eli.zamora426@example.com,Utrecht,NL,40,2015-06-24,low
428,Sara,Ibrahim,sara.ibrahim427@example.com,Bristol,GB,34,2011-02-17,
429,Pieter,Moreau,pieter.moreau428@example.com,Halifax,CA,8,2011-06-03,
430,Ravi,Farrow,ravi.farrow429@example.com,Portland,US,11,2008-06-16,
431,Amara,Kowalski,amara.kowalski430@example.com,Raleigh,US,36,2018-09-12,
432,Malik,Bergstrom,malik.bergstrom431@example.com,Cork,IE,14,2020-06-04,low
433,Ana,Ferreira,ana.ferreira432@example.com,Halifax,CA,31,2014-09-27,
434,Ben,Cormack,ben.cormack433@example.com,Auckland,NZ,40,2010-09-17,
435,Amara,Nair,amara.nair434@example.com,Cork,IE,10,2010-06-28,
436,Lars,Ueda,lars.ueda435@example.com,Manchester,GB,31,2024-05-15,medium
437,Sofia,Zamora,sofia.zamora436@example.com,Porto,PT,3,2020-12-12,
438,Nadia,Ricci,nadia.ricci437@example.com,Auckland,NZ,18,2025-02-26,
439,Tom,Abbott,tom.abbott438@example.com,Tampere,FI,34,2011-12-28,
440,Malik,Adeyemi,malik.adeyemi439@example.com,Bristol,GB,23,2011-06-27,low
441,Nell,Zamora,nell.zamora440@example.com,Bristol,GB,13,2008-09-03,
442,Josefina,Ibrahim,josefina.ibrahim441@example.com,Valencia,ES,8,2019-10-17,medium
443,Kiran,Silva,kiran.silva442@example.com,Auckland,NZ,22,2020-02-25,
444,Ciara,Adeyemi,ciara.adeyemi443@example.com,Halifax,CA,30,2013-06-21,
445,Priya,Ueda,priya.ueda444@example.com,Victoria,CA,22,2014-07-19,
446,Ben,Fischer,ben.fischer445@example.com,Norwich,GB,1,2025-08-08,
447,Fatima,Marchetti,fatima.marchetti446@example.com,Bristol,GB,32,2008-05-08,
448,Tom,Solberg,tom.solberg447@example.com,Victoria,CA,15,2008-08-26,
449,Raj,Park,raj.park448@example.com,Austin,US,13,2025-04-15,
450,Bruno,Silva,bruno.silva449@example.com,Halifax,CA,13,2024-01-05,
451,Iris,Frost,iris.frost450@example.com,Raleigh,US,14,2018-04-25,
452,Anton,Marchetti,anton.marchetti451@example.com,Utrecht,NL,9,2024-06-08,high
453,Noel,Osei,noel.osei452@example.com,Aarhus,DK,12,2017-08-07,
454,Wren,Kaur,wren.kaur453@example.com,Montpellier,FR,26,2018-01-27,
455,Fatima,Beaumont,fatima.beaumont454@example.com,Uppsala,SE,27,2024-02-10,low
456,Nora,Bergstrom,nora.bergstrom455@example.com,Denver,US,9,2011-01-13,medium
457,Amara,Renard,amara.renard456@example.com,Perth,AU,25,2024-01-27,high
458,Esme,Whitfield,esme.whitfield457@example.com,Ljubljana,SI,4,2008-06-13,
459,Tarek,Okafor,tarek.okafor458@example.com,Aarhus,DK,36,2008-01-14,
460,Delphine,Fischer,delphine.fischer459@example.com,Toronto,CA,12,2011-02-14,high
461,Anton,Renard,anton.renard460@example.com,Ljubljana,SI,30,2022-11-18,
462,Camille,Kowalski,camille.kowalski461@example.com,Utrecht,NL,22,2011-08-10,low
463,Arjun,Park,arjun.park462@example.com,Groningen,NL,6,2017-05-22,
464,Samir,Bauer,samir.bauer463@example.com,Halifax,CA,3,2017-05-27,
465,Tarek,Shah,tarek.shah464@example.com,Toronto,CA,27,2024-11-18,
466,Rafael,Thorne,rafael.thorne465@example.com,Tampere,FI,9,2016-07-06,
467,Claire,Ellery,claire.ellery466@example.com,Aarhus,DK,15,2019-02-05,high
468,Wren,Quinn,wren.quinn467@example.com,Uppsala,SE,3,2016-04-02,
469,Josefina,Ferreira,josefina.ferreira468@example.com,Dunedin,NZ,35,2020-09-14,
470,Josefina,Vogt,josefina.vogt469@example.com,Hobart,AU,34,2016-09-11,
471,Sofia,Sorensen,sofia.sorensen470@example.com,Victoria,CA,14,2009-11-21,
472,Josefina,Fischer,josefina.fischer471@example.com,Raleigh,US,20,2021-01-01,low
473,Signe,Silva,signe.silva472@example.com,Auckland,NZ,9,2015-09-20,
474,Esme,Ellery,esme.ellery473@example.com,Hobart,AU,10,2012-03-13,high
475,Lena,Quinn,lena.quinn474@example.com,Uppsala,SE,35,2009-08-04,
476,Yuki,Nakamura,yuki.nakamura475@example.com,Ljubljana,SI,11,2008-06-19,
477,Bruno,Ferreira,bruno.ferreira476@example.com,Perth,AU,10,2018-04-22,
478,Iris,Whitfield,iris.whitfield477@example.com,Tucson,US,37,2010-02-05,
479,Leila,Nakamura,leila.nakamura478@example.com,Austin,US,39,2015-11-20,
480,Kiran,Dubois,kiran.dubois479@example.com,Raleigh,US,18,2011-01-10,
481,Omar,Vance,omar.vance480@example.com,Norwich,GB,35,2008-09-26,low
482,Elena,Rahman,elena.rahman481@example.com,Bristol,GB,14,2018-12-12,
483,Ben,Kowalski,ben.kowalski482@example.com,Bologna,IT,30,2023-07-22,
484,Hana,Wexler,hana.wexler483@example.com,Sheffield,GB,34,2016-12-19,
485,Arjun,Whitfield,arjun.whitfield484@example.com,Freiburg,DE,39,2010-11-27,low
486,Samir,Silva,samir.silva485@example.com,Manchester,GB,34,2011-07-19,
487,Emeka,Adeyemi,emeka.adeyemi486@example.com,Ljubljana,SI,6,2021-07-20,
488,Wren,Voss,wren.voss487@example.com,Bergen,NO,10,2017-03-19,medium
489,Anton,Ibrahim,anton.ibrahim488@example.com,Tampere,FI,17,2018-12-18,low
490,Ravi,Hale,ravi.hale489@example.com,Austin,US,6,2025-09-10,
491,Claire,Thorne,claire.thorne490@example.com,Toronto,CA,4,2008-05-03,
492,Alma,Ashworth,alma.ashworth491@example.com,Manchester,GB,7,2012-06-14,high
493,Esme,Larsen,esme.larsen492@example.com,Perth,AU,12,2018-07-08,
494,Omar,Whitfield,omar.whitfield493@example.com,Auckland,NZ,10,2018-02-26,low
495,Ingrid,Sandoval,ingrid.sandoval494@example.com,Austin,US,8,2020-08-23,
496,Elena,Nyberg,elena.nyberg495@example.com,Norwich,GB,3,2019-02-01,
497,Ingrid,Marchetti,ingrid.marchetti496@example.com,Hobart,AU,30,2016-11-12,
498,Ciara,Ferreira,ciara.ferreira497@example.com,Auckland,NZ,26,2023-01-15,
499,Nadia,Zamora,nadia.zamora498@example.com,Halifax,CA,25,2019-09-01,
500,Nell,Reed,nell.reed499@example.com,Porto,PT,28,2014-02-18,
501,Omar,Whitfield,omar.whitfield500@example.com,Groningen,NL,21,2009-12-17,
502,Idris,Ellery,idris.ellery501@example.com,Tucson,US,23,2023-05-21,
503,Kwame,Roy,kwame.roy502@example.com,Groningen,NL,24,2019-10-08,
504,Eli,Novak,eli.novak503@example.com,Porto,PT,21,2015-12-04,
505,Priya,Whitfield,priya.whitfield504@example.com,Tucson,US,36,2016-09-12,low
506,Leila,Frost,leila.frost505@example.com,Perth,AU,21,2018-08-06,
507,Hana,Vance,hana.vance506@example.com,Montpellier,FR,28,2022-01-16,
508,Felix,Shah,felix.shah507@example.com,Uppsala,SE,40,2019-07-16,
509,Aoife,Iqbal,aoife.iqbal508@example.com,Manchester,GB,39,2025-10-02,
510,Eli,Ueda,eli.ueda509@example.com,Raleigh,US,10,2009-03-04,
511,Bruno,Okafor,bruno.okafor510@example.com,Nantes,FR,16,2023-09-19,
512,Wren,Okafor,wren.okafor511@example.com,Utrecht,NL,31,2009-05-20,
513,Hana,Ibrahim,hana.ibrahim512@example.com,Bristol,GB,1,2017-07-15,
514,Felix,Sandoval,felix.sandoval513@example.com,Leipzig,DE,9,2013-05-16,
515,Elena,Zamora,elena.zamora514@example.com,Uppsala,SE,5,2021-07-21,
516,Sofia,Hale,sofia.hale515@example.com,Groningen,NL,32,2019-10-06,
517,Ciara,Brennan,ciara.brennan516@example.com,Bologna,IT,28,2008-03-23,
518,Josefina,Ferreira,josefina.ferreira517@example.com,Porto,PT,11,2016-01-06,
519,Ravi,Mensah,ravi.mensah518@example.com,Manchester,GB,10,2018-04-10,low
520,Ben,Silva,ben.silva519@example.com,Leipzig,DE,30,2023-02-20,
521,Emeka,Rossi,emeka.rossi520@example.com,Nantes,FR,22,2016-01-24,medium
522,Sofia,Lindqvist,sofia.lindqvist521@example.com,Raleigh,US,26,2017-12-14,low
523,Signe,Thorne,signe.thorne522@example.com,Cork,IE,22,2008-02-25,medium
524,Dmitri,Castellanos,dmitri.castellanos523@example.com,Columbus,US,34,2014-06-10,
525,Solveig,Bauer,solveig.bauer524@example.com,Cork,IE,19,2019-01-26,
526,Esme,Kowalski,esme.kowalski525@example.com,Dunedin,NZ,19,2008-01-28,
527,Zara,Park,zara.park526@example.com,Bologna,IT,30,2014-07-06,
528,Ana,Iqbal,ana.iqbal527@example.com,Auckland,NZ,36,2015-05-23,
529,Rosa,Vance,rosa.vance528@example.com,Bristol,GB,6,2023-07-19,low
530,Elena,Delgado,elena.delgado529@example.com,Valencia,ES,36,2025-12-25,low
531,Felix,Rossi,felix.rossi530@example.com,Auckland,NZ,26,2025-05-11,low
532,Amara,Farrow,amara.farrow531@example.com,Tucson,US,30,2022-05-20,
533,Kwame,Bauer,kwame.bauer532@example.com,Groningen,NL,5,2020-02-13,
534,Ciara,Mwangi,ciara.mwangi533@example.com,Aarhus,DK,26,2016-09-14,
535,Sean,Novak,sean.novak534@example.com,Austin,US,12,2023-03-21,
536,Hugo,Rossi,hugo.rossi535@example.com,Aarhus,DK,21,2021-07-11,low
537,Tomas,Ellery,tomas.ellery536@example.com,Norwich,GB,9,2008-08-02,medium
538,Eli,Haddad,eli.haddad537@example.com,Denver,US,21,2022-02-04,
539,Ravi,Lund,ravi.lund538@example.com,Nantes,FR,21,2022-12-19,
540,Pieter,Adeyemi,pieter.adeyemi539@example.com,Hobart,AU,10,2018-04-08,
541,Bianca,Kowalski,bianca.kowalski540@example.com,Adelaide,AU,5,2018-01-19,
542,Arjun,Roy,arjun.roy541@example.com,Bologna,IT,30,2019-01-22,
543,Nora,Castellanos,nora.castellanos542@example.com,Nantes,FR,36,2024-04-18,
544,Bruno,Ricci,bruno.ricci543@example.com,Ljubljana,SI,12,2025-08-22,
545,Delphine,Iqbal,delphine.iqbal544@example.com,Hobart,AU,21,2024-04-27,
546,Ciara,Kaur,ciara.kaur545@example.com,Toronto,CA,26,2009-11-02,low
547,Elena,Lund,elena.lund546@example.com,Tampere,FI,3,2015-02-24,
548,Nell,Nakamura,nell.nakamura547@example.com,Tucson,US,22,2011-07-16,
549,Anton,Rahman,anton.rahman548@example.com,Auckland,NZ,27,2024-08-11,
550,Hana,Ashworth,hana.ashworth549@example.com,Leipzig,DE,34,2020-04-03,
551,Greta,Shah,greta.shah550@example.com,Portland,US,14,2017-02-11,medium
552,Kofi,Fischer,kofi.fischer551@example.com,Perth,AU,9,2015-01-07,
553,Ravi,Larsen,ravi.larsen552@example.com,Utrecht,NL,38,2016-03-18,
554,Zara,Ferreira,zara.ferreira553@example.com,Toronto,CA,35,2015-11-28,high
555,Sara,Cormack,sara.cormack554@example.com,Raleigh,US,15,2017-12-22,
556,Lena,Solberg,lena.solberg555@example.com,Uppsala,SE,24,2013-06-10,
557,Raj,Vogt,raj.vogt556@example.com,Dunedin,NZ,7,2023-08-20,
558,Rosa,Okafor,rosa.okafor557@example.com,Freiburg,DE,11,2024-12-05,
559,Ingrid,Renard,ingrid.renard558@example.com,Portland,US,25,2024-08-19,
560,Tomas,Tan,tomas.tan559@example.com,Denver,US,39,2020-08-26,
561,Tomas,Frost,tomas.frost560@example.com,Austin,US,28,2016-07-17,low
562,Kofi,Renard,kofi.renard561@example.com,Hobart,AU,5,2023-09-08,low
563,Tomas,Iqbal,tomas.iqbal562@example.com,Cork,IE,14,2011-05-22,
564,Sofia,Tan,sofia.tan563@example.com,Auckland,NZ,14,2011-02-12,high
565,Felix,Baptiste,felix.baptiste564@example.com,Austin,US,11,2017-08-04,
566,Tom,Lindqvist,tom.lindqvist565@example.com,Dunedin,NZ,16,2008-01-05,low
567,Tobias,Kowalski,tobias.kowalski566@example.com,Groningen,NL,1,2013-09-25,
568,Tomas,Mwangi,tomas.mwangi567@example.com,Galway,IE,2,2014-07-14,
569,Leila,Tan,leila.tan568@example.com,Halifax,CA,25,2025-09-10,
570,Claire,Reed,claire.reed569@example.com,Nantes,FR,3,2015-08-20,
571,Bianca,Nair,bianca.nair570@example.com,Nantes,FR,12,2017-10-18,medium
572,Ravi,Bauer,ravi.bauer571@example.com,Columbus,US,32,2008-09-02,
573,Amara,Beaumont,amara.beaumont572@example.com,Porto,PT,21,2011-05-09,
574,Leila,Frost,leila.frost573@example.com,Perth,AU,39,2024-06-02,low
575,Ravi,Dubois,ravi.dubois574@example.com,Sheffield,GB,7,2016-07-27,medium
576,Maya,Lindqvist,maya.lindqvist575@example.com,Nantes,FR,21,2024-11-07,low
577,Priya,Thorne,priya.thorne576@example.com,Austin,US,20,2008-02-09,
578,Omar,Abbott,omar.abbott577@example.com,Perth,AU,5,2012-11-28,
579,Arjun,Osei,arjun.osei578@example.com,Montpellier,FR,12,2022-02-10,
580,Tom,Reed,tom.reed579@example.com,Columbus,US,39,2011-06-08,
581,Aoife,Nair,aoife.nair580@example.com,Bergen,NO,3,2017-03-06,medium
582,Ben,Voss,ben.voss581@example.com,Sheffield,GB,17,2017-04-01,low
583,Claire,Kaur,claire.kaur582@example.com,Portland,US,29,2019-02-23,
584,Anton,Kowalski,anton.kowalski583@example.com,Norwich,GB,40,2021-11-18,
585,Priya,Voss,priya.voss584@example.com,Portland,US,36,2015-09-11,
586,Alma,Okafor,alma.okafor585@example.com,Valencia,ES,6,2017-11-02,low
587,Josefina,Farrow,josefina.farrow586@example.com,Montpellier,FR,18,2014-02-15,
588,Ana,Bauer,ana.bauer587@example.com,Groningen,NL,25,2014-08-24,
589,Kiran,Quinn,kiran.quinn588@example.com,Halifax,CA,22,2010-09-03,
590,Nadia,Rahman,nadia.rahman589@example.com,Perth,AU,16,2013-03-10,low
591,Omar,Kaur,omar.kaur590@example.com,Bristol,GB,28,2024-05-20,low
592,Nadia,Lund,nadia.lund591@example.com,Montpellier,FR,12,2008-02-02,
593,Rosa,Fischer,rosa.fischer592@example.com,Dunedin,NZ,17,2012-05-09,low
594,Tarek,Adeyemi,tarek.adeyemi593@example.com,Bergen,NO,26,2017-08-16,
595,Maya,Cormack,maya.cormack594@example.com,Norwich,GB,40,2011-12-07,
596,Delphine,Petrov,delphine.petrov595@example.com,Utrecht,NL,31,2015-06-12,
597,Leila,Voss,leila.voss596@example.com,Nantes,FR,18,2021-02-20,
598,Sara,Bergstrom,sara.bergstrom597@example.com,Dunedin,NZ,31,2008-12-13,
599,Pieter,Nakamura,pieter.nakamura598@example.com,Groningen,NL,18,2008-12-21,low
600,Malik,Moreau,malik.moreau599@example.com,Porto,PT,20,2013-12-22,
601,Zara,Cormack,zara.cormack600@example.com,Montpellier,FR,13,2015-03-23,
602,Andres,Sorensen,andres.sorensen601@example.com,Manchester,GB,37,2025-10-13,low
603,Kwame,Silva,kwame.silva602@example.com,Cork,IE,13,2016-09-11,low
604,Sofia,Ibrahim,sofia.ibrahim603@example.com,Victoria,CA,10,2014-04-22,
605,Samir,Kowalski,samir.kowalski604@example.com,Bergen,NO,40,2018-06-08,
606,Jon,Silva,jon.silva605@example.com,Manchester,GB,3,2024-07-06,low
607,Kiran,Delgado,kiran.delgado606@example.com,Austin,US,4,2012-07-27,low
608,Ana,Tan,ana.tan607@example.com,Hobart,AU,40,2016-10-01,medium
609,Bruno,Iqbal,bruno.iqbal608@example.com,Bergen,NO,6,2025-10-11,
610,Anton,Haddad,anton.haddad609@example.com,Nantes,FR,22,2024-06-16,
611,Pieter,Bauer,pieter.bauer610@example.com,Dunedin,NZ,28,2020-02-16,low
612,Andres,Baptiste,andres.baptiste611@example.com,Dunedin,NZ,39,2013-01-25,
613,Zara,Ueda,zara.ueda612@example.com,Auckland,NZ,27,2013-03-24,high
614,Leila,Ashworth,leila.ashworth613@example.com,Denver,US,27,2023-11-11,
615,Kiran,Okafor,kiran.okafor614@example.com,Halifax,CA,14,2025-03-13,
616,Felix,Mensah,felix.mensah615@example.com,Freiburg,DE,18,2021-10-28,
617,Nadia,Rahman,nadia.rahman616@example.com,Columbus,US,2,2008-06-22,medium
618,Rosa,Cormack,rosa.cormack617@example.com,Hobart,AU,14,2016-08-26,
619,Greta,Moreau,greta.moreau618@example.com,Bristol,GB,14,2025-09-07,
620,Rosa,Iqbal,rosa.iqbal619@example.com,Norwich,GB,38,2021-08-07,low
621,Leila,Larsen,leila.larsen620@example.com,Valencia,ES,34,2016-11-13,
622,Priya,Baptiste,priya.baptiste621@example.com,Toronto,CA,24,2022-07-20,
623,Jon,Achebe,jon.achebe622@example.com,Hobart,AU,10,2019-12-18,medium
624,Omar,Ferreira,omar.ferreira623@example.com,Denver,US,8,2024-01-01,
625,Pieter,Achebe,pieter.achebe624@example.com,Victoria,CA,35,2008-05-11,
626,Yuki,Ueda,yuki.ueda625@example.com,Porto,PT,18,2012-08-18,
627,Raj,Kaur,raj.kaur626@example.com,Ljubljana,SI,13,2010-04-15,
628,Amara,Dubois,amara.dubois627@example.com,Aarhus,DK,38,2012-01-21,
629,Rafael,Kirby,rafael.kirby628@example.com,Austin,US,1,2021-12-25,
630,Claire,Achebe,claire.achebe629@example.com,Toronto,CA,24,2008-01-11,
631,Ingrid,Beaumont,ingrid.beaumont630@example.com,Valencia,ES,21,2008-01-07,
632,Wren,Halloran,wren.halloran631@example.com,Toronto,CA,35,2024-01-09,low
633,Sean,Wexler,sean.wexler632@example.com,Adelaide,AU,12,2019-06-11,low
634,Nell,Ibrahim,nell.ibrahim633@example.com,Tampere,FI,6,2013-04-28,
635,Ingrid,Okafor,ingrid.okafor634@example.com,Bologna,IT,35,2017-02-25,
636,Ciara,Whitfield,ciara.whitfield635@example.com,Freiburg,DE,5,2018-06-17,
637,Tomas,Voss,tomas.voss636@example.com,Montpellier,FR,33,2008-09-06,low
638,Felix,Zamora,felix.zamora637@example.com,Victoria,CA,37,2023-02-03,low
639,Elena,Nyberg,elena.nyberg638@example.com,Utrecht,NL,18,2019-07-12,
640,Emeka,Reed,emeka.reed639@example.com,Ljubljana,SI,18,2009-11-22,
641,Elena,Ueda,elena.ueda640@example.com,Tampere,FI,15,2016-09-28,
642,Bruno,Roy,bruno.roy641@example.com,Raleigh,US,7,2010-11-13,
643,Bianca,Rossi,bianca.rossi642@example.com,Adelaide,AU,15,2015-09-24,
644,Sofia,Kaur,sofia.kaur643@example.com,Bologna,IT,18,2017-04-18,
645,Delphine,Castellanos,delphine.castellanos644@example.com,Cork,IE,36,2013-09-19,
646,Emeka,Diaz,emeka.diaz645@example.com,Cork,IE,10,2010-04-07,
647,Yuki,Delgado,yuki.delgado646@example.com,Uppsala,SE,40,2015-12-24,
648,Wren,Vance,wren.vance647@example.com,Tucson,US,30,2010-08-24,
649,Wren,Ueda,wren.ueda648@example.com,Adelaide,AU,28,2020-09-24,
650,Hana,Lindqvist,hana.lindqvist649@example.com,Sheffield,GB,31,2025-01-09,medium
651,Mateo,Roy,mateo.roy650@example.com,Norwich,GB,3,2015-09-03,
652,Ingrid,Delgado,ingrid.delgado651@example.com,Raleigh,US,7,2025-08-24,
653,Elena,Wexler,elena.wexler652@example.com,Halifax,CA,5,2010-08-12,
654,Pieter,Renard,pieter.renard653@example.com,Norwich,GB,5,2015-03-03,
655,Claire,Abbott,claire.abbott654@example.com,Auckland,NZ,13,2014-12-17,
656,Noel,Ueda,noel.ueda655@example.com,Dunedin,NZ,9,2020-01-26,
657,Jon,Quinn,jon.quinn656@example.com,Dunedin,NZ,23,2017-07-27,
658,Eli,Halloran,eli.halloran657@example.com,Manchester,GB,10,2011-02-17,
659,Tomas,Baptiste,tomas.baptiste658@example.com,Galway,IE,30,2021-07-07,
660,Iris,Moreau,iris.moreau659@example.com,Perth,AU,6,2017-02-27,
661,Nell,Roy,nell.roy660@example.com,Denver,US,12,2013-01-01,
662,Sean,Reed,sean.reed661@example.com,Porto,PT,17,2019-01-16,
663,Marta,Nair,marta.nair662@example.com,Portland,US,13,2025-11-11,
664,Iris,Achebe,iris.achebe663@example.com,Toronto,CA,13,2024-03-07,
665,Dmitri,Roy,dmitri.roy664@example.com,Hobart,AU,17,2016-06-04,
666,Arjun,Adeyemi,arjun.adeyemi665@example.com,Toronto,CA,34,2023-05-04,low
667,Eli,Nyberg,eli.nyberg666@example.com,Sheffield,GB,6,2008-04-20,
668,Andres,Ueda,andres.ueda667@example.com,Bergen,NO,40,2011-12-15,
669,Esme,Voss,esme.voss668@example.com,Aarhus,DK,5,2011-05-24,
670,Andres,Sorensen,andres.sorensen669@example.com,Montpellier,FR,14,2019-08-27,
671,Jonas,Okafor,jonas.okafor670@example.com,Raleigh,US,25,2008-09-18,
672,Alma,Ricci,alma.ricci671@example.com,Bergen,NO,21,2009-01-04,
673,Tom,Kowalski,tom.kowalski672@example.com,Groningen,NL,23,2016-03-17,
674,Kwame,Nakamura,kwame.nakamura673@example.com,Nantes,FR,30,2011-11-10,
675,Anton,Achebe,anton.achebe674@example.com,Raleigh,US,11,2017-07-11,
676,Ciara,Kirby,ciara.kirby675@example.com,Montpellier,FR,40,2016-09-28,
677,Yuki,Novak,yuki.novak676@example.com,Groningen,NL,35,2009-05-11,
678,Jonas,Lund,jonas.lund677@example.com,Denver,US,16,2009-10-17,low
679,Rafael,Haddad,rafael.haddad678@example.com,Uppsala,SE,31,2018-02-05,
680,Aoife,Sorensen,aoife.sorensen679@example.com,Halifax,CA,28,2016-06-13,
681,Aoife,Osei,aoife.osei680@example.com,Utrecht,NL,31,2008-05-21,
682,Rosa,Thorne,rosa.thorne681@example.com,Columbus,US,40,2021-07-26,
683,Sean,Thorne,sean.thorne682@example.com,Perth,AU,6,2024-12-25,low
684,Bruno,Larsen,bruno.larsen683@example.com,Utrecht,NL,6,2022-04-19,
685,Delphine,Haddad,delphine.haddad684@example.com,Montpellier,FR,31,2020-10-16,
686,Rafael,Moreau,rafael.moreau685@example.com,Portland,US,18,2011-06-03,
687,Amara,Mensah,amara.mensah686@example.com,Perth,AU,18,2023-12-23,low
688,Ana,Ricci,ana.ricci687@example.com,Leipzig,DE,32,2020-11-27,low
689,Dmitri,Castellanos,dmitri.castellanos688@example.com,Aarhus,DK,6,2010-09-11,
690,Eli,Hale,eli.hale689@example.com,Bologna,IT,10,2009-03-23,
691,Wren,Ashworth,wren.ashworth690@example.com,Victoria,CA,23,2016-11-17,
692,Josefina,Bergstrom,josefina.bergstrom691@example.com,Dunedin,NZ,25,2021-03-22,
693,Pieter,Halloran,pieter.halloran692@example.com,Toronto,CA,16,2011-06-16,
694,Esme,Adeyemi,esme.adeyemi693@example.com,Denver,US,8,2025-03-05,
695,Rafael,Cormack,rafael.cormack694@example.com,Montpellier,FR,20,2013-09-16,low
696,Eli,Novak,eli.novak695@example.com,Columbus,US,33,2022-06-23,
697,Elena,Sandoval,elena.sandoval696@example.com,Nantes,FR,18,2021-11-08,
698,Elena,Mensah,elena.mensah697@example.com,Columbus,US,21,2013-03-10,
699,Viktor,Beaumont,viktor.beaumont698@example.com,Galway,IE,3,2012-08-04,
700,Alma,Voss,alma.voss699@example.com,Ljubljana,SI,32,2010-04-19,medium
701,Ben,Vance,ben.vance700@example.com,Victoria,CA,26,2008-01-03,
702,Omar,Ricci,omar.ricci701@example.com,Adelaide,AU,26,2008-09-26,
703,Maya,Frost,maya.frost702@example.com,Victoria,CA,21,2011-04-05,
704,Rosa,Vance,rosa.vance703@example.com,Tucson,US,29,2013-12-19,low
705,Solveig,Moreau,solveig.moreau704@example.com,Norwich,GB,25,2008-04-13,
706,Ben,Quinn,ben.quinn705@example.com,Aarhus,DK,36,2024-05-12,low
707,Ingrid,Ellery,ingrid.ellery706@example.com,Halifax,CA,38,2009-01-21,
708,Claire,Roy,claire.roy707@example.com,Valencia,ES,15,2017-01-14,medium
709,Nora,Shah,nora.shah708@example.com,Dunedin,NZ,20,2023-03-21,
710,Ciara,Cole,ciara.cole709@example.com,Bristol,GB,24,2011-09-06,
711,Sean,Larsen,sean.larsen710@example.com,Bergen,NO,18,2017-10-22,
712,Tom,Fischer,tom.fischer711@example.com,Auckland,NZ,17,2016-08-05,
713,Fatima,Frost,fatima.frost712@example.com,Halifax,CA,12,2022-03-17,
714,Yuki,Lindqvist,yuki.lindqvist713@example.com,Leipzig,DE,38,2024-08-03,low
715,Amara,Solberg,amara.solberg714@example.com,Freiburg,DE,12,2025-05-26,medium
716,Rosa,Quinn,rosa.quinn715@example.com,Auckland,NZ,17,2015-01-03,
717,Mateo,Haddad,mateo.haddad716@example.com,Valencia,ES,11,2008-06-21,
718,Tomas,Castellanos,tomas.castellanos717@example.com,Nantes,FR,12,2023-04-04,
719,Tobias,Brennan,tobias.brennan718@example.com,Auckland,NZ,24,2008-05-09,
720,Arjun,Ferreira,arjun.ferreira719@example.com,Uppsala,SE,31,2011-12-02,low
721,Claire,Nyberg,claire.nyberg720@example.com,Norwich,GB,34,2017-07-19,
722,Sofia,Fischer,sofia.fischer721@example.com,Halifax,CA,34,2021-04-16,
723,Kofi,Lund,kofi.lund722@example.com,Uppsala,SE,10,2017-04-06,
724,Priya,Kaur,priya.kaur723@example.com,Columbus,US,9,2025-04-09,
725,Raj,Kaur,raj.kaur724@example.com,Sheffield,GB,9,2016-03-09,medium
726,Arjun,Cole,arjun.cole725@example.com,Victoria,CA,21,2020-09-23,low
727,Omar,Okafor,omar.okafor726@example.com,Aarhus,DK,26,2016-08-06,
728,Eli,Wexler,eli.wexler727@example.com,Groningen,NL,38,2019-01-17,
729,Josefina,Bauer,josefina.bauer728@example.com,Cork,IE,11,2009-03-06,
730,Josefina,Quinn,josefina.quinn729@example.com,Cork,IE,23,2009-10-10,
731,Sara,Sorensen,sara.sorensen730@example.com,Hobart,AU,21,2011-10-18,low
732,Hugo,Hale,hugo.hale731@example.com,Cork,IE,20,2013-12-27,
733,Tobias,Nakamura,tobias.nakamura732@example.com,Dunedin,NZ,18,2011-04-04,
734,Marta,Nakamura,marta.nakamura733@example.com,Austin,US,22,2010-04-06,
735,Camille,Beaumont,camille.beaumont734@example.com,Aarhus,DK,12,2020-08-28,
736,Tom,Ellery,tom.ellery735@example.com,Norwich,GB,1,2022-07-19,
737,Felix,Voss,felix.voss736@example.com,Perth,AU,10,2011-04-17,
738,Samir,Osei,samir.osei737@example.com,Valencia,ES,10,2020-06-09,high
739,Omar,Baptiste,omar.baptiste738@example.com,Columbus,US,8,2011-07-24,
740,Priya,Nakamura,priya.nakamura739@example.com,Manchester,GB,21,2022-11-13,low
741,Samir,Delgado,samir.delgado740@example.com,Groningen,NL,31,2008-11-09,low
742,Hana,Kirby,hana.kirby741@example.com,Hobart,AU,6,2022-10-12,medium
743,Arjun,Lund,arjun.lund742@example.com,Austin,US,8,2018-11-07,
744,Samir,Bauer,samir.bauer743@example.com,Utrecht,NL,15,2019-10-20,medium
745,Anton,Frost,anton.frost744@example.com,Ljubljana,SI,10,2017-02-11,
746,Aoife,Quinn,aoife.quinn745@example.com,Ljubljana,SI,9,2022-03-03,
747,Kofi,Kirby,kofi.kirby746@example.com,Columbus,US,21,2014-04-22,
748,Wren,Castellanos,wren.castellanos747@example.com,Auckland,NZ,22,2015-11-20,
749,Malik,Tan,malik.tan748@example.com,Ljubljana,SI,1,2015-12-25,
750,Samir,Lindqvist,samir.lindqvist749@example.com,Perth,AU,2,2018-04-15,
751,Omar,Sandoval,omar.sandoval750@example.com,Columbus,US,10,2015-06-12,
752,Amara,Nyberg,amara.nyberg751@example.com,Freiburg,DE,37,2018-09-14,medium
753,Delphine,Fischer,delphine.fischer752@example.com,Victoria,CA,8,2013-03-15,
754,Viktor,Kirby,viktor.kirby753@example.com,Leipzig,DE,31,2014-06-13,
755,Camille,Solberg,camille.solberg754@example.com,Austin,US,13,2022-02-11,
756,Felix,Brennan,felix.brennan755@example.com,Victoria,CA,29,2025-03-22,medium
757,Marta,Larsen,marta.larsen756@example.com,Columbus,US,24,2009-01-19,
758,Omar,Dubois,omar.dubois757@example.com,Groningen,NL,11,2008-06-13,low
759,Tarek,Beaumont,tarek.beaumont758@example.com,Adelaide,AU,40,2011-09-17,low
760,Wren,Lindqvist,wren.lindqvist759@example.com,Sheffield,GB,17,2019-05-26,
761,Esme,Nyberg,esme.nyberg760@example.com,Bristol,GB,10,2013-01-25,
762,Tomas,Thorne,tomas.thorne761@example.com,Leipzig,DE,15,2022-12-20,
763,Bruno,Kirby,bruno.kirby762@example.com,Denver,US,7,2010-12-01,
764,Aoife,Silva,aoife.silva763@example.com,Manchester,GB,34,2009-11-04,
765,Nadia,Park,nadia.park764@example.com,Hobart,AU,21,2021-09-10,
766,Kiran,Thorne,kiran.thorne765@example.com,Perth,AU,16,2024-10-18,
767,Anton,Ashworth,anton.ashworth766@example.com,Denver,US,24,2017-12-11,low
768,Priya,Park,priya.park767@example.com,Victoria,CA,37,2012-07-16,
769,Kofi,Okafor,kofi.okafor768@example.com,Cork,IE,2,2021-03-15,
770,Ben,Castellanos,ben.castellanos769@example.com,Cork,IE,14,2010-04-12,low
771,Jonas,Castellanos,jonas.castellanos770@example.com,Austin,US,4,2010-07-19,
772,Iris,Lindqvist,iris.lindqvist771@example.com,Halifax,CA,8,2016-05-05,
773,Signe,Whitfield,signe.whitfield772@example.com,Bergen,NO,21,2010-04-28,
774,Nora,Quinn,nora.quinn773@example.com,Victoria,CA,22,2014-08-09,
775,Camille,Abbott,camille.abbott774@example.com,Porto,PT,21,2024-04-25,
776,Delphine,Rahman,delphine.rahman775@example.com,Nantes,FR,3,2023-04-04,
777,Tomas,Reed,tomas.reed776@example.com,Tampere,FI,7,2018-11-04,
778,Leila,Zamora,leila.zamora777@example.com,Norwich,GB,8,2025-05-21,
779,Ben,Whitfield,ben.whitfield778@example.com,Bergen,NO,4,2013-04-08,
780,Tobias,Brennan,tobias.brennan779@example.com,Toronto,CA,23,2016-11-07,medium
781,Jon,Ibrahim,jon.ibrahim780@example.com,Tucson,US,31,2019-01-06,low
782,Eli,Reed,eli.reed781@example.com,Leipzig,DE,12,2019-06-27,
783,Jonas,Kirby,jonas.kirby782@example.com,Adelaide,AU,28,2013-09-16,low
784,Jon,Zamora,jon.zamora783@example.com,Nantes,FR,1,2015-11-24,
785,Lena,Haddad,lena.haddad784@example.com,Victoria,CA,30,2013-05-20,low
786,Arjun,Silva,arjun.silva785@example.com,Cork,IE,6,2012-05-08,low
787,Ciara,Mensah,ciara.mensah786@example.com,Groningen,NL,14,2014-12-16,medium
788,Lena,Sandoval,lena.sandoval787@example.com,Toronto,CA,7,2010-12-09,
789,Elena,Nakamura,elena.nakamura788@example.com,Uppsala,SE,12,2008-02-28,
790,Delphine,Ellery,delphine.ellery789@example.com,Manchester,GB,14,2018-12-21,medium
791,Malik,Lindqvist,malik.lindqvist790@example.com,Adelaide,AU,35,2009-05-12,
792,Dmitri,Moreau,dmitri.moreau791@example.com,Raleigh,US,4,2022-12-10,
793,Wren,Farrow,wren.farrow792@example.com,Bergen,NO,12,2016-07-17,
794,Priya,Reed,priya.reed793@example.com,Columbus,US,19,2011-11-08,
795,Nell,Diaz,nell.diaz794@example.com,Bologna,IT,26,2020-09-12,
796,Solveig,Novak,solveig.novak795@example.com,Bergen,NO,23,2010-11-03,
797,Ravi,Ibrahim,ravi.ibrahim796@example.com,Uppsala,SE,30,2021-04-03,
798,Sara,Larsen,sara.larsen797@example.com,Columbus,US,14,2008-03-21,
799,Aoife,Whitfield,aoife.whitfield798@example.com,Norwich,GB,28,2018-08-15,
800,Bianca,Castellanos,bianca.castellanos799@example.com,Dunedin,NZ,6,2014-08-10,
801,Zara,Iqbal,zara.iqbal800@example.com,Uppsala,SE,20,2012-04-09,
802,Tomas,Hale,tomas.hale801@example.com,Utrecht,NL,30,2014-03-26,
803,Tarek,Baptiste,tarek.baptiste802@example.com,Montpellier,FR,36,2018-01-22,low
804,Elena,Frost,elena.frost803@example.com,Sheffield,GB,28,2009-11-09,
805,Alma,Nakamura,alma.nakamura804@example.com,Auckland,NZ,23,2016-07-23,medium
806,Bruno,Bergstrom,bruno.bergstrom805@example.com,Manchester,GB,6,2009-07-03,
807,Wren,Frost,wren.frost806@example.com,Denver,US,35,2012-12-26,medium
808,Viktor,Solberg,viktor.solberg807@example.com,Aarhus,DK,33,2022-05-11,medium
809,Viktor,Beaumont,viktor.beaumont808@example.com,Tampere,FI,16,2015-02-15,medium
810,Signe,Kowalski,signe.kowalski809@example.com,Manchester,GB,2,2020-04-14,low
811,Bianca,Lund,bianca.lund810@example.com,Cork,IE,7,2016-09-18,
812,Emeka,Roy,emeka.roy811@example.com,Montpellier,FR,7,2016-04-04,
813,Rafael,Ferreira,rafael.ferreira812@example.com,Utrecht,NL,31,2022-07-02,medium
814,Malik,Vogt,malik.vogt813@example.com,Victoria,CA,9,2015-04-17,low
815,Hugo,Sorensen,hugo.sorensen814@example.com,Valencia,ES,8,2021-11-23,
816,Solveig,Reed,solveig.reed815@example.com,Manchester,GB,38,2012-05-16,
817,Tomas,Ashworth,tomas.ashworth816@example.com,Tampere,FI,36,2023-09-23,
818,Arjun,Hale,arjun.hale817@example.com,Adelaide,AU,9,2023-03-09,
819,Hugo,Silva,hugo.silva818@example.com,Columbus,US,33,2021-07-11,
820,Kwame,Cole,kwame.cole819@example.com,Montpellier,FR,7,2023-08-05,
821,Andres,Quinn,andres.quinn820@example.com,Bristol,GB,40,2022-11-25,
822,Tobias,Cormack,tobias.cormack821@example.com,Dunedin,NZ,21,2010-07-26,
823,Lars,Marchetti,lars.marchetti822@example.com,Porto,PT,10,2021-03-21,
824,Priya,Frost,priya.frost823@example.com,Bergen,NO,4,2016-02-19,medium
825,Felix,Ellery,felix.ellery824@example.com,Halifax,CA,9,2009-10-16,
826,Omar,Wexler,omar.wexler825@example.com,Leipzig,DE,7,2010-01-13,
827,Viktor,Larsen,viktor.larsen826@example.com,Cork,IE,28,2013-07-16,high
828,Maya,Nyberg,maya.nyberg827@example.com,Tucson,US,2,2025-01-16,low
829,Wren,Larsen,wren.larsen828@example.com,Utrecht,NL,40,2008-08-27,
830,Felix,Iqbal,felix.iqbal829@example.com,Groningen,NL,17,2010-08-06,medium
831,Josefina,Farrow,josefina.farrow830@example.com,Nantes,FR,39,2018-08-28,
832,Pieter,Lund,pieter.lund831@example.com,Nantes,FR,18,2016-12-17,high
833,Ravi,Delgado,ravi.delgado832@example.com,Toronto,CA,33,2009-04-06,low
834,Iris,Novak,iris.novak833@example.com,Hobart,AU,16,2016-03-09,
835,Rosa,Okafor,rosa.okafor834@example.com,Tucson,US,39,2008-01-23,low
836,Sofia,Vogt,sofia.vogt835@example.com,Raleigh,US,14,2010-01-10,low
837,Arjun,Tan,arjun.tan836@example.com,Groningen,NL,16,2009-05-23,
838,Ravi,Larsen,ravi.larsen837@example.com,Toronto,CA,14,2020-11-18,
839,Omar,Haddad,omar.haddad838@example.com,Tampere,FI,23,2010-06-07,low
840,Sara,Thorne,sara.thorne839@example.com,Dunedin,NZ,5,2015-02-01,
841,Samir,Wexler,samir.wexler840@example.com,Bologna,IT,11,2013-07-28,
842,Delphine,Okafor,delphine.okafor841@example.com,Aarhus,DK,27,2021-12-27,
843,Samir,Sandoval,samir.sandoval842@example.com,Valencia,ES,22,2018-08-18,
844,Kwame,Iqbal,kwame.iqbal843@example.com,Manchester,GB,18,2024-06-15,
845,Camille,Castellanos,camille.castellanos844@example.com,Norwich,GB,19,2019-02-08,
846,Ravi,Novak,ravi.novak845@example.com,Uppsala,SE,10,2025-10-23,
847,Iris,Kirby,iris.kirby846@example.com,Raleigh,US,18,2021-07-19,low
848,Felix,Fischer,felix.fischer847@example.com,Manchester,GB,20,2016-05-28,medium
849,Yuki,Wexler,yuki.wexler848@example.com,Galway,IE,16,2022-03-24,
850,Zara,Baptiste,zara.baptiste849@example.com,Ljubljana,SI,14,2021-03-06,
851,Aoife,Shah,aoife.shah850@example.com,Perth,AU,12,2008-02-10,
852,Felix,Kowalski,felix.kowalski851@example.com,Dunedin,NZ,27,2015-09-11,low
853,Maya,Larsen,maya.larsen852@example.com,Hobart,AU,7,2008-11-24,
854,Claire,Petrov,claire.petrov853@example.com,Toronto,CA,2,2022-04-08,low
855,Amara,Bergstrom,amara.bergstrom854@example.com,Toronto,CA,23,2021-09-13,
856,Malik,Baptiste,malik.baptiste855@example.com,Ljubljana,SI,34,2020-12-09,
857,Claire,Petrov,claire.petrov856@example.com,Leipzig,DE,3,2024-03-15,
858,Iris,Ricci,iris.ricci857@example.com,Auckland,NZ,4,2009-09-04,
859,Ravi,Nyberg,ravi.nyberg858@example.com,Uppsala,SE,11,2025-07-20,
860,Malik,Moreau,malik.moreau859@example.com,Cork,IE,33,2021-03-20,
861,Marta,Cormack,marta.cormack860@example.com,Bristol,GB,12,2016-07-25,high
862,Malik,Farrow,malik.farrow861@example.com,Sheffield,GB,7,2025-07-24,
863,Omar,Lindqvist,omar.lindqvist862@example.com,Utrecht,NL,4,2017-02-12,
864,Solveig,Nakamura,solveig.nakamura863@example.com,Bergen,NO,32,2017-03-07,
865,Sara,Lund,sara.lund864@example.com,Hobart,AU,21,2021-08-13,
866,Maya,Iqbal,maya.iqbal865@example.com,Halifax,CA,16,2021-11-17,
867,Hugo,Zamora,hugo.zamora866@example.com,Utrecht,NL,38,2012-06-07,
868,Elena,Ferreira,elena.ferreira867@example.com,Cork,IE,4,2022-10-22,
869,Ingrid,Ferreira,ingrid.ferreira868@example.com,Tampere,FI,1,2019-08-07,
870,Noel,Cormack,noel.cormack869@example.com,Bologna,IT,7,2015-06-13,
871,Emeka,Fischer,emeka.fischer870@example.com,Bergen,NO,33,2025-12-21,
872,Nadia,Bergstrom,nadia.bergstrom871@example.com,Denver,US,26,2017-05-06,
873,Ingrid,Abbott,ingrid.abbott872@example.com,Nantes,FR,1,2013-03-26,low
874,Esme,Osei,esme.osei873@example.com,Nantes,FR,19,2020-03-23,medium
875,Amara,Okafor,amara.okafor874@example.com,Victoria,CA,23,2008-06-19,
876,Malik,Adeyemi,malik.adeyemi875@example.com,Bologna,IT,31,2011-07-08,
877,Aoife,Marchetti,aoife.marchetti876@example.com,Bologna,IT,13,2020-09-12,
878,Iris,Ellery,iris.ellery877@example.com,Porto,PT,39,2009-09-01,low
879,Jon,Delgado,jon.delgado878@example.com,Perth,AU,1,2010-09-21,
880,Nora,Bergstrom,nora.bergstrom879@example.com,Perth,AU,29,2024-10-26,
881,Tarek,Frost,tarek.frost880@example.com,Perth,AU,40,2014-08-13,
882,Mateo,Cole,mateo.cole881@example.com,Ljubljana,SI,19,2015-01-24,low
883,Samir,Quinn,samir.quinn882@example.com,Leipzig,DE,31,2020-02-22,medium
884,Tarek,Ellery,tarek.ellery883@example.com,Manchester,GB,11,2017-06-09,low
885,Malik,Cormack,malik.cormack884@example.com,Perth,AU,10,2021-05-21,high
886,Marta,Thorne,marta.thorne885@example.com,Porto,PT,5,2019-11-13,
887,Omar,Voss,omar.voss886@example.com,Halifax,CA,33,2013-11-09,low
888,Tom,Frost,tom.frost887@example.com,Auckland,NZ,34,2023-03-27,
889,Esme,Baptiste,esme.baptiste888@example.com,Tampere,FI,23,2011-11-19,
890,Esme,Marchetti,esme.marchetti889@example.com,Ljubljana,SI,26,2020-03-08,high
891,Elena,Ferreira,elena.ferreira890@example.com,Bergen,NO,40,2020-09-13,
892,Josefina,Nair,josefina.nair891@example.com,Groningen,NL,10,2019-04-27,
893,Ana,Mwangi,ana.mwangi892@example.com,Leipzig,DE,21,2012-12-27,
894,Rosa,Tan,rosa.tan893@example.com,Portland,US,18,2014-10-16,
895,Amara,Mensah,amara.mensah894@example.com,Halifax,CA,28,2014-07-07,
896,Anton,Sorensen,anton.sorensen895@example.com,Perth,AU,24,2019-03-03,
897,Hana,Park,hana.park896@example.com,Aarhus,DK,26,2021-05-17,
898,Nora,Ashworth,nora.ashworth897@example.com,Bergen,NO,38,2016-11-02,low
899,Delphine,Ellery,delphine.ellery898@example.com,Utrecht,NL,19,2008-09-15,low
900,Ciara,Whitfield,ciara.whitfield899@example.com,Hobart,AU,3,2011-10-04,medium
901,Hana,Halloran,hana.halloran900@example.com,Galway,IE,9,2014-02-15,medium
902,Signe,Quinn,signe.quinn901@example.com,Montpellier,FR,40,2020-05-20,
903,Tomas,Mwangi,tomas.mwangi902@example.com,Porto,PT,11,2008-01-22,
904,Priya,Ellery,priya.ellery903@example.com,Perth,AU,2,2025-07-11,
905,Arjun,Zamora,arjun.zamora904@example.com,Bristol,GB,25,2016-04-06,
906,Elena,Bergstrom,elena.bergstrom905@example.com,Leipzig,DE,4,2014-12-17,
907,Yuki,Bergstrom,yuki.bergstrom906@example.com,Galway,IE,14,2019-10-05,
908,Hugo,Sorensen,hugo.sorensen907@example.com,Raleigh,US,5,2014-02-20,
909,Nora,Kaur,nora.kaur908@example.com,Denver,US,3,2022-04-23,
910,Alma,Lindqvist,alma.lindqvist909@example.com,Halifax,CA,8,2011-03-28,
911,Bruno,Lund,bruno.lund910@example.com,Denver,US,1,2019-08-17,high
912,Viktor,Larsen,viktor.larsen911@example.com,Adelaide,AU,34,2014-10-26,low
913,Malik,Rahman,malik.rahman912@example.com,Austin,US,11,2016-02-27,
914,Felix,Iqbal,felix.iqbal913@example.com,Bristol,GB,34,2013-03-24,low
915,Sofia,Achebe,sofia.achebe914@example.com,Cork,IE,21,2009-07-04,low
916,Noel,Novak,noel.novak915@example.com,Uppsala,SE,38,2017-01-05,
917,Solveig,Fischer,solveig.fischer916@example.com,Uppsala,SE,10,2018-10-08,
918,Kofi,Cole,kofi.cole917@example.com,Hobart,AU,7,2020-07-28,
919,Amara,Nakamura,amara.nakamura918@example.com,Norwich,GB,40,2016-07-14,
920,Yuki,Vogt,yuki.vogt919@example.com,Halifax,CA,26,2019-10-27,
921,Omar,Lund,omar.lund920@example.com,Uppsala,SE,37,2009-12-12,
922,Leila,Whitfield,leila.whitfield921@example.com,Hobart,AU,32,2009-10-17,low
923,Aoife,Lund,aoife.lund922@example.com,Raleigh,US,38,2013-08-12,
924,Camille,Beaumont,camille.beaumont923@example.com,Adelaide,AU,18,2019-10-16,
925,Anton,Vance,anton.vance924@example.com,Galway,IE,7,2013-01-25,
926,Jon,Vance,jon.vance925@example.com,Ljubljana,SI,5,2016-11-05,
927,Kiran,Ashworth,kiran.ashworth926@example.com,Portland,US,27,2011-02-22,
928,Josefina,Renard,josefina.renard927@example.com,Columbus,US,29,2008-05-02,
929,Eli,Adeyemi,eli.adeyemi928@example.com,Austin,US,9,2010-03-23,
930,Zara,Osei,zara.osei929@example.com,Freiburg,DE,29,2014-05-15,
931,Iris,Kaur,iris.kaur930@example.com,Tucson,US,26,2025-06-13,
932,Kiran,Ellery,kiran.ellery931@example.com,Nantes,FR,20,2024-08-01,
933,Lars,Novak,lars.novak932@example.com,Bologna,IT,28,2023-08-02,
934,Tobias,Delgado,tobias.delgado933@example.com,Auckland,NZ,10,2019-05-11,
935,Ana,Thorne,ana.thorne934@example.com,Freiburg,DE,2,2021-03-27,
936,Viktor,Moreau,viktor.moreau935@example.com,Tucson,US,10,2017-07-16,
937,Tomas,Solberg,tomas.solberg936@example.com,Austin,US,30,2020-02-22,
938,Sofia,Sandoval,sofia.sandoval937@example.com,Valencia,ES,4,2020-01-09,
939,Andres,Bauer,andres.bauer938@example.com,Toronto,CA,32,2019-06-18,
940,Bianca,Sandoval,bianca.sandoval939@example.com,Halifax,CA,12,2020-02-23,
941,Malik,Baptiste,malik.baptiste940@example.com,Tucson,US,1,2008-12-26,
942,Rosa,Kowalski,rosa.kowalski941@example.com,Montpellier,FR,16,2017-10-08,low
943,Kofi,Cormack,kofi.cormack942@example.com,Utrecht,NL,3,2014-04-04,
944,Kwame,Wexler,kwame.wexler943@example.com,Bergen,NO,29,2025-04-02,
945,Omar,Nair,omar.nair944@example.com,Valencia,ES,29,2013-12-23,
946,Dmitri,Castellanos,dmitri.castellanos945@example.com,Ljubljana,SI,23,2013-01-05,
947,Rosa,Moreau,rosa.moreau946@example.com,Raleigh,US,10,2018-10-01,
948,Tom,Tan,tom.tan947@example.com,Cork,IE,19,2016-04-19,low
949,Iris,Cormack,iris.cormack948@example.com,Norwich,GB,39,2020-01-24,
950,Emeka,Ricci,emeka.ricci949@example.com,Uppsala,SE,20,2022-02-23,
951,Solveig,Zamora,solveig.zamora950@example.com,Cork,IE,10,2010-08-26,
952,Tom,Cole,tom.cole951@example.com,Valencia,ES,40,2019-08-16,
953,Kofi,Cormack,kofi.cormack952@example.com,Denver,US,14,2016-03-25,
954,Nell,Brennan,nell.brennan953@example.com,Aarhus,DK,39,2010-09-07,
955,Tom,Rossi,tom.rossi954@example.com,Ljubljana,SI,32,2018-06-11,
956,Amara,Kaur,amara.kaur955@example.com,Bergen,NO,25,2015-03-18,
957,Signe,Quinn,signe.quinn956@example.com,Groningen,NL,28,2024-05-27,
958,Jon,Okafor,jon.okafor957@example.com,Freiburg,DE,38,2017-02-03,low
959,Andres,Novak,andres.novak958@example.com,Utrecht,NL,6,2015-02-03,low
960,Sara,Reed,sara.reed959@example.com,Ljubljana,SI,36,2021-03-24,low
961,Tobias,Tan,tobias.tan960@example.com,Montpellier,FR,25,2023-01-06,
962,Raj,Nair,raj.nair961@example.com,Tampere,FI,19,2025-11-11,low
963,Bruno,Tan,bruno.tan962@example.com,Montpellier,FR,9,2023-01-13,low
964,Nadia,Ueda,nadia.ueda963@example.com,Bologna,IT,34,2011-11-21,
965,Maya,Rahman,maya.rahman964@example.com,Bergen,NO,19,2008-11-01,
966,Esme,Cole,esme.cole965@example.com,Utrecht,NL,26,2009-12-11,
967,Maya,Ricci,maya.ricci966@example.com,Nantes,FR,16,2011-07-22,
968,Ravi,Bauer,ravi.bauer967@example.com,Columbus,US,10,2017-08-18,
969,Delphine,Kowalski,delphine.kowalski968@example.com,Bergen,NO,3,2025-09-18,
970,Delphine,Ricci,delphine.ricci969@example.com,Toronto,CA,3,2018-05-05,
971,Sofia,Vance,sofia.vance970@example.com,Aarhus,DK,6,2018-06-23,
972,Ana,Larsen,ana.larsen971@example.com,Porto,PT,29,2012-08-04,
973,Ciara,Nyberg,ciara.nyberg972@example.com,Columbus,US,7,2014-04-26,medium
974,Arjun,Rossi,arjun.rossi973@example.com,Cork,IE,15,2013-02-22,
975,Pieter,Okafor,pieter.okafor974@example.com,Sheffield,GB,2,2025-10-18,
976,Nadia,Nair,nadia.nair975@example.com,Raleigh,US,7,2008-09-28,high
977,Greta,Mensah,greta.mensah976@example.com,Portland,US,16,2015-05-19,
978,Zara,Bergstrom,zara.bergstrom977@example.com,Galway,IE,37,2022-10-04,
979,Wren,Thorne,wren.thorne978@example.com,Bristol,GB,26,2025-12-20,low
980,Ingrid,Nakamura,ingrid.nakamura979@example.com,Bergen,NO,25,2012-04-10,
981,Noel,Iqbal,noel.iqbal980@example.com,Montpellier,FR,20,2016-08-09,low
982,Maya,Abbott,maya.abbott981@example.com,Norwich,GB,1,2010-06-25,low
983,Aoife,Ueda,aoife.ueda982@example.com,Halifax,CA,19,2019-09-11,
984,Pieter,Rahman,pieter.rahman983@example.com,Valencia,ES,29,2021-08-04,
985,Solveig,Ueda,solveig.ueda984@example.com,Porto,PT,3,2019-06-16,low
986,Andres,Lindqvist,andres.lindqvist985@example.com,Norwich,GB,7,2016-08-10,
987,Nadia,Hale,nadia.hale986@example.com,Galway,IE,14,2012-09-24,
988,Emeka,Whitfield,emeka.whitfield987@example.com,Uppsala,SE,36,2022-10-09,
989,Claire,Silva,claire.silva988@example.com,Bologna,IT,21,2019-08-27,low
990,Jonas,Ferreira,jonas.ferreira989@example.com,Montpellier,FR,32,2021-02-05,
991,Ben,Haddad,ben.haddad990@example.com,Victoria,CA,22,2017-11-18,low
992,Priya,Fischer,priya.fischer991@example.com,Groningen,NL,35,2021-11-07,
993,Ingrid,Achebe,ingrid.achebe992@example.com,Utrecht,NL,14,2022-02-09,
994,Nadia,Nyberg,nadia.nyberg993@example.com,Bergen,NO,20,2008-01-05,
995,Fatima,Ricci,fatima.ricci994@example.com,Groningen,NL,17,2024-09-14,
996,Camille,Ashworth,camille.ashworth995@example.com,Bristol,GB,32,2014-07-20,
997,Andres,Castellanos,andres.castellanos996@example.com,Galway,IE,34,2013-09-06,low
998,Tobias,Kaur,tobias.kaur997@example.com,Manchester,GB,6,2023-08-02,low
999,Aoife,Cole,aoife.cole998@example.com,Valencia,ES,22,2009-05-23,medium
1000,Kofi,Park,kofi.park999@example.com,Denver,US,34,2024-12-13,
1001,Tobias,Petrov,tobias.petrov1000@example.com,Columbus,US,14,2024-01-03,
1002,Ana,Haddad,ana.haddad1001@example.com,Dunedin,NZ,22,2011-03-22,
1003,Signe,Sandoval,signe.sandoval1002@example.com,Cork,IE,23,2017-08-18,
1004,Josefina,Bauer,josefina.bauer1003@example.com,Galway,IE,13,2023-08-21,low
1005,Sean,Ibrahim,sean.ibrahim1004@example.com,Bergen,NO,38,2019-05-28,low
1006,Nadia,Solberg,nadia.solberg1005@example.com,Groningen,NL,26,2015-07-01,low
1007,Jon,Renard,jon.renard1006@example.com,Manchester,GB,32,2019-04-04,
1008,Esme,Larsen,esme.larsen1007@example.com,Perth,AU,3,2025-10-15,
1009,Kiran,Cole,kiran.cole1008@example.com,Halifax,CA,19,2018-03-17,
1010,Tom,Rossi,tom.rossi1009@example.com,Freiburg,DE,6,2025-05-20,
1011,Malik,Larsen,malik.larsen1010@example.com,Denver,US,17,2024-04-13,
1012,Jon,Beaumont,jon.beaumont1011@example.com,Austin,US,32,2015-06-21,low
1013,Camille,Roy,camille.roy1012@example.com,Tucson,US,16,2013-12-03,
1014,Fatima,Tan,fatima.tan1013@example.com,Tampere,FI,26,2023-10-15,
1015,Sofia,Solberg,sofia.solberg1014@example.com,Adelaide,AU,24,2015-12-23,
1016,Jon,Lund,jon.lund1015@example.com,Nantes,FR,21,2024-12-20,medium
1017,Ciara,Mensah,ciara.mensah1016@example.com,Norwich,GB,31,2011-03-14,low
1018,Tom,Bergstrom,tom.bergstrom1017@example.com,Galway,IE,27,2024-09-09,
1019,Lars,Solberg,lars.solberg1018@example.com,Perth,AU,15,2025-05-07,high
1020,Yuki,Lindqvist,yuki.lindqvist1019@example.com,Columbus,US,37,2019-02-09,
1021,Greta,Castellanos,greta.castellanos1020@example.com,Adelaide,AU,20,2019-02-14,
1022,Nell,Nair,nell.nair1021@example.com,Portland,US,36,2023-05-26,
1023,Marta,Adeyemi,marta.adeyemi1022@example.com,Uppsala,SE,17,2018-01-18,
1024,Ciara,Bauer,ciara.bauer1023@example.com,Halifax,CA,22,2021-01-07,low
1025,Alma,Brennan,alma.brennan1024@example.com,Tucson,US,24,2025-07-21,
1026,Aoife,Silva,aoife.silva1025@example.com,Tucson,US,10,2018-03-15,
1027,Tom,Sandoval,tom.sandoval1026@example.com,Sheffield,GB,27,2013-11-15,
1028,Aoife,Nyberg,aoife.nyberg1027@example.com,Norwich,GB,5,2020-02-07,
1029,Tomas,Dubois,tomas.dubois1028@example.com,Porto,PT,8,2022-10-25,
1030,Nora,Bauer,nora.bauer1029@example.com,Freiburg,DE,9,2016-04-17,high
1031,Kofi,Halloran,kofi.halloran1030@example.com,Austin,US,4,2023-01-15,low
1032,Ana,Baptiste,ana.baptiste1031@example.com,Victoria,CA,15,2011-07-27,low
1033,Lars,Castellanos,lars.castellanos1032@example.com,Ljubljana,SI,20,2024-01-04,
1034,Lars,Park,lars.park1033@example.com,Tampere,FI,34,2010-05-21,medium
1035,Marta,Ueda,marta.ueda1034@example.com,Aarhus,DK,26,2025-04-24,
1036,Wren,Park,wren.park1035@example.com,Tampere,FI,26,2011-01-23,
1037,Eli,Vance,eli.vance1036@example.com,Montpellier,FR,17,2010-07-15,
1038,Claire,Kirby,claire.kirby1037@example.com,Auckland,NZ,18,2019-04-17,medium
1039,Samir,Roy,samir.roy1038@example.com,Groningen,NL,14,2015-08-28,low
1040,Andres,Nyberg,andres.nyberg1039@example.com,Bergen,NO,36,2012-07-03,
1041,Bianca,Beaumont,bianca.beaumont1040@example.com,Ljubljana,SI,1,2014-12-27,
1042,Delphine,Fischer,delphine.fischer1041@example.com,Porto,PT,38,2025-01-22,
1043,Lena,Vogt,lena.vogt1042@example.com,Aarhus,DK,24,2014-10-17,medium
1044,Hugo,Mensah,hugo.mensah1043@example.com,Adelaide,AU,32,2010-06-12,medium
1045,Raj,Lindqvist,raj.lindqvist1044@example.com,Hobart,AU,24,2024-04-13,low
1046,Noel,Moreau,noel.moreau1045@example.com,Valencia,ES,37,2023-03-26,
1047,Ana,Bergstrom,ana.bergstrom1046@example.com,Austin,US,15,2010-06-14,low
1048,Raj,Nakamura,raj.nakamura1047@example.com,Austin,US,8,2010-06-16,
1049,Greta,Thorne,greta.thorne1048@example.com,Sheffield,GB,37,2025-03-23,
1050,Signe,Wexler,signe.wexler1049@example.com,Nantes,FR,9,2015-09-17,medium
1051,Claire,Rahman,claire.rahman1050@example.com,Montpellier,FR,17,2013-06-11,
1052,Kofi,Brennan,kofi.brennan1051@example.com,Sheffield,GB,37,2019-01-06,medium
1053,Iris,Nair,iris.nair1052@example.com,Valencia,ES,12,2015-02-17,medium
1054,Solveig,Ricci,solveig.ricci1053@example.com,Uppsala,SE,35,2019-03-23,low
1055,Fatima,Whitfield,fatima.whitfield1054@example.com,Freiburg,DE,8,2014-01-06,
1056,Bianca,Brennan,bianca.brennan1055@example.com,Utrecht,NL,9,2011-10-07,
1057,Felix,Ibrahim,felix.ibrahim1056@example.com,Bologna,IT,26,2009-09-17,low
1058,Jon,Tan,jon.tan1057@example.com,Columbus,US,5,2016-07-12,
1059,Lars,Thorne,lars.thorne1058@example.com,Utrecht,NL,23,2017-07-11,
1060,Noel,Castellanos,noel.castellanos1059@example.com,Uppsala,SE,24,2017-02-06,
1061,Yuki,Mensah,yuki.mensah1060@example.com,Denver,US,21,2025-06-14,low
1062,Mateo,Farrow,mateo.farrow1061@example.com,Bologna,IT,26,2011-11-17,low
1063,Ingrid,Bergstrom,ingrid.bergstrom1062@example.com,Groningen,NL,13,2011-09-14,medium
1064,Solveig,Farrow,solveig.farrow1063@example.com,Leipzig,DE,35,2010-04-15,
1065,Kofi,Okafor,kofi.okafor1064@example.com,Columbus,US,22,2019-02-17,medium
1066,Arjun,Ashworth,arjun.ashworth1065@example.com,Nantes,FR,31,2008-01-20,
1067,Anton,Farrow,anton.farrow1066@example.com,Auckland,NZ,32,2018-12-08,
1068,Josefina,Beaumont,josefina.beaumont1067@example.com,Freiburg,DE,36,2013-05-21,
1069,Bianca,Reed,bianca.reed1068@example.com,Manchester,GB,28,2016-03-23,
1070,Iris,Fischer,iris.fischer1069@example.com,Aarhus,DK,9,2023-09-23,low
1071,Greta,Zamora,greta.zamora1070@example.com,Nantes,FR,38,2010-11-26,
1072,Solveig,Mensah,solveig.mensah1071@example.com,Galway,IE,35,2010-10-06,
1073,Nell,Nyberg,nell.nyberg1072@example.com,Leipzig,DE,27,2025-01-19,medium
1074,Sara,Petrov,sara.petrov1073@example.com,Aarhus,DK,27,2025-01-24,
1075,Nora,Adeyemi,nora.adeyemi1074@example.com,Halifax,CA,7,2014-01-18,
1076,Rafael,Lund,rafael.lund1075@example.com,Columbus,US,16,2016-02-07,
1077,Samir,Farrow,samir.farrow1076@example.com,Adelaide,AU,26,2011-12-08,
1078,Ana,Silva,ana.silva1077@example.com,Nantes,FR,37,2022-02-24,medium
1079,Sofia,Iqbal,sofia.iqbal1078@example.com,Manchester,GB,37,2009-02-12,
1080,Sara,Diaz,sara.diaz1079@example.com,Valencia,ES,18,2021-08-02,
1081,Viktor,Novak,viktor.novak1080@example.com,Aarhus,DK,1,2009-05-16,
1082,Jonas,Frost,jonas.frost1081@example.com,Toronto,CA,2,2008-01-14,
1083,Tom,Larsen,tom.larsen1082@example.com,Cork,IE,35,2025-10-04,
1084,Raj,Wexler,raj.wexler1083@example.com,Valencia,ES,19,2012-01-09,
1085,Andres,Iqbal,andres.iqbal1084@example.com,Aarhus,DK,39,2020-05-14,low
1086,Noel,Kirby,noel.kirby1085@example.com,Victoria,CA,24,2018-05-22,
1087,Elena,Mensah,elena.mensah1086@example.com,Hobart,AU,20,2022-01-18,
1088,Dmitri,Renard,dmitri.renard1087@example.com,Portland,US,14,2009-10-07,low
1089,Tobias,Reed,tobias.reed1088@example.com,Perth,AU,31,2023-08-26,
1090,Mateo,Zamora,mateo.zamora1089@example.com,Raleigh,US,30,2020-05-04,
1091,Ravi,Baptiste,ravi.baptiste1090@example.com,Freiburg,DE,7,2009-12-28,low
1092,Felix,Kirby,felix.kirby1091@example.com,Halifax,CA,1,2020-02-24,
1093,Iris,Solberg,iris.solberg1092@example.com,Auckland,NZ,2,2011-04-27,
1094,Priya,Kowalski,priya.kowalski1093@example.com,Bristol,GB,15,2021-12-18,
1095,Hana,Renard,hana.renard1094@example.com,Bergen,NO,16,2010-03-22,
1096,Tarek,Nyberg,tarek.nyberg1095@example.com,Perth,AU,35,2024-05-01,
1097,Idris,Ellery,idris.ellery1096@example.com,Cork,IE,16,2009-02-17,
1098,Esme,Frost,esme.frost1097@example.com,Auckland,NZ,26,2021-04-24,
1099,Ciara,Wexler,ciara.wexler1098@example.com,Raleigh,US,4,2010-07-18,
1100,Tobias,Vance,tobias.vance1099@example.com,Montpellier,FR,23,2022-08-10,
1101,Lena,Adeyemi,lena.adeyemi1100@example.com,Manchester,GB,16,2021-09-27,
1102,Bianca,Mensah,bianca.mensah1101@example.com,Tampere,FI,10,2021-02-18,
1103,Idris,Shah,idris.shah1102@example.com,Utrecht,NL,27,2012-11-16,
1104,Sara,Ueda,sara.ueda1103@example.com,Leipzig,DE,6,2015-06-08,
1105,Alma,Moreau,alma.moreau1104@example.com,Freiburg,DE,33,2011-11-20,
1106,Nell,Nakamura,nell.nakamura1105@example.com,Utrecht,NL,12,2024-10-11,medium
1107,Noel,Voss,noel.voss1106@example.com,Ljubljana,SI,11,2018-08-11,
1108,Sofia,Haddad,sofia.haddad1107@example.com,Denver,US,20,2021-01-10,
1109,Mateo,Roy,mateo.roy1108@example.com,Dunedin,NZ,34,2022-07-24,low
1110,Claire,Bauer,claire.bauer1109@example.com,Groningen,NL,16,2009-11-12,
1111,Anton,Sandoval,anton.sandoval1110@example.com,Nantes,FR,10,2013-08-05,
1112,Greta,Beaumont,greta.beaumont1111@example.com,Adelaide,AU,5,2025-09-16,
1113,Ana,Quinn,ana.quinn1112@example.com,Halifax,CA,8,2025-05-01,
1114,Jonas,Thorne,jonas.thorne1113@example.com,Halifax,CA,12,2013-05-21,
1115,Bruno,Adeyemi,bruno.adeyemi1114@example.com,Bergen,NO,34,2017-05-17,
1116,Viktor,Renard,viktor.renard1115@example.com,Halifax,CA,25,2020-10-19,low
1117,Dmitri,Cole,dmitri.cole1116@example.com,Portland,US,22,2016-08-08,low
1118,Emeka,Silva,emeka.silva1117@example.com,Aarhus,DK,19,2010-06-12,
1119,Ben,Dubois,ben.dubois1118@example.com,Toronto,CA,14,2024-12-17,
1120,Jonas,Park,jonas.park1119@example.com,Bologna,IT,11,2024-04-08,high
1121,Priya,Moreau,priya.moreau1120@example.com,Montpellier,FR,1,2019-11-11,
1122,Tomas,Bergstrom,tomas.bergstrom1121@example.com,Hobart,AU,24,2024-12-25,
1123,Lars,Diaz,lars.diaz1122@example.com,Groningen,NL,25,2010-11-19,
1124,Nadia,Ricci,nadia.ricci1123@example.com,Manchester,GB,29,2021-05-26,low
1125,Andres,Renard,andres.renard1124@example.com,Sheffield,GB,26,2020-08-16,
1126,Kwame,Haddad,kwame.haddad1125@example.com,Dunedin,NZ,19,2024-02-14,
1127,Ravi,Baptiste,ravi.baptiste1126@example.com,Freiburg,DE,33,2011-09-19,low
1128,Signe,Kaur,signe.kaur1127@example.com,Perth,AU,23,2017-02-26,
1129,Malik,Voss,malik.voss1128@example.com,Hobart,AU,38,2025-10-19,medium
1130,Amara,Ricci,amara.ricci1129@example.com,Toronto,CA,6,2023-12-12,low
1131,Elena,Kaur,elena.kaur1130@example.com,Dunedin,NZ,3,2009-06-05,
1132,Noel,Okafor,noel.okafor1131@example.com,Raleigh,US,30,2016-08-12,low
1133,Marta,Shah,marta.shah1132@example.com,Portland,US,29,2016-11-02,
1134,Marta,Reed,marta.reed1133@example.com,Perth,AU,32,2009-04-01,low
1135,Malik,Mensah,malik.mensah1134@example.com,Bologna,IT,10,2019-01-24,medium
1136,Tom,Brennan,tom.brennan1135@example.com,Auckland,NZ,3,2014-04-01,low
1137,Ben,Fischer,ben.fischer1136@example.com,Tucson,US,40,2015-05-13,
1138,Raj,Lindqvist,raj.lindqvist1137@example.com,Tampere,FI,18,2022-09-26,
1139,Claire,Diaz,claire.diaz1138@example.com,Nantes,FR,22,2009-06-24,
1140,Kwame,Okafor,kwame.okafor1139@example.com,Tampere,FI,24,2018-04-03,
1141,Bruno,Moreau,bruno.moreau1140@example.com,Manchester,GB,38,2008-09-01,
1142,Marta,Rossi,marta.rossi1141@example.com,Halifax,CA,33,2025-05-16,
1143,Tomas,Lund,tomas.lund1142@example.com,Uppsala,SE,34,2008-01-20,
1144,Omar,Petrov,omar.petrov1143@example.com,Nantes,FR,18,2025-01-18,
1145,Rosa,Ashworth,rosa.ashworth1144@example.com,Auckland,NZ,10,2015-06-14,low
1146,Hana,Moreau,hana.moreau1145@example.com,Toronto,CA,21,2022-11-03,
1147,Bruno,Rahman,bruno.rahman1146@example.com,Montpellier,FR,7,2023-11-11,low
1148,Jonas,Voss,jonas.voss1147@example.com,Halifax,CA,7,2014-07-22,
1149,Kiran,Nair,kiran.nair1148@example.com,Galway,IE,33,2012-04-07,
1150,Ravi,Shah,ravi.shah1149@example.com,Victoria,CA,40,2012-01-25,
1151,Viktor,Kowalski,viktor.kowalski1150@example.com,Perth,AU,22,2015-09-04,
1152,Esme,Sandoval,esme.sandoval1151@example.com,Ljubljana,SI,18,2013-06-15,
1153,Hugo,Voss,hugo.voss1152@example.com,Denver,US,37,2014-09-24,high
1154,Mateo,Marchetti,mateo.marchetti1153@example.com,Uppsala,SE,37,2025-10-28,
1155,Lena,Okafor,lena.okafor1154@example.com,Tucson,US,35,2017-07-26,
1156,Bianca,Whitfield,bianca.whitfield1155@example.com,Cork,IE,23,2024-09-13,low
1157,Hana,Adeyemi,hana.adeyemi1156@example.com,Ljubljana,SI,39,2022-04-05,
1158,Sara,Nyberg,sara.nyberg1157@example.com,Porto,PT,23,2024-12-03,medium
1159,Fatima,Ueda,fatima.ueda1158@example.com,Sheffield,GB,37,2019-05-16,
1160,Ciara,Mensah,ciara.mensah1159@example.com,Bergen,NO,4,2013-12-16,
1161,Josefina,Wexler,josefina.wexler1160@example.com,Toronto,CA,13,2008-07-18,low
1162,Pieter,Mwangi,pieter.mwangi1161@example.com,Denver,US,40,2018-11-05,
1163,Fatima,Rahman,fatima.rahman1162@example.com,Raleigh,US,38,2023-12-07,
1164,Andres,Tan,andres.tan1163@example.com,Sheffield,GB,17,2018-11-27,
1165,Ben,Kirby,ben.kirby1164@example.com,Groningen,NL,14,2009-08-25,medium
1166,Anton,Ibrahim,anton.ibrahim1165@example.com,Portland,US,40,2024-10-13,
1167,Kiran,Vance,kiran.vance1166@example.com,Portland,US,23,2020-06-01,
1168,Malik,Voss,malik.voss1167@example.com,Cork,IE,22,2024-04-01,
1169,Jon,Farrow,jon.farrow1168@example.com,Cork,IE,3,2014-02-12,
1170,Viktor,Kirby,viktor.kirby1169@example.com,Toronto,CA,24,2018-10-12,
1171,Malik,Voss,malik.voss1170@example.com,Portland,US,10,2017-05-04,low
1172,Andres,Osei,andres.osei1171@example.com,Uppsala,SE,15,2008-08-03,medium
1173,Felix,Hale,felix.hale1172@example.com,Dunedin,NZ,5,2025-09-26,low
1174,Rosa,Ellery,rosa.ellery1173@example.com,Bristol,GB,28,2022-09-08,
1175,Lars,Sandoval,lars.sandoval1174@example.com,Freiburg,DE,24,2020-11-02,medium
1176,Signe,Haddad,signe.haddad1175@example.com,Bergen,NO,23,2021-01-20,
1177,Signe,Renard,signe.renard1176@example.com,Tampere,FI,22,2010-06-13,
1178,Pieter,Frost,pieter.frost1177@example.com,Ljubljana,SI,5,2015-10-07,
1179,Ingrid,Diaz,ingrid.diaz1178@example.com,Columbus,US,18,2015-02-08,
1180,Tobias,Ashworth,tobias.ashworth1179@example.com,Porto,PT,1,2022-03-28,low
1181,Leila,Kowalski,leila.kowalski1180@example.com,Freiburg,DE,8,2010-09-12,
1182,Delphine,Dubois,delphine.dubois1181@example.com,Dunedin,NZ,28,2015-12-28,
1183,Sara,Iqbal,sara.iqbal1182@example.com,Norwich,GB,18,2024-05-04,low
1184,Leila,Lund,leila.lund1183@example.com,Groningen,NL,10,2014-12-19,
1185,Claire,Haddad,claire.haddad1184@example.com,Tucson,US,7,2025-10-04,
1186,Anton,Halloran,anton.halloran1185@example.com,Freiburg,DE,9,2010-03-13,
1187,Leila,Vance,leila.vance1186@example.com,Adelaide,AU,36,2022-05-27,
1188,Aoife,Voss,aoife.voss1187@example.com,Victoria,CA,1,2025-11-04,low
1189,Priya,Zamora,priya.zamora1188@example.com,Groningen,NL,3,2022-04-03,
1190,Alma,Baptiste,alma.baptiste1189@example.com,Bergen,NO,24,2015-07-22,
1191,Maya,Kaur,maya.kaur1190@example.com,Uppsala,SE,18,2008-10-27,
1192,Ingrid,Wexler,ingrid.wexler1191@example.com,Porto,PT,6,2012-01-03,
1193,Eli,Mwangi,eli.mwangi1192@example.com,Columbus,US,3,2022-07-08,
1194,Esme,Cormack,esme.cormack1193@example.com,Aarhus,DK,20,2023-12-07,low
1195,Anton,Tan,anton.tan1194@example.com,Perth,AU,38,2012-07-23,
1196,Yuki,Nakamura,yuki.nakamura1195@example.com,Leipzig,DE,14,2013-12-21,
1197,Hana,Bauer,hana.bauer1196@example.com,Halifax,CA,2,2025-08-25,high
1198,Mateo,Haddad,mateo.haddad1197@example.com,Manchester,GB,29,2024-07-09,low
1199,Hugo,Haddad,hugo.haddad1198@example.com,Denver,US,3,2010-04-01,
1200,Felix,Tan,felix.tan1199@example.com,Aarhus,DK,24,2018-11-10,low
1201,Sean,Beaumont,sean.beaumont1200@example.com,Bristol,GB,28,2025-01-20,medium
1202,Samir,Kowalski,samir.kowalski1201@example.com,Perth,AU,10,2011-01-01,low
1203,Idris,Voss,idris.voss1202@example.com,Aarhus,DK,37,2011-02-28,
1204,Hana,Larsen,hana.larsen1203@example.com,Freiburg,DE,19,2014-02-25,
1205,Greta,Nyberg,greta.nyberg1204@example.com,Porto,PT,6,2011-01-20,
1206,Arjun,Reed,arjun.reed1205@example.com,Austin,US,10,2015-07-25,
1207,Pieter,Reed,pieter.reed1206@example.com,Montpellier,FR,1,2010-03-25,low
1208,Kwame,Halloran,kwame.halloran1207@example.com,Perth,AU,31,2014-09-21,
1209,Hugo,Achebe,hugo.achebe1208@example.com,Norwich,GB,11,2022-04-09,
1210,Alma,Cole,alma.cole1209@example.com,Columbus,US,32,2015-03-15,
1211,Felix,Bergstrom,felix.bergstrom1210@example.com,Victoria,CA,15,2018-06-18,
1212,Viktor,Baptiste,viktor.baptiste1211@example.com,Norwich,GB,3,2010-02-21,
1213,Alma,Mwangi,alma.mwangi1212@example.com,Sheffield,GB,8,2019-04-10,low
1214,Elena,Ueda,elena.ueda1213@example.com,Leipzig,DE,39,2012-04-25,
1215,Ingrid,Iqbal,ingrid.iqbal1214@example.com,Bristol,GB,39,2014-07-16,
1216,Anton,Bauer,anton.bauer1215@example.com,Bristol,GB,11,2016-04-15,
1217,Pieter,Vance,pieter.vance1216@example.com,Raleigh,US,34,2013-02-16,
1218,Tarek,Vance,tarek.vance1217@example.com,Sheffield,GB,11,2024-09-06,low
1219,Alma,Ricci,alma.ricci1218@example.com,Nantes,FR,1,2024-04-09,low
1220,Esme,Nair,esme.nair1219@example.com,Montpellier,FR,10,2023-09-07,
1221,Signe,Ferreira,signe.ferreira1220@example.com,Freiburg,DE,36,2018-02-08,
1222,Idris,Dubois,idris.dubois1221@example.com,Auckland,NZ,25,2012-07-12,medium
1223,Bianca,Nyberg,bianca.nyberg1222@example.com,Galway,IE,40,2012-02-09,
1224,Malik,Brennan,malik.brennan1223@example.com,Groningen,NL,24,2019-04-04,
1225,Rosa,Okafor,rosa.okafor1224@example.com,Victoria,CA,22,2014-05-07,
1226,Hana,Renard,hana.renard1225@example.com,Manchester,GB,5,2022-01-04,
1227,Anton,Frost,anton.frost1226@example.com,Ljubljana,SI,27,2018-06-15,
1228,Andres,Achebe,andres.achebe1227@example.com,Uppsala,SE,36,2019-03-16,
1229,Tobias,Roy,tobias.roy1228@example.com,Bergen,NO,10,2014-04-22,
1230,Malik,Nyberg,malik.nyberg1229@example.com,Porto,PT,7,2025-02-12,
1231,Ben,Farrow,ben.farrow1230@example.com,Dunedin,NZ,32,2017-06-13,
1232,Tarek,Iqbal,tarek.iqbal1231@example.com,Toronto,CA,22,2018-04-25,
1233,Solveig,Solberg,solveig.solberg1232@example.com,Victoria,CA,22,2023-04-18,
1234,Mateo,Achebe,mateo.achebe1233@example.com,Bologna,IT,35,2019-10-14,low
1235,Ciara,Wexler,ciara.wexler1234@example.com,Adelaide,AU,6,2011-12-20,low
1236,Tomas,Ferreira,tomas.ferreira1235@example.com,Porto,PT,24,2020-01-07,
1237,Idris,Vogt,idris.vogt1236@example.com,Valencia,ES,6,2013-01-12,low
1238,Tom,Beaumont,tom.beaumont1237@example.com,Bristol,GB,23,2022-09-15,
1239,Emeka,Ueda,emeka.ueda1238@example.com,Leipzig,DE,2,2011-08-28,
1240,Greta,Lund,greta.lund1239@example.com,Bergen,NO,30,2011-10-16,low
1241,Zara,Ueda,zara.ueda1240@example.com,Columbus,US,9,2011-08-13,
1242,Ingrid,Ashworth,ingrid.ashworth1241@example.com,Hobart,AU,35,2018-08-05,
1243,Delphine,Sorensen,delphine.sorensen1242@example.com,Austin,US,37,2017-07-25,
1244,Idris,Osei,idris.osei1243@example.com,Austin,US,19,2009-06-14,
1245,Fatima,Whitfield,fatima.whitfield1244@example.com,Hobart,AU,7,2011-09-10,
1246,Claire,Adeyemi,claire.adeyemi1245@example.com,Utrecht,NL,37,2012-01-26,low
1247,Jon,Marchetti,jon.marchetti1246@example.com,Manchester,GB,21,2014-06-24,
1248,Ben,Ueda,ben.ueda1247@example.com,Montpellier,FR,29,2021-05-25,
1249,Wren,Iqbal,wren.iqbal1248@example.com,Cork,IE,39,2019-09-23,
1250,Yuki,Achebe,yuki.achebe1249@example.com,Manchester,GB,2,2015-02-08,
1251,Kwame,Frost,kwame.frost1250@example.com,Montpellier,FR,17,2017-08-24,
1252,Camille,Ueda,camille.ueda1251@example.com,Dunedin,NZ,23,2019-10-21,
1253,Wren,Nyberg,wren.nyberg1252@example.com,Ljubljana,SI,5,2009-04-11,
1254,Bruno,Thorne,bruno.thorne1253@example.com,Tucson,US,9,2024-06-24,high
1255,Aoife,Roy,aoife.roy1254@example.com,Aarhus,DK,21,2012-07-11,low
1256,Ravi,Nyberg,ravi.nyberg1255@example.com,Raleigh,US,18,2021-05-17,medium
1257,Aoife,Farrow,aoife.farrow1256@example.com,Columbus,US,33,2012-04-27,
1258,Priya,Voss,priya.voss1257@example.com,Victoria,CA,25,2008-11-19,
1259,Jonas,Nakamura,jonas.nakamura1258@example.com,Norwich,GB,35,2017-05-23,
1260,Kiran,Lund,kiran.lund1259@example.com,Porto,PT,13,2019-01-28,
1261,Kiran,Ueda,kiran.ueda1260@example.com,Dunedin,NZ,17,2023-02-01,
1262,Fatima,Shah,fatima.shah1261@example.com,Hobart,AU,17,2025-08-07,
1263,Signe,Okafor,signe.okafor1262@example.com,Manchester,GB,24,2022-01-21,low
1264,Ben,Kaur,ben.kaur1263@example.com,Leipzig,DE,21,2019-04-09,
1265,Ravi,Lindqvist,ravi.lindqvist1264@example.com,Valencia,ES,38,2015-08-22,
1266,Bruno,Adeyemi,bruno.adeyemi1265@example.com,Perth,AU,38,2009-12-04,low
1267,Tomas,Park,tomas.park1266@example.com,Perth,AU,10,2012-06-10,
1268,Priya,Novak,priya.novak1267@example.com,Bergen,NO,5,2015-12-18,
1269,Ciara,Ferreira,ciara.ferreira1268@example.com,Uppsala,SE,20,2015-01-14,
1270,Nell,Rossi,nell.rossi1269@example.com,Norwich,GB,10,2021-11-01,
1271,Amara,Renard,amara.renard1270@example.com,Leipzig,DE,39,2015-10-01,
1272,Idris,Ashworth,idris.ashworth1271@example.com,Dunedin,NZ,1,2013-07-11,
1273,Omar,Ashworth,omar.ashworth1272@example.com,Dunedin,NZ,6,2025-10-09,low
1274,Zara,Brennan,zara.brennan1273@example.com,Dunedin,NZ,27,2008-11-24,
1275,Solveig,Marchetti,solveig.marchetti1274@example.com,Groningen,NL,17,2019-08-06,low
1276,Raj,Petrov,raj.petrov1275@example.com,Hobart,AU,33,2019-07-16,
1277,Ingrid,Quinn,ingrid.quinn1276@example.com,Portland,US,28,2010-09-26,
1278,Pieter,Hale,pieter.hale1277@example.com,Auckland,NZ,24,2022-07-15,medium
1279,Zara,Mwangi,zara.mwangi1278@example.com,Toronto,CA,2,2014-12-13,
1280,Elena,Dubois,elena.dubois1279@example.com,Leipzig,DE,34,2016-01-15,
1281,Hana,Frost,hana.frost1280@example.com,Manchester,GB,8,2014-04-14,
1282,Ravi,Vance,ravi.vance1281@example.com,Bergen,NO,12,2010-11-14,
1283,Idris,Nair,idris.nair1282@example.com,Utrecht,NL,23,2022-01-10,
1284,Elena,Petrov,elena.petrov1283@example.com,Austin,US,34,2010-04-15,medium
1285,Greta,Quinn,greta.quinn1284@example.com,Nantes,FR,5,2015-07-12,
1286,Nora,Zamora,nora.zamora1285@example.com,Adelaide,AU,9,2021-02-11,
1287,Ana,Bauer,ana.bauer1286@example.com,Columbus,US,17,2010-03-23,
1288,Emeka,Rahman,emeka.rahman1287@example.com,Adelaide,AU,12,2010-11-17,
1289,Priya,Fischer,priya.fischer1288@example.com,Victoria,CA,31,2025-11-12,
1290,Rosa,Beaumont,rosa.beaumont1289@example.com,Dunedin,NZ,15,2019-02-04,
1291,Solveig,Sandoval,solveig.sandoval1290@example.com,Norwich,GB,18,2021-02-10,
1292,Pieter,Cormack,pieter.cormack1291@example.com,Bergen,NO,23,2010-01-12,
1293,Jon,Wexler,jon.wexler1292@example.com,Montpellier,FR,8,2023-07-22,
1294,Amara,Marchetti,amara.marchetti1293@example.com,Bologna,IT,38,2008-01-15,
1295,Aoife,Farrow,aoife.farrow1294@example.com,Uppsala,SE,18,2024-05-01,
1296,Ravi,Novak,ravi.novak1295@example.com,Tampere,FI,20,2009-11-07,
1297,Kofi,Halloran,kofi.halloran1296@example.com,Portland,US,37,2012-11-08,
1298,Samir,Quinn,samir.quinn1297@example.com,Groningen,NL,32,2022-09-08,low
1299,Omar,Petrov,omar.petrov1298@example.com,Perth,AU,16,2015-10-28,medium
1300,Ana,Voss,ana.voss1299@example.com,Montpellier,FR,18,2011-11-12,
1301,Bruno,Rahman,bruno.rahman1300@example.com,Toronto,CA,36,2025-03-26,
1302,Elena,Baptiste,elena.baptiste1301@example.com,Toronto,CA,26,2019-05-15,
1303,Delphine,Shah,delphine.shah1302@example.com,Tampere,FI,9,2010-05-15,
1304,Pieter,Delgado,pieter.delgado1303@example.com,Denver,US,22,2016-01-17,low
1305,Aoife,Ibrahim,aoife.ibrahim1304@example.com,Freiburg,DE,14,2019-11-06,medium
1306,Esme,Ricci,esme.ricci1305@example.com,Galway,IE,13,2019-04-04,
1307,Lena,Tan,lena.tan1306@example.com,Victoria,CA,25,2022-03-01,
1308,Raj,Ellery,raj.ellery1307@example.com,Austin,US,20,2016-10-01,high
1309,Ingrid,Sorensen,ingrid.sorensen1308@example.com,Hobart,AU,19,2009-09-21,
1310,Claire,Roy,claire.roy1309@example.com,Porto,PT,40,2019-02-10,low
1311,Aoife,Ricci,aoife.ricci1310@example.com,Manchester,GB,11,2024-06-20,
1312,Jonas,Diaz,jonas.diaz1311@example.com,Nantes,FR,20,2024-11-25,
1313,Nadia,Frost,nadia.frost1312@example.com,Manchester,GB,20,2008-11-09,
1314,Maya,Lindqvist,maya.lindqvist1313@example.com,Tucson,US,37,2020-02-19,high
1315,Andres,Mensah,andres.mensah1314@example.com,Halifax,CA,5,2020-01-03,low
1316,Malik,Baptiste,malik.baptiste1315@example.com,Raleigh,US,2,2025-12-06,
1317,Rosa,Petrov,rosa.petrov1316@example.com,Cork,IE,18,2019-10-12,medium
1318,Raj,Ueda,raj.ueda1317@example.com,Perth,AU,7,2008-03-26,
1319,Wren,Delgado,wren.delgado1318@example.com,Cork,IE,22,2014-09-09,
1320,Priya,Diaz,priya.diaz1319@example.com,Leipzig,DE,25,2008-05-09,
1321,Ravi,Kaur,ravi.kaur1320@example.com,Halifax,CA,35,2012-08-24,low
1322,Marta,Iqbal,marta.iqbal1321@example.com,Uppsala,SE,3,2012-09-16,medium
1323,Rafael,Bauer,rafael.bauer1322@example.com,Adelaide,AU,22,2021-03-16,low
1324,Claire,Reed,claire.reed1323@example.com,Adelaide,AU,8,2022-07-08,medium
1325,Bruno,Okafor,bruno.okafor1324@example.com,Raleigh,US,6,2018-11-05,low
1326,Malik,Rossi,malik.rossi1325@example.com,Uppsala,SE,30,2015-01-22,
1327,Ben,Zamora,ben.zamora1326@example.com,Toronto,CA,32,2016-04-06,
1328,Jon,Osei,jon.osei1327@example.com,Tampere,FI,26,2024-07-08,
1329,Tomas,Baptiste,tomas.baptiste1328@example.com,Manchester,GB,39,2008-10-03,
1330,Jon,Mwangi,jon.mwangi1329@example.com,Ljubljana,SI,10,2024-04-08,
1331,Esme,Brennan,esme.brennan1330@example.com,Utrecht,NL,34,2022-07-09,
1332,Fatima,Nyberg,fatima.nyberg1331@example.com,Galway,IE,35,2016-01-19,medium
1333,Ben,Farrow,ben.farrow1332@example.com,Austin,US,24,2010-10-16,
1334,Wren,Okafor,wren.okafor1333@example.com,Freiburg,DE,4,2016-11-28,
1335,Mateo,Park,mateo.park1334@example.com,Hobart,AU,11,2015-09-12,medium
1336,Jon,Renard,jon.renard1335@example.com,Dunedin,NZ,24,2016-01-06,medium
1337,Sofia,Iqbal,sofia.iqbal1336@example.com,Nantes,FR,1,2023-02-06,
1338,Mateo,Iqbal,mateo.iqbal1337@example.com,Freiburg,DE,17,2022-03-01,
1339,Malik,Roy,malik.roy1338@example.com,Bergen,NO,16,2016-04-17,
1340,Raj,Sandoval,raj.sandoval1339@example.com,Groningen,NL,23,2012-12-12,
1341,Omar,Nyberg,omar.nyberg1340@example.com,Austin,US,5,2023-01-02,
1342,Hugo,Reed,hugo.reed1341@example.com,Ljubljana,SI,20,2009-07-04,
1343,Zara,Larsen,zara.larsen1342@example.com,Norwich,GB,4,2009-12-03,
1344,Hugo,Quinn,hugo.quinn1343@example.com,Porto,PT,10,2025-04-14,
1345,Bruno,Bergstrom,bruno.bergstrom1344@example.com,Sheffield,GB,38,2015-04-26,
1346,Alma,Castellanos,alma.castellanos1345@example.com,Manchester,GB,16,2023-01-13,medium
1347,Greta,Ibrahim,greta.ibrahim1346@example.com,Bergen,NO,27,2013-04-28,
1348,Tomas,Baptiste,tomas.baptiste1347@example.com,Tucson,US,15,2014-10-08,
1349,Sofia,Adeyemi,sofia.adeyemi1348@example.com,Toronto,CA,23,2008-02-16,
1350,Kwame,Wexler,kwame.wexler1349@example.com,Bergen,NO,24,2021-07-03,
1351,Fatima,Vogt,fatima.vogt1350@example.com,Cork,IE,38,2020-09-08,low
1352,Bruno,Nair,bruno.nair1351@example.com,Tucson,US,13,2015-05-11,
1353,Raj,Ellery,raj.ellery1352@example.com,Austin,US,25,2020-02-25,low
1354,Nora,Nyberg,nora.nyberg1353@example.com,Norwich,GB,6,2022-01-17,
1355,Andres,Vogt,andres.vogt1354@example.com,Leipzig,DE,23,2013-10-23,
1356,Nell,Vance,nell.vance1355@example.com,Aarhus,DK,8,2017-02-18,
1357,Ana,Hale,ana.hale1356@example.com,Adelaide,AU,27,2025-05-27,
1358,Signe,Iqbal,signe.iqbal1357@example.com,Manchester,GB,31,2019-07-22,
1359,Iris,Ibrahim,iris.ibrahim1358@example.com,Tucson,US,38,2017-01-21,
1360,Camille,Rahman,camille.rahman1359@example.com,Aarhus,DK,9,2015-04-15,
1361,Maya,Marchetti,maya.marchetti1360@example.com,Porto,PT,1,2021-02-01,low
1362,Priya,Delgado,priya.delgado1361@example.com,Victoria,CA,35,2008-07-03,low
1363,Alma,Cormack,alma.cormack1362@example.com,Bristol,GB,37,2023-07-21,
1364,Camille,Castellanos,camille.castellanos1363@example.com,Groningen,NL,28,2017-12-20,
1365,Ingrid,Okafor,ingrid.okafor1364@example.com,Cork,IE,19,2019-01-13,
1366,Mateo,Vogt,mateo.vogt1365@example.com,Tucson,US,26,2025-09-21,
1367,Nadia,Novak,nadia.novak1366@example.com,Victoria,CA,19,2014-06-24,
1368,Mateo,Silva,mateo.silva1367@example.com,Porto,PT,11,2009-05-26,
1369,Rosa,Park,rosa.park1368@example.com,Columbus,US,33,2020-12-18,
1370,Kofi,Ellery,kofi.ellery1369@example.com,Bristol,GB,34,2014-04-18,
1371,Arjun,Thorne,arjun.thorne1370@example.com,Cork,IE,38,2024-12-19,
1372,Lena,Fischer,lena.fischer1371@example.com,Columbus,US,4,2008-10-28,low
1373,Tom,Kowalski,tom.kowalski1372@example.com,Freiburg,DE,14,2024-03-23,low
1374,Sean,Vance,sean.vance1373@example.com,Ljubljana,SI,14,2018-11-13,
1375,Yuki,Mwangi,yuki.mwangi1374@example.com,Tampere,FI,18,2012-07-07,
1376,Kwame,Tan,kwame.tan1375@example.com,Montpellier,FR,25,2014-02-05,low
1377,Elena,Lund,elena.lund1376@example.com,Montpellier,FR,20,2008-02-24,
1378,Amara,Solberg,amara.solberg1377@example.com,Leipzig,DE,30,2024-02-19,
1379,Ingrid,Renard,ingrid.renard1378@example.com,Ljubljana,SI,5,2012-07-01,
1380,Emeka,Vogt,emeka.vogt1379@example.com,Denver,US,9,2009-10-07,
1381,Sara,Petrov,sara.petrov1380@example.com,Bergen,NO,38,2017-11-23,
1382,Kiran,Zamora,kiran.zamora1381@example.com,Columbus,US,1,2021-03-24,
1383,Tomas,Nakamura,tomas.nakamura1382@example.com,Ljubljana,SI,25,2019-08-11,
1384,Priya,Okafor,priya.okafor1383@example.com,Portland,US,12,2020-04-15,
1385,Eli,Vance,eli.vance1384@example.com,Portland,US,22,2024-03-02,low
1386,Dmitri,Farrow,dmitri.farrow1385@example.com,Halifax,CA,14,2012-08-11,medium
1387,Leila,Baptiste,leila.baptiste1386@example.com,Aarhus,DK,33,2008-12-05,low
1388,Anton,Rahman,anton.rahman1387@example.com,Adelaide,AU,38,2021-11-25,
1389,Nora,Solberg,nora.solberg1388@example.com,Auckland,NZ,16,2021-04-18,
1390,Greta,Sandoval,greta.sandoval1389@example.com,Montpellier,FR,24,2025-08-14,
1391,Ana,Dubois,ana.dubois1390@example.com,Ljubljana,SI,5,2015-03-01,
1392,Fatima,Thorne,fatima.thorne1391@example.com,Valencia,ES,13,2015-11-14,low
1393,Ingrid,Fischer,ingrid.fischer1392@example.com,Ljubljana,SI,27,2025-09-01,high
1394,Solveig,Okafor,solveig.okafor1393@example.com,Ljubljana,SI,39,2025-04-02,
1395,Kiran,Ricci,kiran.ricci1394@example.com,Valencia,ES,18,2011-12-26,
1396,Kofi,Sorensen,kofi.sorensen1395@example.com,Bergen,NO,2,2009-07-16,
1397,Josefina,Park,josefina.park1396@example.com,Tucson,US,19,2013-12-17,
1398,Fatima,Zamora,fatima.zamora1397@example.com,Porto,PT,33,2011-02-14,
1399,Sean,Okafor,sean.okafor1398@example.com,Utrecht,NL,21,2010-04-22,
1400,Rosa,Hale,rosa.hale1399@example.com,Leipzig,DE,29,2011-10-01,
1401,Fatima,Halloran,fatima.halloran1400@example.com,Porto,PT,15,2009-12-21,
1402,Ingrid,Iqbal,ingrid.iqbal1401@example.com,Columbus,US,10,2010-04-28,
1403,Kofi,Larsen,kofi.larsen1402@example.com,Groningen,NL,35,2012-11-05,low
1404,Bruno,Sandoval,bruno.sandoval1403@example.com,Hobart,AU,22,2011-08-15,medium
1405,Hana,Kaur,hana.kaur1404@example.com,Victoria,CA,16,2012-05-19,
1406,Malik,Haddad,malik.haddad1405@example.com,Tucson,US,38,2021-10-25,high
1407,Josefina,Rossi,josefina.rossi1406@example.com,Toronto,CA,34,2017-11-12,
1408,Tom,Renard,tom.renard1407@example.com,Groningen,NL,18,2013-09-16,
1409,Rafael,Sorensen,rafael.sorensen1408@example.com,Cork,IE,4,2018-04-06,
1410,Priya,Zamora,priya.zamora1409@example.com,Perth,AU,11,2013-09-23,
1411,Maya,Farrow,maya.farrow1410@example.com,Victoria,CA,6,2014-11-11,
1412,Elena,Halloran,elena.halloran1411@example.com,Austin,US,17,2021-06-22,
1413,Nadia,Mwangi,nadia.mwangi1412@example.com,Porto,PT,16,2010-04-16,low
1414,Nora,Lund,nora.lund1413@example.com,Galway,IE,18,2020-09-20,
1415,Solveig,Wexler,solveig.wexler1414@example.com,Porto,PT,7,2020-03-23,
1416,Felix,Beaumont,felix.beaumont1415@example.com,Victoria,CA,39,2014-01-17,low
1417,Lena,Whitfield,lena.whitfield1416@example.com,Denver,US,19,2012-09-21,
1418,Jonas,Frost,jonas.frost1417@example.com,Halifax,CA,25,2023-11-21,
1419,Emeka,Wexler,emeka.wexler1418@example.com,Dunedin,NZ,8,2023-09-04,
1420,Hana,Shah,hana.shah1419@example.com,Groningen,NL,8,2010-06-10,
1421,Aoife,Moreau,aoife.moreau1420@example.com,Bristol,GB,32,2010-08-20,
1422,Nora,Achebe,nora.achebe1421@example.com,Columbus,US,20,2019-02-11,
1423,Nadia,Frost,nadia.frost1422@example.com,Freiburg,DE,30,2008-08-12,
1424,Lars,Mensah,lars.mensah1423@example.com,Montpellier,FR,14,2011-01-02,
1425,Alma,Kaur,alma.kaur1424@example.com,Nantes,FR,34,2019-08-23,
1426,Tobias,Iqbal,tobias.iqbal1425@example.com,Hobart,AU,1,2011-07-07,
1427,Sara,Zamora,sara.zamora1426@example.com,Valencia,ES,9,2021-06-22,
1428,Sara,Novak,sara.novak1427@example.com,Bologna,IT,27,2023-05-16,
1429,Ingrid,Sorensen,ingrid.sorensen1428@example.com,Uppsala,SE,5,2014-03-04,low
1430,Ciara,Baptiste,ciara.baptiste1429@example.com,Cork,IE,21,2020-09-18,medium
1431,Tomas,Tan,tomas.tan1430@example.com,Galway,IE,23,2012-11-20,low
1432,Noel,Rahman,noel.rahman1431@example.com,Halifax,CA,3,2010-11-21,
1433,Elena,Renard,elena.renard1432@example.com,Bologna,IT,1,2010-04-21,
1434,Ben,Ashworth,ben.ashworth1433@example.com,Auckland,NZ,3,2017-01-26,
1435,Leila,Fischer,leila.fischer1434@example.com,Manchester,GB,24,2018-06-07,
1436,Anton,Lindqvist,anton.lindqvist1435@example.com,Nantes,FR,20,2011-11-20,
1437,Iris,Quinn,iris.quinn1436@example.com,Perth,AU,34,2016-12-06,
1438,Arjun,Solberg,arjun.solberg1437@example.com,Aarhus,DK,26,2021-06-17,
1439,Signe,Marchetti,signe.marchetti1438@example.com,Montpellier,FR,31,2024-10-23,low
1440,Omar,Sandoval,omar.sandoval1439@example.com,Valencia,ES,20,2016-11-01,
1441,Arjun,Baptiste,arjun.baptiste1440@example.com,Uppsala,SE,28,2018-06-23,medium
1442,Mateo,Tan,mateo.tan1441@example.com,Toronto,CA,35,2017-12-01,medium
1443,Eli,Farrow,eli.farrow1442@example.com,Austin,US,22,2012-04-26,
1444,Emeka,Moreau,emeka.moreau1443@example.com,Columbus,US,30,2023-09-24,
1445,Malik,Wexler,malik.wexler1444@example.com,Montpellier,FR,8,2018-04-09,low
1446,Tarek,Dubois,tarek.dubois1445@example.com,Victoria,CA,9,2014-06-08,
1447,Yuki,Adeyemi,yuki.adeyemi1446@example.com,Portland,US,35,2016-12-08,
1448,Josefina,Halloran,josefina.halloran1447@example.com,Aarhus,DK,18,2015-02-04,
1449,Dmitri,Tan,dmitri.tan1448@example.com,Portland,US,19,2019-07-10,
1450,Jon,Sorensen,jon.sorensen1449@example.com,Manchester,GB,3,2010-06-19,
1451,Camille,Reed,camille.reed1450@example.com,Galway,IE,17,2012-04-17,high
1452,Ravi,Mwangi,ravi.mwangi1451@example.com,Norwich,GB,5,2022-09-21,
1453,Viktor,Marchetti,viktor.marchetti1452@example.com,Nantes,FR,26,2013-09-16,medium
1454,Tomas,Lund,tomas.lund1453@example.com,Bologna,IT,9,2023-07-15,
1455,Kwame,Nair,kwame.nair1454@example.com,Tampere,FI,38,2015-02-17,
1456,Raj,Ricci,raj.ricci1455@example.com,Manchester,GB,30,2018-04-06,
1457,Ingrid,Moreau,ingrid.moreau1456@example.com,Perth,AU,2,2021-04-22,high
1458,Signe,Tan,signe.tan1457@example.com,Bologna,IT,25,2020-04-13,medium
1459,Yuki,Ueda,yuki.ueda1458@example.com,Victoria,CA,15,2008-11-16,
1460,Raj,Iqbal,raj.iqbal1459@example.com,Victoria,CA,27,2014-04-18,low
1461,Samir,Cole,samir.cole1460@example.com,Cork,IE,34,2010-12-25,
1462,Zara,Bergstrom,zara.bergstrom1461@example.com,Nantes,FR,7,2013-06-03,
1463,Lars,Nakamura,lars.nakamura1462@example.com,Bergen,NO,38,2009-05-11,
1464,Zara,Park,zara.park1463@example.com,Uppsala,SE,28,2012-09-15,
1465,Priya,Adeyemi,priya.adeyemi1464@example.com,Columbus,US,34,2023-06-20,
1466,Omar,Ricci,omar.ricci1465@example.com,Bologna,IT,39,2023-05-07,
1467,Amara,Mensah,amara.mensah1466@example.com,Bologna,IT,39,2021-06-03,
1468,Andres,Bauer,andres.bauer1467@example.com,Uppsala,SE,7,2014-04-12,low
1469,Josefina,Renard,josefina.renard1468@example.com,Nantes,FR,4,2024-03-22,low
1470,Eli,Kaur,eli.kaur1469@example.com,Bristol,GB,18,2010-05-13,
1471,Solveig,Ferreira,solveig.ferreira1470@example.com,Porto,PT,39,2011-01-07,
1472,Alma,Castellanos,alma.castellanos1471@example.com,Aarhus,DK,7,2024-03-15,
1473,Tom,Whitfield,tom.whitfield1472@example.com,Perth,AU,40,2021-05-05,medium
1474,Malik,Baptiste,malik.baptiste1473@example.com,Tampere,FI,8,2011-03-14,
1475,Marta,Nakamura,marta.nakamura1474@example.com,Ljubljana,SI,33,2019-11-22,low
1476,Idris,Ricci,idris.ricci1475@example.com,Valencia,ES,11,2023-09-10,
1477,Zara,Fischer,zara.fischer1476@example.com,Denver,US,4,2008-02-09,
1478,Samir,Frost,samir.frost1477@example.com,Ljubljana,SI,4,2012-07-17,
1479,Eli,Achebe,eli.achebe1478@example.com,Auckland,NZ,8,2014-01-21,
1480,Alma,Roy,alma.roy1479@example.com,Victoria,CA,14,2025-04-02,
1481,Tobias,Quinn,tobias.quinn1480@example.com,Montpellier,FR,12,2010-02-02,medium
1482,Tarek,Fischer,tarek.fischer1481@example.com,Manchester,GB,6,2024-06-07,
1483,Tobias,Farrow,tobias.farrow1482@example.com,Ljubljana,SI,23,2016-09-21,
1484,Ingrid,Zamora,ingrid.zamora1483@example.com,Freiburg,DE,38,2022-07-09,low
1485,Priya,Vogt,priya.vogt1484@example.com,Leipzig,DE,1,2011-06-11,medium
1486,Hana,Rossi,hana.rossi1485@example.com,Bristol,GB,10,2010-07-02,
1487,Hana,Ashworth,hana.ashworth1486@example.com,Tucson,US,13,2022-05-03,
1488,Lena,Petrov,lena.petrov1487@example.com,Nantes,FR,6,2010-01-02,medium
1489,Raj,Voss,raj.voss1488@example.com,Groningen,NL,35,2022-12-04,
1490,Priya,Cole,priya.cole1489@example.com,Perth,AU,15,2023-08-19,low
1491,Alma,Nakamura,alma.nakamura1490@example.com,Tampere,FI,21,2012-12-21,
1492,Kiran,Brennan,kiran.brennan1491@example.com,Portland,US,1,2011-11-26,
1493,Signe,Lund,signe.lund1492@example.com,Portland,US,1,2012-12-08,
1494,Claire,Bauer,claire.bauer1493@example.com,Adelaide,AU,38,2012-02-25,
1495,Pieter,Iqbal,pieter.iqbal1494@example.com,Bristol,GB,17,2025-09-10,
1496,Noel,Dubois,noel.dubois1495@example.com,Adelaide,AU,25,2009-08-15,
1497,Elena,Dubois,elena.dubois1496@example.com,Halifax,CA,15,2024-05-06,
1498,Leila,Lindqvist,leila.lindqvist1497@example.com,Manchester,GB,12,2008-02-18,
1499,Jon,Nakamura,jon.nakamura1498@example.com,Galway,IE,33,2022-06-02,medium
1500,Arjun,Lund,arjun.lund1499@example.com,Portland,US,36,2023-02-05,
1501,Rosa,Bergstrom,rosa.bergstrom1500@example.com,Uppsala,SE,37,2015-05-01,
1502,Esme,Kirby,esme.kirby1501@example.com,Aarhus,DK,20,2024-07-14,
1503,Leila,Sorensen,leila.sorensen1502@example.com,Hobart,AU,18,2025-07-07,
1504,Pieter,Lund,pieter.lund1503@example.com,Halifax,CA,12,2011-03-05,
1505,Camille,Adeyemi,camille.adeyemi1504@example.com,Galway,IE,14,2015-08-13,
1506,Yuki,Shah,yuki.shah1505@example.com,Hobart,AU,25,2019-03-13,
1507,Sean,Park,sean.park1506@example.com,Leipzig,DE,24,2015-04-09,
1508,Sara,Sorensen,sara.sorensen1507@example.com,Dunedin,NZ,13,2008-01-16,
1509,Tomas,Frost,tomas.frost1508@example.com,Sheffield,GB,30,2021-10-10,medium
1510,Iris,Fischer,iris.fischer1509@example.com,Galway,IE,37,2020-04-18,
1511,Tobias,Osei,tobias.osei1510@example.com,Aarhus,DK,16,2013-05-04,
1512,Emeka,Reed,emeka.reed1511@example.com,Tampere,FI,17,2008-12-06,
1513,Iris,Ferreira,iris.ferreira1512@example.com,Bristol,GB,10,2009-12-11,
1514,Solveig,Ashworth,solveig.ashworth1513@example.com,Uppsala,SE,10,2012-04-18,low
1515,Hugo,Diaz,hugo.diaz1514@example.com,Sheffield,GB,1,2011-05-03,
1516,Priya,Frost,priya.frost1515@example.com,Leipzig,DE,29,2020-10-13,
1517,Viktor,Kowalski,viktor.kowalski1516@example.com,Tucson,US,28,2018-11-09,
1518,Priya,Achebe,priya.achebe1517@example.com,Leipzig,DE,23,2014-01-23,low
1519,Alma,Farrow,alma.farrow1518@example.com,Nantes,FR,34,2012-01-21,
1520,Bruno,Vogt,bruno.vogt1519@example.com,Cork,IE,4,2014-01-05,medium
1521,Yuki,Okafor,yuki.okafor1520@example.com,Victoria,CA,4,2009-07-01,
1522,Sean,Ricci,sean.ricci1521@example.com,Tampere,FI,13,2012-05-20,high
1523,Tarek,Cormack,tarek.cormack1522@example.com,Groningen,NL,3,2015-12-01,
1524,Rosa,Farrow,rosa.farrow1523@example.com,Adelaide,AU,26,2011-02-07,
1525,Leila,Mwangi,leila.mwangi1524@example.com,Valencia,ES,16,2018-08-14,medium
1526,Rosa,Voss,rosa.voss1525@example.com,Ljubljana,SI,10,2015-07-17,low
1527,Idris,Wexler,idris.wexler1526@example.com,Perth,AU,13,2019-01-10,
1528,Camille,Beaumont,camille.beaumont1527@example.com,Tucson,US,39,2008-01-06,high
1529,Ana,Fischer,ana.fischer1528@example.com,Tampere,FI,33,2024-09-22,low
1530,Solveig,Osei,solveig.osei1529@example.com,Galway,IE,13,2009-03-16,low
1531,Elena,Brennan,elena.brennan1530@example.com,Halifax,CA,25,2014-04-06,
1532,Rafael,Baptiste,rafael.baptiste1531@example.com,Norwich,GB,9,2024-02-28,
1533,Bianca,Solberg,bianca.solberg1532@example.com,Adelaide,AU,15,2022-09-06,
1534,Bianca,Delgado,bianca.delgado1533@example.com,Victoria,CA,31,2017-04-13,
1535,Samir,Ricci,samir.ricci1534@example.com,Tucson,US,37,2019-04-21,low
1536,Viktor,Bauer,viktor.bauer1535@example.com,Bristol,GB,4,2012-06-09,
1537,Amara,Abbott,amara.abbott1536@example.com,Austin,US,28,2011-12-27,
1538,Aoife,Castellanos,aoife.castellanos1537@example.com,Hobart,AU,22,2014-10-10,
1539,Hugo,Lindqvist,hugo.lindqvist1538@example.com,Cork,IE,16,2012-10-14,
1540,Noel,Sorensen,noel.sorensen1539@example.com,Austin,US,32,2013-04-09,
1541,Sean,Reed,sean.reed1540@example.com,Freiburg,DE,20,2024-08-12,
1542,Bianca,Quinn,bianca.quinn1541@example.com,Toronto,CA,23,2020-08-06,
1543,Fatima,Beaumont,fatima.beaumont1542@example.com,Cork,IE,5,2008-01-09,
1544,Noel,Iqbal,noel.iqbal1543@example.com,Columbus,US,6,2011-11-15,
1545,Raj,Wexler,raj.wexler1544@example.com,Columbus,US,11,2017-09-22,
1546,Greta,Larsen,greta.larsen1545@example.com,Portland,US,31,2021-07-10,
1547,Pieter,Ibrahim,pieter.ibrahim1546@example.com,Porto,PT,5,2013-05-05,
1548,Lena,Quinn,lena.quinn1547@example.com,Halifax,CA,24,2018-08-13,
1549,Eli,Park,eli.park1548@example.com,Bergen,NO,21,2024-10-18,medium
1550,Tom,Novak,tom.novak1549@example.com,Denver,US,10,2024-03-26,
1551,Idris,Sorensen,idris.sorensen1550@example.com,Adelaide,AU,12,2015-02-15,low
1552,Camille,Haddad,camille.haddad1551@example.com,Tucson,US,24,2011-06-27,low
1553,Kwame,Bergstrom,kwame.bergstrom1552@example.com,Halifax,CA,4,2016-04-11,
1554,Tobias,Larsen,tobias.larsen1553@example.com,Utrecht,NL,26,2023-11-23,
1555,Lena,Zamora,lena.zamora1554@example.com,Cork,IE,32,2012-11-13,
1556,Sean,Baptiste,sean.baptiste1555@example.com,Bergen,NO,22,2011-10-03,medium
1557,Rosa,Shah,rosa.shah1556@example.com,Groningen,NL,30,2015-05-12,
1558,Rosa,Okafor,rosa.okafor1557@example.com,Bologna,IT,13,2017-06-01,
1559,Andres,Mensah,andres.mensah1558@example.com,Norwich,GB,38,2025-02-14,
1560,Nell,Ibrahim,nell.ibrahim1559@example.com,Halifax,CA,30,2021-12-23,low
1561,Signe,Osei,signe.osei1560@example.com,Victoria,CA,28,2008-01-05,
1562,Tobias,Park,tobias.park1561@example.com,Tampere,FI,21,2021-12-23,high
1563,Aoife,Solberg,aoife.solberg1562@example.com,Nantes,FR,14,2022-06-26,
1564,Viktor,Delgado,viktor.delgado1563@example.com,Hobart,AU,8,2013-04-14,
1565,Signe,Silva,signe.silva1564@example.com,Dunedin,NZ,9,2012-06-11,
1566,Bianca,Iqbal,bianca.iqbal1565@example.com,Adelaide,AU,32,2010-05-25,low
1567,Pieter,Osei,pieter.osei1566@example.com,Groningen,NL,5,2010-03-21,medium
1568,Tarek,Iqbal,tarek.iqbal1567@example.com,Leipzig,DE,28,2014-09-02,
1569,Bruno,Frost,bruno.frost1568@example.com,Freiburg,DE,32,2011-03-07,
1570,Lena,Achebe,lena.achebe1569@example.com,Uppsala,SE,40,2018-06-23,
1571,Claire,Rossi,claire.rossi1570@example.com,Raleigh,US,3,2009-02-08,low
1572,Wren,Kirby,wren.kirby1571@example.com,Halifax,CA,13,2021-08-18,low
1573,Maya,Solberg,maya.solberg1572@example.com,Victoria,CA,9,2009-11-25,
1574,Aoife,Dubois,aoife.dubois1573@example.com,Bergen,NO,29,2016-10-20,
1575,Hugo,Zamora,hugo.zamora1574@example.com,Tucson,US,1,2012-07-08,
1576,Wren,Larsen,wren.larsen1575@example.com,Hobart,AU,22,2021-06-12,low
1577,Nora,Ricci,nora.ricci1576@example.com,Austin,US,6,2020-01-05,
1578,Rafael,Vance,rafael.vance1577@example.com,Portland,US,19,2021-12-18,
1579,Priya,Castellanos,priya.castellanos1578@example.com,Norwich,GB,14,2016-05-28,
1580,Eli,Renard,eli.renard1579@example.com,Porto,PT,35,2025-11-05,
1581,Jonas,Moreau,jonas.moreau1580@example.com,Montpellier,FR,25,2021-01-28,
1582,Andres,Farrow,andres.farrow1581@example.com,Victoria,CA,14,2023-07-15,low
1583,Tomas,Haddad,tomas.haddad1582@example.com,Porto,PT,9,2010-01-13,low
1584,Kwame,Castellanos,kwame.castellanos1583@example.com,Manchester,GB,30,2022-11-09,low
1585,Amara,Rahman,amara.rahman1584@example.com,Columbus,US,18,2017-10-19,
1586,Tomas,Achebe,tomas.achebe1585@example.com,Toronto,CA,10,2012-07-18,
1587,Kwame,Lindqvist,kwame.lindqvist1586@example.com,Hobart,AU,5,2021-07-08,high
1588,Ravi,Cormack,ravi.cormack1587@example.com,Perth,AU,29,2025-02-09,
1589,Elena,Whitfield,elena.whitfield1588@example.com,Sheffield,GB,25,2012-01-19,medium
1590,Marta,Baptiste,marta.baptiste1589@example.com,Leipzig,DE,37,2017-01-14,
1591,Malik,Haddad,malik.haddad1590@example.com,Denver,US,9,2017-06-26,
1592,Lars,Okafor,lars.okafor1591@example.com,Dunedin,NZ,8,2019-01-21,
1593,Rosa,Okafor,rosa.okafor1592@example.com,Nantes,FR,17,2008-02-19,
1594,Tarek,Mensah,tarek.mensah1593@example.com,Manchester,GB,19,2011-01-22,
1595,Ravi,Delgado,ravi.delgado1594@example.com,Bristol,GB,37,2008-11-14,medium
1596,Ana,Halloran,ana.halloran1595@example.com,Raleigh,US,26,2012-10-18,medium
1597,Samir,Okafor,samir.okafor1596@example.com,Denver,US,2,2019-01-20,low
1598,Solveig,Novak,solveig.novak1597@example.com,Auckland,NZ,7,2014-06-19,low
1599,Greta,Osei,greta.osei1598@example.com,Freiburg,DE,18,2010-08-10,
1600,Andres,Reed,andres.reed1599@example.com,Raleigh,US,16,2011-08-15,
1601,Arjun,Haddad,arjun.haddad1600@example.com,Auckland,NZ,12,2022-03-26,
1602,Greta,Nyberg,greta.nyberg1601@example.com,Bristol,GB,16,2016-10-05,
1603,Solveig,Brennan,solveig.brennan1602@example.com,Porto,PT,1,2025-08-14,
1604,Noel,Brennan,noel.brennan1603@example.com,Portland,US,6,2015-07-12,
1605,Sean,Roy,sean.roy1604@example.com,Cork,IE,20,2024-06-02,low
1606,Wren,Solberg,wren.solberg1605@example.com,Norwich,GB,27,2009-02-26,
1607,Lars,Kowalski,lars.kowalski1606@example.com,Dunedin,NZ,6,2021-08-17,
1608,Solveig,Delgado,solveig.delgado1607@example.com,Valencia,ES,14,2014-04-10,
1609,Ana,Nakamura,ana.nakamura1608@example.com,Denver,US,34,2014-02-10,low
1610,Malik,Fischer,malik.fischer1609@example.com,Victoria,CA,8,2009-09-23,
1611,Iris,Shah,iris.shah1610@example.com,Dunedin,NZ,20,2017-10-18,
1612,Alma,Moreau,alma.moreau1611@example.com,Porto,PT,33,2018-05-11,
1613,Omar,Reed,omar.reed1612@example.com,Tampere,FI,35,2024-01-19,low
1614,Camille,Cole,camille.cole1613@example.com,Galway,IE,16,2011-04-18,
1615,Tomas,Nair,tomas.nair1614@example.com,Ljubljana,SI,7,2021-06-20,
1616,Priya,Dubois,priya.dubois1615@example.com,Utrecht,NL,24,2013-11-14,
1617,Ravi,Moreau,ravi.moreau1616@example.com,Cork,IE,25,2020-08-12,low
1618,Bianca,Achebe,bianca.achebe1617@example.com,Freiburg,DE,33,2015-01-22,high
1619,Emeka,Adeyemi,emeka.adeyemi1618@example.com,Groningen,NL,28,2009-09-14,
1620,Leila,Whitfield,leila.whitfield1619@example.com,Halifax,CA,9,2020-12-04,low
1621,Kiran,Ibrahim,kiran.ibrahim1620@example.com,Ljubljana,SI,27,2019-01-07,
1622,Raj,Okafor,raj.okafor1621@example.com,Dunedin,NZ,7,2012-08-27,
1623,Tomas,Baptiste,tomas.baptiste1622@example.com,Leipzig,DE,4,2008-01-18,low
1624,Nora,Kaur,nora.kaur1623@example.com,Portland,US,9,2012-02-14,
1625,Camille,Roy,camille.roy1624@example.com,Dunedin,NZ,26,2014-04-21,
1626,Nadia,Nakamura,nadia.nakamura1625@example.com,Uppsala,SE,37,2008-11-05,
1627,Felix,Kirby,felix.kirby1626@example.com,Hobart,AU,29,2008-12-21,medium
1628,Nadia,Shah,nadia.shah1627@example.com,Toronto,CA,39,2008-12-03,
1629,Tobias,Zamora,tobias.zamora1628@example.com,Galway,IE,13,2019-05-28,
1630,Marta,Castellanos,marta.castellanos1629@example.com,Columbus,US,19,2025-05-17,
1631,Hana,Zamora,hana.zamora1630@example.com,Ljubljana,SI,4,2023-01-25,low
1632,Emeka,Adeyemi,emeka.adeyemi1631@example.com,Victoria,CA,31,2021-06-28,
1633,Felix,Ibrahim,felix.ibrahim1632@example.com,Utrecht,NL,18,2015-05-06,medium
1634,Hugo,Kirby,hugo.kirby1633@example.com,Ljubljana,SI,28,2010-04-18,low
1635,Eli,Zamora,eli.zamora1634@example.com,Tampere,FI,13,2020-01-10,high
1636,Pieter,Ricci,pieter.ricci1635@example.com,Bergen,NO,19,2016-03-28,
1637,Sara,Ashworth,sara.ashworth1636@example.com,Freiburg,DE,22,2009-10-16,
1638,Viktor,Mensah,viktor.mensah1637@example.com,Bristol,GB,22,2015-02-08,
1639,Noel,Thorne,noel.thorne1638@example.com,Auckland,NZ,11,2021-06-07,
1640,Nora,Tan,nora.tan1639@example.com,Denver,US,32,2016-12-22,
1641,Iris,Cole,iris.cole1640@example.com,Groningen,NL,12,2011-09-03,
1642,Lena,Quinn,lena.quinn1641@example.com,Halifax,CA,24,2020-04-15,low
1643,Omar,Fischer,omar.fischer1642@example.com,Aarhus,DK,39,2008-02-14,
1644,Jon,Castellanos,jon.castellanos1643@example.com,Sheffield,GB,4,2015-02-13,low
1645,Raj,Diaz,raj.diaz1644@example.com,Nantes,FR,38,2010-04-12,
1646,Lars,Moreau,lars.moreau1645@example.com,Montpellier,FR,19,2019-11-09,medium
1647,Priya,Voss,priya.voss1646@example.com,Perth,AU,39,2020-09-06,low
1648,Jonas,Marchetti,jonas.marchetti1647@example.com,Cork,IE,19,2022-07-22,
1649,Sara,Hale,sara.hale1648@example.com,Galway,IE,12,2025-11-22,
1650,Hana,Larsen,hana.larsen1649@example.com,Tucson,US,12,2018-07-17,
1651,Sofia,Lindqvist,sofia.lindqvist1650@example.com,Adelaide,AU,32,2023-09-10,
1652,Kiran,Solberg,kiran.solberg1651@example.com,Utrecht,NL,15,2011-01-18,low
1653,Viktor,Lindqvist,viktor.lindqvist1652@example.com,Auckland,NZ,26,2022-10-27,
1654,Signe,Voss,signe.voss1653@example.com,Victoria,CA,7,2020-06-25,
1655,Ben,Novak,ben.novak1654@example.com,Columbus,US,1,2020-11-13,medium
1656,Maya,Fischer,maya.fischer1655@example.com,Perth,AU,10,2012-02-18,
1657,Sean,Frost,sean.frost1656@example.com,Montpellier,FR,8,2010-01-10,
1658,Bianca,Abbott,bianca.abbott1657@example.com,Uppsala,SE,17,2015-08-27,
1659,Josefina,Ricci,josefina.ricci1658@example.com,Toronto,CA,8,2024-10-08,low
1660,Nora,Whitfield,nora.whitfield1659@example.com,Utrecht,NL,10,2009-03-10,
1661,Omar,Wexler,omar.wexler1660@example.com,Galway,IE,20,2009-01-03,
1662,Rafael,Castellanos,rafael.castellanos1661@example.com,Halifax,CA,11,2023-02-27,low
1663,Yuki,Rahman,yuki.rahman1662@example.com,Groningen,NL,33,2018-10-23,
1664,Wren,Cormack,wren.cormack1663@example.com,Dunedin,NZ,35,2016-02-23,
1665,Raj,Farrow,raj.farrow1664@example.com,Galway,IE,35,2009-10-23,
1666,Raj,Thorne,raj.thorne1665@example.com,Ljubljana,SI,30,2025-04-14,
1667,Tarek,Nyberg,tarek.nyberg1666@example.com,Groningen,NL,23,2016-07-24,low
1668,Mateo,Halloran,mateo.halloran1667@example.com,Nantes,FR,17,2009-04-03,low
1669,Tarek,Diaz,tarek.diaz1668@example.com,Austin,US,12,2016-08-21,high
1670,Nadia,Petrov,nadia.petrov1669@example.com,Galway,IE,17,2022-07-15,
1671,Samir,Silva,samir.silva1670@example.com,Tampere,FI,2,2022-07-01,
1672,Yuki,Renard,yuki.renard1671@example.com,Porto,PT,7,2010-11-26,low
1673,Maya,Brennan,maya.brennan1672@example.com,Tucson,US,6,2022-05-13,
1674,Ben,Thorne,ben.thorne1673@example.com,Galway,IE,14,2023-07-23,
1675,Wren,Diaz,wren.diaz1674@example.com,Bologna,IT,25,2019-09-27,
1676,Signe,Quinn,signe.quinn1675@example.com,Columbus,US,30,2023-08-24,
1677,Dmitri,Ellery,dmitri.ellery1676@example.com,Tampere,FI,1,2025-03-16,low
1678,Claire,Hale,claire.hale1677@example.com,Utrecht,NL,1,2012-04-21,
1679,Pieter,Nair,pieter.nair1678@example.com,Bristol,GB,3,2011-02-03,
1680,Lena,Moreau,lena.moreau1679@example.com,Dunedin,NZ,10,2023-09-11,
1681,Malik,Hale,malik.hale1680@example.com,Raleigh,US,23,2012-07-21,
1682,Leila,Thorne,leila.thorne1681@example.com,Nantes,FR,19,2010-07-27,medium
1683,Elena,Haddad,elena.haddad1682@example.com,Porto,PT,22,2015-09-19,low
1684,Priya,Tan,priya.tan1683@example.com,Aarhus,DK,23,2021-10-28,
1685,Samir,Rossi,samir.rossi1684@example.com,Valencia,ES,31,2020-11-21,low
1686,Kwame,Larsen,kwame.larsen1685@example.com,Halifax,CA,10,2024-12-09,
1687,Kiran,Okafor,kiran.okafor1686@example.com,Halifax,CA,29,2012-05-13,low
1688,Pieter,Nair,pieter.nair1687@example.com,Dunedin,NZ,23,2015-05-23,medium
1689,Kiran,Sandoval,kiran.sandoval1688@example.com,Dunedin,NZ,7,2011-01-16,
1690,Dmitri,Dubois,dmitri.dubois1689@example.com,Portland,US,16,2011-12-14,
1691,Ana,Novak,ana.novak1690@example.com,Cork,IE,8,2011-11-09,
1692,Rafael,Quinn,rafael.quinn1691@example.com,Hobart,AU,25,2011-03-03,
1693,Omar,Ueda,omar.ueda1692@example.com,Norwich,GB,35,2013-12-15,
1694,Anton,Dubois,anton.dubois1693@example.com,Bergen,NO,9,2024-04-05,
1695,Tom,Nair,tom.nair1694@example.com,Bristol,GB,12,2015-12-28,
1696,Aoife,Baptiste,aoife.baptiste1695@example.com,Bologna,IT,31,2009-03-24,low
1697,Sofia,Tan,sofia.tan1696@example.com,Valencia,ES,2,2015-07-03,
1698,Kofi,Ellery,kofi.ellery1697@example.com,Bergen,NO,27,2016-09-27,
1699,Hana,Shah,hana.shah1698@example.com,Dunedin,NZ,37,2024-07-26,
1700,Pieter,Adeyemi,pieter.adeyemi1699@example.com,Uppsala,SE,10,2010-12-11,medium
1701,Tom,Quinn,tom.quinn1700@example.com,Leipzig,DE,38,2018-02-17,
1702,Sara,Abbott,sara.abbott1701@example.com,Adelaide,AU,25,2012-05-25,
1703,Dmitri,Ferreira,dmitri.ferreira1702@example.com,Sheffield,GB,17,2012-09-02,
1704,Hugo,Kowalski,hugo.kowalski1703@example.com,Aarhus,DK,7,2024-10-15,
1705,Yuki,Kirby,yuki.kirby1704@example.com,Valencia,ES,24,2012-07-08,
1706,Kwame,Nakamura,kwame.nakamura1705@example.com,Sheffield,GB,27,2019-03-13,medium
1707,Mateo,Beaumont,mateo.beaumont1706@example.com,Bologna,IT,23,2019-03-09,
1708,Greta,Osei,greta.osei1707@example.com,Montpellier,FR,17,2010-11-21,low
1709,Andres,Marchetti,andres.marchetti1708@example.com,Valencia,ES,8,2019-09-15,
1710,Anton,Sorensen,anton.sorensen1709@example.com,Denver,US,26,2019-11-08,
1711,Emeka,Sandoval,emeka.sandoval1710@example.com,Bergen,NO,30,2017-04-24,
1712,Hugo,Lund,hugo.lund1711@example.com,Halifax,CA,12,2018-08-03,high
1713,Lena,Dubois,lena.dubois1712@example.com,Halifax,CA,2,2011-10-08,low
1714,Josefina,Rossi,josefina.rossi1713@example.com,Bologna,IT,35,2018-01-03,
1715,Kofi,Dubois,kofi.dubois1714@example.com,Porto,PT,39,2008-11-04,low
1716,Bianca,Kirby,bianca.kirby1715@example.com,Ljubljana,SI,18,2017-03-05,
1717,Hugo,Quinn,hugo.quinn1716@example.com,Toronto,CA,9,2014-05-26,low
1718,Raj,Thorne,raj.thorne1717@example.com,Victoria,CA,28,2024-02-03,
1719,Kofi,Zamora,kofi.zamora1718@example.com,Nantes,FR,19,2022-11-05,
1720,Iris,Shah,iris.shah1719@example.com,Halifax,CA,37,2021-06-05,
1721,Iris,Hale,iris.hale1720@example.com,Manchester,GB,9,2016-02-08,low
1722,Rafael,Park,rafael.park1721@example.com,Nantes,FR,32,2015-06-19,low
1723,Noel,Nakamura,noel.nakamura1722@example.com,Columbus,US,17,2012-10-11,
1724,Eli,Moreau,eli.moreau1723@example.com,Galway,IE,6,2010-10-26,low
1725,Bianca,Dubois,bianca.dubois1724@example.com,Aarhus,DK,36,2021-02-14,
1726,Felix,Okafor,felix.okafor1725@example.com,Perth,AU,3,2025-05-07,
1727,Esme,Solberg,esme.solberg1726@example.com,Utrecht,NL,33,2010-03-15,low
1728,Rafael,Castellanos,rafael.castellanos1727@example.com,Sheffield,GB,2,2016-06-28,medium
1729,Jonas,Nyberg,jonas.nyberg1728@example.com,Ljubljana,SI,23,2023-08-18,low
1730,Yuki,Larsen,yuki.larsen1729@example.com,Cork,IE,35,2008-07-10,
1731,Esme,Petrov,esme.petrov1730@example.com,Hobart,AU,5,2013-05-13,
1732,Josefina,Mensah,josefina.mensah1731@example.com,Groningen,NL,40,2008-02-19,
1733,Kwame,Fischer,kwame.fischer1732@example.com,Victoria,CA,32,2008-07-13,
1734,Claire,Roy,claire.roy1733@example.com,Ljubljana,SI,15,2008-08-07,
1735,Iris,Rossi,iris.rossi1734@example.com,Tucson,US,3,2021-10-01,
1736,Tobias,Castellanos,tobias.castellanos1735@example.com,Victoria,CA,2,2013-12-28,
1737,Camille,Reed,camille.reed1736@example.com,Aarhus,DK,18,2022-08-28,
1738,Amara,Petrov,amara.petrov1737@example.com,Tampere,FI,1,2019-05-05,low
1739,Eli,Zamora,eli.zamora1738@example.com,Bergen,NO,39,2018-09-05,
1740,Tobias,Dubois,tobias.dubois1739@example.com,Nantes,FR,38,2019-11-12,low
1741,Jon,Beaumont,jon.beaumont1740@example.com,Toronto,CA,33,2023-12-07,
1742,Noel,Achebe,noel.achebe1741@example.com,Victoria,CA,20,2016-07-23,
1743,Lena,Rossi,lena.rossi1742@example.com,Denver,US,8,2018-02-15,
1744,Eli,Frost,eli.frost1743@example.com,Austin,US,26,2012-07-16,
1745,Nadia,Kirby,nadia.kirby1744@example.com,Norwich,GB,2,2017-07-10,
1746,Tom,Whitfield,tom.whitfield1745@example.com,Toronto,CA,16,2017-08-11,low
1747,Tobias,Hale,tobias.hale1746@example.com,Auckland,NZ,21,2014-11-18,low
1748,Kofi,Halloran,kofi.halloran1747@example.com,Adelaide,AU,9,2014-03-13,
1749,Hana,Bauer,hana.bauer1748@example.com,Norwich,GB,20,2013-10-13,
1750,Ingrid,Ibrahim,ingrid.ibrahim1749@example.com,Tampere,FI,29,2020-06-08,high
1751,Leila,Marchetti,leila.marchetti1750@example.com,Tampere,FI,24,2023-02-26,
1752,Ravi,Dubois,ravi.dubois1751@example.com,Manchester,GB,8,2021-04-02,
1753,Omar,Petrov,omar.petrov1752@example.com,Bologna,IT,2,2023-12-21,
1754,Mateo,Kaur,mateo.kaur1753@example.com,Freiburg,DE,2,2023-09-26,
1755,Pieter,Moreau,pieter.moreau1754@example.com,Groningen,NL,27,2011-06-04,medium
1756,Dmitri,Adeyemi,dmitri.adeyemi1755@example.com,Tucson,US,32,2015-09-01,
1757,Delphine,Thorne,delphine.thorne1756@example.com,Bristol,GB,18,2017-04-06,
1758,Amara,Cormack,amara.cormack1757@example.com,Portland,US,36,2011-10-08,medium
1759,Rafael,Zamora,rafael.zamora1758@example.com,Bristol,GB,11,2017-01-13,
1760,Ana,Zamora,ana.zamora1759@example.com,Porto,PT,27,2017-05-04,
1761,Dmitri,Zamora,dmitri.zamora1760@example.com,Bristol,GB,11,2022-12-13,low
1762,Rafael,Zamora,rafael.zamora1761@example.com,Sheffield,GB,25,2018-12-07,
1763,Kwame,Ricci,kwame.ricci1762@example.com,Utrecht,NL,36,2022-01-13,
1764,Marta,Solberg,marta.solberg1763@example.com,Hobart,AU,29,2024-02-17,low
1765,Malik,Bauer,malik.bauer1764@example.com,Leipzig,DE,15,2014-10-02,
1766,Ingrid,Reed,ingrid.reed1765@example.com,Valencia,ES,23,2012-09-28,
1767,Alma,Ellery,alma.ellery1766@example.com,Halifax,CA,3,2016-02-17,
1768,Noel,Silva,noel.silva1767@example.com,Porto,PT,14,2012-10-15,low
1769,Raj,Sorensen,raj.sorensen1768@example.com,Hobart,AU,13,2017-04-21,
1770,Amara,Iqbal,amara.iqbal1769@example.com,Norwich,GB,3,2009-09-18,
1771,Eli,Tan,eli.tan1770@example.com,Denver,US,39,2013-03-19,
1772,Kiran,Mwangi,kiran.mwangi1771@example.com,Portland,US,6,2025-04-02,
1773,Eli,Solberg,eli.solberg1772@example.com,Uppsala,SE,16,2021-06-03,
1774,Aoife,Delgado,aoife.delgado1773@example.com,Portland,US,37,2010-04-12,
1775,Jonas,Cormack,jonas.cormack1774@example.com,Hobart,AU,9,2015-04-04,
1776,Amara,Farrow,amara.farrow1775@example.com,Montpellier,FR,25,2011-09-14,high
1777,Anton,Haddad,anton.haddad1776@example.com,Uppsala,SE,27,2025-04-14,
1778,Pieter,Kowalski,pieter.kowalski1777@example.com,Porto,PT,33,2008-08-06,medium
1779,Kiran,Novak,kiran.novak1778@example.com,Bergen,NO,17,2008-01-09,
1780,Maya,Brennan,maya.brennan1779@example.com,Auckland,NZ,25,2008-03-14,
1781,Solveig,Iqbal,solveig.iqbal1780@example.com,Bologna,IT,40,2008-06-20,low
1782,Ciara,Silva,ciara.silva1781@example.com,Columbus,US,31,2017-11-07,
1783,Bruno,Achebe,bruno.achebe1782@example.com,Tampere,FI,18,2017-05-12,medium
1784,Sean,Iqbal,sean.iqbal1783@example.com,Columbus,US,4,2017-04-18,
1785,Andres,Diaz,andres.diaz1784@example.com,Bergen,NO,15,2020-03-09,
1786,Esme,Iqbal,esme.iqbal1785@example.com,Toronto,CA,11,2023-09-11,
1787,Pieter,Shah,pieter.shah1786@example.com,Halifax,CA,37,2018-09-02,
1788,Delphine,Silva,delphine.silva1787@example.com,Aarhus,DK,7,2011-04-20,medium
1789,Yuki,Reed,yuki.reed1788@example.com,Valencia,ES,15,2009-08-18,low
1790,Sofia,Castellanos,sofia.castellanos1789@example.com,Cork,IE,17,2017-01-02,
1791,Rosa,Park,rosa.park1790@example.com,Austin,US,8,2014-08-24,
1792,Alma,Kaur,alma.kaur1791@example.com,Freiburg,DE,14,2013-06-24,
1793,Eli,Okafor,eli.okafor1792@example.com,Columbus,US,7,2020-04-10,
1794,Fatima,Reed,fatima.reed1793@example.com,Ljubljana,SI,31,2021-06-04,low
1795,Josefina,Cole,josefina.cole1794@example.com,Columbus,US,12,2021-12-18,
1796,Maya,Thorne,maya.thorne1795@example.com,Bergen,NO,22,2022-10-14,
1797,Andres,Cole,andres.cole1796@example.com,Norwich,GB,15,2018-03-27,low
1798,Rafael,Haddad,rafael.haddad1797@example.com,Denver,US,11,2015-08-09,
1799,Camille,Larsen,camille.larsen1798@example.com,Auckland,NZ,40,2008-12-15,
1800,Ciara,Roy,ciara.roy1799@example.com,Perth,AU,2,2024-03-10,
1801,Eli,Adeyemi,eli.adeyemi1800@example.com,Norwich,GB,36,2008-08-06,low
1802,Jon,Delgado,jon.delgado1801@example.com,Hobart,AU,18,2018-01-15,
1803,Dmitri,Bauer,dmitri.bauer1802@example.com,Ljubljana,SI,34,2009-12-01,medium
1804,Camille,Cole,camille.cole1803@example.com,Aarhus,DK,30,2024-05-04,
1805,Nadia,Hale,nadia.hale1804@example.com,Norwich,GB,15,2017-12-19,
1806,Greta,Baptiste,greta.baptiste1805@example.com,Portland,US,13,2017-02-03,low
1807,Delphine,Abbott,delphine.abbott1806@example.com,Galway,IE,9,2016-07-12,
1808,Lars,Nakamura,lars.nakamura1807@example.com,Cork,IE,1,2016-12-01,
1809,Bruno,Marchetti,bruno.marchetti1808@example.com,Sheffield,GB,8,2021-02-16,low
1810,Rafael,Mensah,rafael.mensah1809@example.com,Hobart,AU,36,2013-08-22,
1811,Ingrid,Dubois,ingrid.dubois1810@example.com,Sheffield,GB,28,2021-03-08,
1812,Esme,Sandoval,esme.sandoval1811@example.com,Raleigh,US,38,2016-08-28,
1813,Nell,Tan,nell.tan1812@example.com,Sheffield,GB,23,2021-05-20,low
1814,Arjun,Lindqvist,arjun.lindqvist1813@example.com,Portland,US,24,2023-01-20,
1815,Eli,Renard,eli.renard1814@example.com,Bristol,GB,8,2025-09-14,
1816,Tobias,Ricci,tobias.ricci1815@example.com,Aarhus,DK,3,2013-11-22,
1817,Sofia,Ueda,sofia.ueda1816@example.com,Montpellier,FR,6,2022-08-26,
1818,Lena,Kowalski,lena.kowalski1817@example.com,Perth,AU,17,2023-10-08,
1819,Elena,Kirby,elena.kirby1818@example.com,Cork,IE,40,2014-09-18,
1820,Idris,Nyberg,idris.nyberg1819@example.com,Perth,AU,38,2021-03-28,high
1821,Kiran,Ricci,kiran.ricci1820@example.com,Victoria,CA,16,2025-11-16,medium
1822,Jonas,Larsen,jonas.larsen1821@example.com,Galway,IE,5,2016-04-18,
1823,Tomas,Nakamura,tomas.nakamura1822@example.com,Hobart,AU,18,2016-08-16,
1824,Greta,Ashworth,greta.ashworth1823@example.com,Bologna,IT,21,2024-10-15,
1825,Elena,Sorensen,elena.sorensen1824@example.com,Galway,IE,36,2021-03-22,
1826,Lars,Kowalski,lars.kowalski1825@example.com,Tucson,US,35,2023-08-13,
1827,Tobias,Ellery,tobias.ellery1826@example.com,Tucson,US,14,2022-07-19,
1828,Bruno,Ibrahim,bruno.ibrahim1827@example.com,Adelaide,AU,16,2022-12-11,
1829,Ingrid,Cormack,ingrid.cormack1828@example.com,Valencia,ES,32,2009-09-03,
1830,Bianca,Moreau,bianca.moreau1829@example.com,Denver,US,4,2024-07-26,
1831,Sean,Lindqvist,sean.lindqvist1830@example.com,Bristol,GB,4,2008-03-23,
1832,Yuki,Farrow,yuki.farrow1831@example.com,Dunedin,NZ,14,2020-11-09,high
1833,Zara,Vogt,zara.vogt1832@example.com,Sheffield,GB,25,2025-05-24,
1834,Omar,Ellery,omar.ellery1833@example.com,Montpellier,FR,27,2009-05-14,
1835,Idris,Farrow,idris.farrow1834@example.com,Tucson,US,35,2014-01-02,
1836,Jonas,Moreau,jonas.moreau1835@example.com,Freiburg,DE,10,2008-01-06,
1837,Yuki,Whitfield,yuki.whitfield1836@example.com,Halifax,CA,4,2011-12-07,
1838,Raj,Kowalski,raj.kowalski1837@example.com,Freiburg,DE,23,2016-11-23,
1839,Kiran,Moreau,kiran.moreau1838@example.com,Portland,US,21,2024-08-28,
1840,Wren,Cole,wren.cole1839@example.com,Valencia,ES,28,2020-10-21,
1841,Josefina,Vance,josefina.vance1840@example.com,Tampere,FI,19,2022-12-12,
1842,Iris,Osei,iris.osei1841@example.com,Toronto,CA,3,2017-10-22,
1843,Greta,Rossi,greta.rossi1842@example.com,Cork,IE,2,2015-05-18,
1844,Claire,Iqbal,claire.iqbal1843@example.com,Tampere,FI,12,2008-05-04,
1845,Greta,Shah,greta.shah1844@example.com,Manchester,GB,22,2017-07-18,medium
1846,Tomas,Whitfield,tomas.whitfield1845@example.com,Denver,US,30,2021-07-12,
1847,Zara,Moreau,zara.moreau1846@example.com,Hobart,AU,4,2014-09-27,
1848,Zara,Sandoval,zara.sandoval1847@example.com,Bristol,GB,26,2023-10-15,
1849,Tomas,Silva,tomas.silva1848@example.com,Victoria,CA,11,2021-11-17,
1850,Anton,Lindqvist,anton.lindqvist1849@example.com,Bologna,IT,30,2023-09-08,
1851,Delphine,Halloran,delphine.halloran1850@example.com,Valencia,ES,4,2013-02-23,
1852,Anton,Kaur,anton.kaur1851@example.com,Uppsala,SE,21,2008-07-15,
1853,Jonas,Whitfield,jonas.whitfield1852@example.com,Austin,US,39,2025-09-03,
1854,Andres,Cole,andres.cole1853@example.com,Aarhus,DK,28,2011-03-11,
1855,Elena,Adeyemi,elena.adeyemi1854@example.com,Victoria,CA,8,2020-06-27,
1856,Ben,Halloran,ben.halloran1855@example.com,Manchester,GB,18,2023-07-26,
1857,Rosa,Bauer,rosa.bauer1856@example.com,Halifax,CA,27,2011-12-24,
1858,Tobias,Dubois,tobias.dubois1857@example.com,Nantes,FR,23,2017-07-20,
1859,Nadia,Halloran,nadia.halloran1858@example.com,Valencia,ES,10,2022-08-01,
1860,Kiran,Mensah,kiran.mensah1859@example.com,Aarhus,DK,39,2021-12-19,
1861,Malik,Ellery,malik.ellery1860@example.com,Portland,US,15,2023-06-13,
1862,Amara,Solberg,amara.solberg1861@example.com,Groningen,NL,28,2015-08-20,medium
1863,Omar,Bergstrom,omar.bergstrom1862@example.com,Raleigh,US,5,2013-03-06,
1864,Camille,Ibrahim,camille.ibrahim1863@example.com,Bologna,IT,14,2022-08-08,
1865,Maya,Nakamura,maya.nakamura1864@example.com,Sheffield,GB,21,2017-11-08,low
1866,Lena,Achebe,lena.achebe1865@example.com,Halifax,CA,19,2015-03-11,
1867,Eli,Whitfield,eli.whitfield1866@example.com,Dunedin,NZ,5,2016-01-16,
1868,Nadia,Park,nadia.park1867@example.com,Tucson,US,31,2016-04-10,
1869,Josefina,Larsen,josefina.larsen1868@example.com,Freiburg,DE,15,2020-08-27,
1870,Priya,Diaz,priya.diaz1869@example.com,Toronto,CA,6,2009-04-09,low
1871,Jonas,Nyberg,jonas.nyberg1870@example.com,Bristol,GB,40,2025-01-23,
1872,Greta,Whitfield,greta.whitfield1871@example.com,Hobart,AU,24,2020-11-16,
1873,Leila,Bauer,leila.bauer1872@example.com,Tampere,FI,38,2011-07-15,
1874,Wren,Adeyemi,wren.adeyemi1873@example.com,Norwich,GB,12,2008-02-13,medium
1875,Sean,Halloran,sean.halloran1874@example.com,Ljubljana,SI,27,2009-07-24,
1876,Delphine,Delgado,delphine.delgado1875@example.com,Groningen,NL,14,2020-09-22,low
1877,Aoife,Sandoval,aoife.sandoval1876@example.com,Leipzig,DE,30,2008-07-19,low
1878,Bianca,Bergstrom,bianca.bergstrom1877@example.com,Valencia,ES,28,2018-03-13,
1879,Camille,Ellery,camille.ellery1878@example.com,Victoria,CA,5,2013-02-08,low
1880,Delphine,Thorne,delphine.thorne1879@example.com,Leipzig,DE,24,2021-11-25,low
1881,Tarek,Larsen,tarek.larsen1880@example.com,Portland,US,23,2024-05-10,medium
1882,Tom,Shah,tom.shah1881@example.com,Norwich,GB,14,2008-10-09,low
1883,Wren,Silva,wren.silva1882@example.com,Bristol,GB,8,2010-02-21,
1884,Ciara,Nyberg,ciara.nyberg1883@example.com,Tampere,FI,16,2013-06-14,medium
1885,Signe,Kowalski,signe.kowalski1884@example.com,Norwich,GB,16,2019-09-27,
1886,Josefina,Castellanos,josefina.castellanos1885@example.com,Dunedin,NZ,25,2018-04-05,low
1887,Zara,Park,zara.park1886@example.com,Utrecht,NL,29,2016-07-19,
1888,Jon,Marchetti,jon.marchetti1887@example.com,Victoria,CA,7,2022-04-18,low
1889,Kwame,Achebe,kwame.achebe1888@example.com,Aarhus,DK,21,2019-04-02,
1890,Viktor,Nair,viktor.nair1889@example.com,Tucson,US,36,2020-01-16,
1891,Alma,Mensah,alma.mensah1890@example.com,Auckland,NZ,30,2016-11-02,medium
1892,Ingrid,Lindqvist,ingrid.lindqvist1891@example.com,Auckland,NZ,35,2016-09-02,
1893,Nell,Haddad,nell.haddad1892@example.com,Raleigh,US,34,2015-04-01,
1894,Emeka,Halloran,emeka.halloran1893@example.com,Norwich,GB,31,2013-05-23,medium
1895,Josefina,Zamora,josefina.zamora1894@example.com,Porto,PT,22,2023-02-18,
1896,Nell,Sandoval,nell.sandoval1895@example.com,Valencia,ES,34,2015-06-18,
1897,Esme,Kaur,esme.kaur1896@example.com,Columbus,US,9,2023-12-06,
1898,Claire,Dubois,claire.dubois1897@example.com,Tampere,FI,5,2013-07-01,
1899,Elena,Sorensen,elena.sorensen1898@example.com,Halifax,CA,16,2020-03-08,
1900,Bianca,Halloran,bianca.halloran1899@example.com,Bologna,IT,17,2018-01-16,
1901,Nadia,Novak,nadia.novak1900@example.com,Portland,US,5,2021-03-16,
1902,Tom,Kowalski,tom.kowalski1901@example.com,Sheffield,GB,20,2011-10-18,
1903,Josefina,Sandoval,josefina.sandoval1902@example.com,Halifax,CA,38,2025-09-08,low
1904,Lars,Osei,lars.osei1903@example.com,Cork,IE,26,2021-12-27,
1905,Esme,Adeyemi,esme.adeyemi1904@example.com,Utrecht,NL,17,2010-10-23,
1906,Wren,Marchetti,wren.marchetti1905@example.com,Nantes,FR,24,2019-03-27,
1907,Bruno,Ueda,bruno.ueda1906@example.com,Bristol,GB,39,2024-07-06,high
1908,Tarek,Frost,tarek.frost1907@example.com,Sheffield,GB,24,2012-12-27,
1909,Camille,Solberg,camille.solberg1908@example.com,Porto,PT,7,2020-03-03,
1910,Solveig,Iqbal,solveig.iqbal1909@example.com,Austin,US,10,2012-01-09,low
1911,Signe,Osei,signe.osei1910@example.com,Manchester,GB,34,2011-10-14,high
1912,Nadia,Delgado,nadia.delgado1911@example.com,Nantes,FR,31,2009-10-01,
1913,Rosa,Kaur,rosa.kaur1912@example.com,Montpellier,FR,16,2022-08-04,
1914,Bruno,Kirby,bruno.kirby1913@example.com,Victoria,CA,19,2009-07-24,
1915,Ravi,Moreau,ravi.moreau1914@example.com,Tampere,FI,36,2011-10-11,
1916,Elena,Solberg,elena.solberg1915@example.com,Auckland,NZ,37,2017-01-23,medium
1917,Nadia,Ashworth,nadia.ashworth1916@example.com,Ljubljana,SI,15,2019-05-10,low
1918,Ciara,Nyberg,ciara.nyberg1917@example.com,Uppsala,SE,26,2013-09-19,
1919,Noel,Baptiste,noel.baptiste1918@example.com,Columbus,US,18,2014-01-05,low
1920,Kwame,Moreau,kwame.moreau1919@example.com,Tucson,US,13,2023-11-12,
1921,Priya,Zamora,priya.zamora1920@example.com,Austin,US,23,2019-05-11,low
1922,Greta,Mwangi,greta.mwangi1921@example.com,Bergen,NO,39,2011-07-05,
1923,Amara,Sorensen,amara.sorensen1922@example.com,Bristol,GB,31,2016-06-09,
1924,Kofi,Adeyemi,kofi.adeyemi1923@example.com,Uppsala,SE,9,2010-02-20,
1925,Samir,Tan,samir.tan1924@example.com,Groningen,NL,29,2012-03-23,
1926,Kiran,Brennan,kiran.brennan1925@example.com,Nantes,FR,36,2016-10-21,
1927,Tomas,Rahman,tomas.rahman1926@example.com,Norwich,GB,8,2014-12-20,low
1928,Iris,Moreau,iris.moreau1927@example.com,Montpellier,FR,14,2024-08-17,high
1929,Tom,Frost,tom.frost1928@example.com,Utrecht,NL,8,2021-03-07,
1930,Amara,Quinn,amara.quinn1929@example.com,Manchester,GB,2,2020-08-05,medium
1931,Idris,Mensah,idris.mensah1930@example.com,Porto,PT,16,2022-07-03,
1932,Viktor,Whitfield,viktor.whitfield1931@example.com,Columbus,US,25,2013-08-17,
1933,Anton,Shah,anton.shah1932@example.com,Ljubljana,SI,39,2013-04-12,
1934,Bruno,Abbott,bruno.abbott1933@example.com,Groningen,NL,22,2020-11-19,
1935,Dmitri,Reed,dmitri.reed1934@example.com,Nantes,FR,16,2021-10-01,high
1936,Eli,Adeyemi,eli.adeyemi1935@example.com,Hobart,AU,4,2012-01-09,
1937,Lars,Solberg,lars.solberg1936@example.com,Victoria,CA,20,2024-08-26,
1938,Hana,Castellanos,hana.castellanos1937@example.com,Perth,AU,24,2023-01-13,
1939,Idris,Zamora,idris.zamora1938@example.com,Raleigh,US,17,2020-07-08,low
1940,Esme,Dubois,esme.dubois1939@example.com,Victoria,CA,13,2015-04-16,low
1941,Felix,Renard,felix.renard1940@example.com,Hobart,AU,28,2014-10-07,
1942,Ben,Zamora,ben.zamora1941@example.com,Manchester,GB,21,2012-07-20,
1943,Idris,Frost,idris.frost1942@example.com,Ljubljana,SI,4,2011-06-05,
1944,Priya,Brennan,priya.brennan1943@example.com,Tucson,US,24,2018-02-11,
1945,Mateo,Novak,mateo.novak1944@example.com,Norwich,GB,4,2023-08-03,
1946,Rafael,Larsen,rafael.larsen1945@example.com,Cork,IE,35,2024-04-01,low
1947,Mateo,Nair,mateo.nair1946@example.com,Groningen,NL,12,2015-01-22,
1948,Priya,Renard,priya.renard1947@example.com,Galway,IE,6,2014-06-19,
1949,Esme,Novak,esme.novak1948@example.com,Ljubljana,SI,39,2013-07-11,
1950,Anton,Shah,anton.shah1949@example.com,Adelaide,AU,12,2021-03-04,
1951,Bianca,Rossi,bianca.rossi1950@example.com,Norwich,GB,3,2018-07-18,
1952,Noel,Iqbal,noel.iqbal1951@example.com,Groningen,NL,23,2022-12-12,
1953,Delphine,Kaur,delphine.kaur1952@example.com,Adelaide,AU,8,2021-11-07,
1954,Nora,Lund,nora.lund1953@example.com,Montpellier,FR,9,2010-01-06,
1955,Ana,Solberg,ana.solberg1954@example.com,Toronto,CA,27,2021-04-25,low
1956,Leila,Hale,leila.hale1955@example.com,Tampere,FI,20,2024-01-16,
1957,Rosa,Renard,rosa.renard1956@example.com,Hobart,AU,8,2009-09-19,low
1958,Elena,Baptiste,elena.baptiste1957@example.com,Auckland,NZ,34,2018-08-06,
1959,Arjun,Wexler,arjun.wexler1958@example.com,Tampere,FI,27,2024-06-05,
1960,Delphine,Halloran,delphine.halloran1959@example.com,Raleigh,US,3,2019-12-19,
1961,Viktor,Cole,viktor.cole1960@example.com,Freiburg,DE,37,2011-06-02,
1962,Claire,Haddad,claire.haddad1961@example.com,Montpellier,FR,12,2020-11-01,high
1963,Delphine,Nair,delphine.nair1962@example.com,Manchester,GB,20,2023-09-13,
1964,Claire,Lindqvist,claire.lindqvist1963@example.com,Aarhus,DK,1,2025-01-06,low
1965,Esme,Wexler,esme.wexler1964@example.com,Austin,US,31,2021-08-12,low
1966,Rafael,Ferreira,rafael.ferreira1965@example.com,Victoria,CA,28,2014-02-03,
1967,Fatima,Sandoval,fatima.sandoval1966@example.com,Utrecht,NL,22,2019-04-20,
1968,Jon,Silva,jon.silva1967@example.com,Hobart,AU,35,2020-02-27,
1969,Raj,Marchetti,raj.marchetti1968@example.com,Tucson,US,27,2024-04-03,medium
1970,Samir,Larsen,samir.larsen1969@example.com,Montpellier,FR,8,2016-11-16,medium
1971,Zara,Tan,zara.tan1970@example.com,Perth,AU,5,2008-01-19,
1972,Arjun,Cormack,arjun.cormack1971@example.com,Adelaide,AU,38,2016-08-18,low
1973,Amara,Solberg,amara.solberg1972@example.com,Raleigh,US,34,2017-12-25,low
1974,Sean,Ricci,sean.ricci1973@example.com,Leipzig,DE,16,2015-11-08,
1975,Tom,Vance,tom.vance1974@example.com,Portland,US,10,2015-12-24,
1976,Zara,Ricci,zara.ricci1975@example.com,Perth,AU,22,2017-12-06,
1977,Camille,Ashworth,camille.ashworth1976@example.com,Tucson,US,17,2010-05-21,
1978,Felix,Petrov,felix.petrov1977@example.com,Galway,IE,24,2019-08-28,
1979,Noel,Achebe,noel.achebe1978@example.com,Sheffield,GB,16,2018-07-20,low
1980,Lena,Silva,lena.silva1979@example.com,Portland,US,2,2009-03-17,
1981,Ciara,Wexler,ciara.wexler1980@example.com,Bologna,IT,21,2016-12-01,
1982,Eli,Kirby,eli.kirby1981@example.com,Tampere,FI,14,2019-08-24,
1983,Leila,Ellery,leila.ellery1982@example.com,Auckland,NZ,6,2025-02-04,low
1984,Jonas,Nyberg,jonas.nyberg1983@example.com,Porto,PT,6,2010-03-14,
1985,Eli,Sorensen,eli.sorensen1984@example.com,Columbus,US,9,2023-09-08,
1986,Mateo,Solberg,mateo.solberg1985@example.com,Uppsala,SE,20,2014-08-06,low
1987,Malik,Frost,malik.frost1986@example.com,Tampere,FI,6,2022-02-14,
1988,Josefina,Beaumont,josefina.beaumont1987@example.com,Austin,US,26,2010-05-08,
1989,Aoife,Tan,aoife.tan1988@example.com,Manchester,GB,18,2014-02-02,
1990,Kiran,Kowalski,kiran.kowalski1989@example.com,Columbus,US,18,2013-11-21,
1991,Zara,Novak,zara.novak1990@example.com,Utrecht,NL,18,2014-02-27,
1992,Idris,Larsen,idris.larsen1991@example.com,Bergen,NO,14,2016-10-25,
1993,Nadia,Park,nadia.park1992@example.com,Tampere,FI,21,2014-06-14,
1994,Iris,Ibrahim,iris.ibrahim1993@example.com,Tampere,FI,18,2019-08-14,
1995,Tomas,Silva,tomas.silva1994@example.com,Norwich,GB,14,2022-11-15,medium
1996,Nell,Brennan,nell.brennan1995@example.com,Montpellier,FR,18,2012-06-14,
1997,Hana,Nair,hana.nair1996@example.com,Halifax,CA,36,2018-03-02,
1998,Tarek,Sorensen,tarek.sorensen1997@example.com,Galway,IE,4,2025-10-23,medium
1999,Kiran,Haddad,kiran.haddad1998@example.com,Toronto,CA,36,2024-08-09,
2000,Anton,Ellery,anton.ellery1999@example.com,Uppsala,SE,6,2020-01-23,low
2001,Elena,Quinn,elena.quinn2000@example.com,Valencia,ES,5,2011-11-08,high
2002,Iris,Rahman,iris.rahman2001@example.com,Leipzig,DE,31,2017-04-14,low
2003,Nora,Solberg,nora.solberg2002@example.com,Hobart,AU,9,2025-01-15,
2004,Claire,Sandoval,claire.sandoval2003@example.com,Halifax,CA,29,2015-09-08,
2005,Anton,Whitfield,anton.whitfield2004@example.com,Adelaide,AU,33,2014-06-25,
2006,Samir,Ferreira,samir.ferreira2005@example.com,Montpellier,FR,16,2017-01-27,medium
2007,Rafael,Mensah,rafael.mensah2006@example.com,Bristol,GB,2,2025-12-14,low
2008,Priya,Rossi,priya.rossi2007@example.com,Bologna,IT,8,2010-09-23,medium
2009,Leila,Kowalski,leila.kowalski2008@example.com,Austin,US,28,2022-03-12,
2010,Lena,Sorensen,lena.sorensen2009@example.com,Austin,US,27,2009-02-26,medium
2011,Elena,Ueda,elena.ueda2010@example.com,Portland,US,14,2011-12-05,low
2012,Josefina,Castellanos,josefina.castellanos2011@example.com,Dunedin,NZ,9,2022-02-03,
2013,Solveig,Osei,solveig.osei2012@example.com,Austin,US,18,2009-08-02,
2014,Viktor,Ibrahim,viktor.ibrahim2013@example.com,Tucson,US,25,2008-02-17,low
2015,Ana,Shah,ana.shah2014@example.com,Auckland,NZ,21,2022-07-14,low
2016,Malik,Kaur,malik.kaur2015@example.com,Montpellier,FR,16,2021-02-26,
2017,Elena,Larsen,elena.larsen2016@example.com,Tampere,FI,28,2013-04-19,medium
2018,Kofi,Cormack,kofi.cormack2017@example.com,Halifax,CA,23,2013-10-11,
2019,Bruno,Ricci,bruno.ricci2018@example.com,Perth,AU,10,2011-02-12,
2020,Emeka,Rossi,emeka.rossi2019@example.com,Sheffield,GB,10,2009-08-19,
2021,Jonas,Moreau,jonas.moreau2020@example.com,Cork,IE,4,2010-07-01,
2022,Zara,Roy,zara.roy2021@example.com,Utrecht,NL,30,2019-12-19,low
2023,Greta,Park,greta.park2022@example.com,Hobart,AU,21,2020-12-09,
2024,Priya,Silva,priya.silva2023@example.com,Toronto,CA,5,2020-06-11,
2025,Omar,Nyberg,omar.nyberg2024@example.com,Perth,AU,39,2017-03-20,
2026,Jon,Whitfield,jon.whitfield2025@example.com,Perth,AU,28,2014-04-13,low
2027,Signe,Sorensen,signe.sorensen2026@example.com,Columbus,US,11,2021-05-06,
2028,Sean,Frost,sean.frost2027@example.com,Raleigh,US,27,2019-12-04,
2029,Nora,Ricci,nora.ricci2028@example.com,Norwich,GB,28,2009-10-05,
2030,Marta,Vogt,marta.vogt2029@example.com,Adelaide,AU,35,2019-11-15,medium
2031,Maya,Haddad,maya.haddad2030@example.com,Denver,US,2,2008-01-26,
2032,Rafael,Zamora,rafael.zamora2031@example.com,Columbus,US,17,2008-01-03,high
2033,Idris,Reed,idris.reed2032@example.com,Portland,US,28,2009-08-22,low
2034,Kofi,Moreau,kofi.moreau2033@example.com,Bergen,NO,39,2023-02-13,
2035,Amara,Osei,amara.osei2034@example.com,Bergen,NO,29,2023-10-07,
2036,Mateo,Ricci,mateo.ricci2035@example.com,Bologna,IT,10,2023-03-21,high
2037,Hana,Marchetti,hana.marchetti2036@example.com,Leipzig,DE,30,2024-11-11,
2038,Hugo,Adeyemi,hugo.adeyemi2037@example.com,Cork,IE,1,2017-07-13,low
2039,Sara,Vance,sara.vance2038@example.com,Adelaide,AU,10,2021-09-08,
2040,Wren,Mensah,wren.mensah2039@example.com,Ljubljana,SI,40,2009-03-05,
2041,Noel,Abbott,noel.abbott2040@example.com,Toronto,CA,38,2014-12-17,
2042,Mateo,Iqbal,mateo.iqbal2041@example.com,Toronto,CA,25,2010-11-20,
2043,Tom,Cole,tom.cole2042@example.com,Uppsala,SE,14,2019-10-04,
2044,Ben,Baptiste,ben.baptiste2043@example.com,Montpellier,FR,17,2008-10-20,high
2045,Omar,Ueda,omar.ueda2044@example.com,Portland,US,36,2009-01-04,
2046,Alma,Lund,alma.lund2045@example.com,Auckland,NZ,13,2011-08-07,
2047,Nadia,Beaumont,nadia.beaumont2046@example.com,Perth,AU,24,2012-03-22,medium
2048,Ana,Brennan,ana.brennan2047@example.com,Groningen,NL,38,2021-08-24,
2049,Solveig,Abbott,solveig.abbott2048@example.com,Auckland,NZ,1,2013-06-13,low
2050,Kwame,Delgado,kwame.delgado2049@example.com,Auckland,NZ,25,2018-10-20,low
2051,Tom,Marchetti,tom.marchetti2050@example.com,Perth,AU,30,2021-04-22,
2052,Maya,Nair,maya.nair2051@example.com,Portland,US,40,2017-02-14,
2053,Wren,Ashworth,wren.ashworth2052@example.com,Dunedin,NZ,4,2015-10-21,
2054,Idris,Tan,idris.tan2053@example.com,Auckland,NZ,17,2021-03-17,
2055,Dmitri,Tan,dmitri.tan2054@example.com,Leipzig,DE,34,2022-12-21,medium
2056,Wren,Shah,wren.shah2055@example.com,Portland,US,6,2019-12-06,
2057,Amara,Dubois,amara.dubois2056@example.com,Dunedin,NZ,40,2015-11-01,low
2058,Mateo,Zamora,mateo.zamora2057@example.com,Montpellier,FR,3,2021-09-19,medium
2059,Sofia,Nakamura,sofia.nakamura2058@example.com,Raleigh,US,38,2022-11-15,low
2060,Kofi,Silva,kofi.silva2059@example.com,Bergen,NO,38,2025-05-23,
2061,Andres,Novak,andres.novak2060@example.com,Galway,IE,20,2009-09-17,low
2062,Jon,Bergstrom,jon.bergstrom2061@example.com,Manchester,GB,36,2024-05-16,
2063,Nell,Lund,nell.lund2062@example.com,Sheffield,GB,35,2023-12-17,
2064,Eli,Bauer,eli.bauer2063@example.com,Uppsala,SE,16,2017-04-10,
2065,Ana,Mwangi,ana.mwangi2064@example.com,Denver,US,30,2022-02-10,
2066,Esme,Frost,esme.frost2065@example.com,Bristol,GB,13,2018-10-06,low
2067,Kiran,Adeyemi,kiran.adeyemi2066@example.com,Raleigh,US,15,2012-03-19,
2068,Iris,Roy,iris.roy2067@example.com,Denver,US,23,2019-08-04,medium
2069,Emeka,Ferreira,emeka.ferreira2068@example.com,Portland,US,31,2019-09-23,
2070,Claire,Nair,claire.nair2069@example.com,Valencia,ES,34,2025-07-21,
2071,Noel,Cormack,noel.cormack2070@example.com,Bologna,IT,33,2019-11-27,low
2072,Aoife,Moreau,aoife.moreau2071@example.com,Uppsala,SE,9,2011-09-28,
2073,Aoife,Renard,aoife.renard2072@example.com,Raleigh,US,13,2020-10-25,
2074,Kiran,Larsen,kiran.larsen2073@example.com,Portland,US,10,2012-02-02,
2075,Andres,Moreau,andres.moreau2074@example.com,Perth,AU,25,2022-02-25,
2076,Kofi,Thorne,kofi.thorne2075@example.com,Valencia,ES,3,2020-12-05,low
2077,Nell,Farrow,nell.farrow2076@example.com,Bergen,NO,7,2008-02-27,
2078,Delphine,Silva,delphine.silva2077@example.com,Ljubljana,SI,10,2012-10-21,high
2079,Leila,Dubois,leila.dubois2078@example.com,Porto,PT,34,2011-01-17,
2080,Maya,Brennan,maya.brennan2079@example.com,Tampere,FI,3,2019-08-21,low
2081,Mateo,Bergstrom,mateo.bergstrom2080@example.com,Bologna,IT,40,2020-01-04,
2082,Mateo,Ashworth,mateo.ashworth2081@example.com,Valencia,ES,33,2015-10-22,
2083,Tomas,Bauer,tomas.bauer2082@example.com,Halifax,CA,17,2012-02-17,
2084,Esme,Ueda,esme.ueda2083@example.com,Uppsala,SE,3,2012-01-12,
2085,Rosa,Baptiste,rosa.baptiste2084@example.com,Bologna,IT,39,2012-01-08,
2086,Mateo,Sorensen,mateo.sorensen2085@example.com,Norwich,GB,30,2024-10-11,
2087,Fatima,Ueda,fatima.ueda2086@example.com,Bologna,IT,38,2011-08-09,
2088,Lars,Lindqvist,lars.lindqvist2087@example.com,Montpellier,FR,33,2023-10-20,
2089,Sofia,Solberg,sofia.solberg2088@example.com,Nantes,FR,35,2025-01-15,low
2090,Marta,Bergstrom,marta.bergstrom2089@example.com,Columbus,US,22,2025-07-24,medium
2091,Pieter,Kirby,pieter.kirby2090@example.com,Bologna,IT,22,2025-06-10,
2092,Emeka,Cole,emeka.cole2091@example.com,Perth,AU,9,2021-12-27,low
2093,Omar,Quinn,omar.quinn2092@example.com,Halifax,CA,27,2017-03-28,
2094,Esme,Whitfield,esme.whitfield2093@example.com,Tucson,US,23,2015-05-05,medium
2095,Sofia,Ricci,sofia.ricci2094@example.com,Cork,IE,2,2024-06-26,
2096,Greta,Kaur,greta.kaur2095@example.com,Halifax,CA,30,2023-07-07,low
2097,Anton,Novak,anton.novak2096@example.com,Halifax,CA,5,2013-04-13,
2098,Signe,Vogt,signe.vogt2097@example.com,Toronto,CA,6,2019-08-04,
2099,Marta,Larsen,marta.larsen2098@example.com,Montpellier,FR,4,2009-06-04,low
2100,Noel,Silva,noel.silva2099@example.com,Perth,AU,11,2019-01-13,low
2101,Rafael,Larsen,rafael.larsen2100@example.com,Tucson,US,25,2017-10-05,low
2102,Idris,Renard,idris.renard2101@example.com,Adelaide,AU,4,2025-11-16,
2103,Malik,Wexler,malik.wexler2102@example.com,Toronto,CA,22,2018-10-14,low
2104,Yuki,Roy,yuki.roy2103@example.com,Groningen,NL,33,2012-06-16,
2105,Omar,Quinn,omar.quinn2104@example.com,Manchester,GB,37,2015-04-27,medium
2106,Ravi,Hale,ravi.hale2105@example.com,Raleigh,US,9,2021-08-08,
2107,Delphine,Roy,delphine.roy2106@example.com,Groningen,NL,8,2023-06-22,
2108,Ciara,Haddad,ciara.haddad2107@example.com,Adelaide,AU,16,2012-04-17,
2109,Solveig,Bergstrom,solveig.bergstrom2108@example.com,Galway,IE,15,2022-09-02,
2110,Iris,Adeyemi,iris.adeyemi2109@example.com,Freiburg,DE,18,2011-09-13,
2111,Alma,Osei,alma.osei2110@example.com,Halifax,CA,21,2008-03-22,
2112,Zara,Moreau,zara.moreau2111@example.com,Hobart,AU,35,2016-04-20,
2113,Ciara,Tan,ciara.tan2112@example.com,Hobart,AU,27,2024-04-02,
2114,Noel,Bauer,noel.bauer2113@example.com,Bergen,NO,28,2017-03-11,
2115,Raj,Adeyemi,raj.adeyemi2114@example.com,Nantes,FR,24,2012-05-26,
2116,Omar,Vance,omar.vance2115@example.com,Bologna,IT,26,2019-09-16,
2117,Delphine,Ellery,delphine.ellery2116@example.com,Toronto,CA,27,2018-01-11,low
2118,Aoife,Sorensen,aoife.sorensen2117@example.com,Bologna,IT,39,2014-12-03,medium
2119,Yuki,Ibrahim,yuki.ibrahim2118@example.com,Austin,US,26,2019-05-18,
2120,Pieter,Frost,pieter.frost2119@example.com,Columbus,US,26,2014-10-04,medium
2121,Viktor,Moreau,viktor.moreau2120@example.com,Sheffield,GB,35,2020-03-27,
2122,Rosa,Rossi,rosa.rossi2121@example.com,Leipzig,DE,10,2017-05-21,
2123,Rafael,Castellanos,rafael.castellanos2122@example.com,Toronto,CA,7,2016-01-28,
2124,Nadia,Marchetti,nadia.marchetti2123@example.com,Leipzig,DE,36,2023-11-08,
2125,Samir,Fischer,samir.fischer2124@example.com,Halifax,CA,4,2021-04-02,medium
2126,Kiran,Delgado,kiran.delgado2125@example.com,Auckland,NZ,5,2013-07-11,
2127,Alma,Fischer,alma.fischer2126@example.com,Denver,US,20,2023-01-24,
2128,Iris,Osei,iris.osei2127@example.com,Leipzig,DE,40,2024-11-26,low
2129,Nell,Osei,nell.osei2128@example.com,Toronto,CA,14,2013-03-06,
2130,Bianca,Rahman,bianca.rahman2129@example.com,Tampere,FI,12,2015-04-22,
2131,Samir,Rahman,samir.rahman2130@example.com,Tampere,FI,30,2008-12-05,
2132,Lars,Kaur,lars.kaur2131@example.com,Freiburg,DE,10,2012-03-12,
2133,Leila,Larsen,leila.larsen2132@example.com,Tampere,FI,17,2015-07-01,high
2134,Tomas,Kaur,tomas.kaur2133@example.com,Manchester,GB,6,2023-05-03,
2135,Andres,Haddad,andres.haddad2134@example.com,Victoria,CA,32,2021-02-21,
2136,Malik,Kaur,malik.kaur2135@example.com,Nantes,FR,6,2022-11-24,low
2137,Anton,Shah,anton.shah2136@example.com,Tampere,FI,10,2015-11-20,medium
2138,Lena,Iqbal,lena.iqbal2137@example.com,Groningen,NL,7,2020-09-02,
2139,Viktor,Rossi,viktor.rossi2138@example.com,Columbus,US,23,2023-06-08,
2140,Yuki,Shah,yuki.shah2139@example.com,Montpellier,FR,20,2008-04-08,
2141,Hana,Lund,hana.lund2140@example.com,Norwich,GB,19,2013-02-03,
2142,Kwame,Farrow,kwame.farrow2141@example.com,Adelaide,AU,31,2021-05-25,
2143,Kiran,Ellery,kiran.ellery2142@example.com,Galway,IE,28,2024-10-03,medium
2144,Elena,Reed,elena.reed2143@example.com,Ljubljana,SI,3,2024-08-08,
2145,Claire,Bauer,claire.bauer2144@example.com,Bristol,GB,34,2008-11-04,
2146,Iris,Nyberg,iris.nyberg2145@example.com,Galway,IE,31,2021-01-07,
2147,Dmitri,Cole,dmitri.cole2146@example.com,Freiburg,DE,4,2024-02-06,
2148,Amara,Nyberg,amara.nyberg2147@example.com,Uppsala,SE,31,2016-11-01,low
2149,Leila,Castellanos,leila.castellanos2148@example.com,Portland,US,11,2015-04-03,
2150,Claire,Sandoval,claire.sandoval2149@example.com,Montpellier,FR,5,2024-11-15,
2151,Tobias,Larsen,tobias.larsen2150@example.com,Valencia,ES,13,2020-03-16,
2152,Leila,Fischer,leila.fischer2151@example.com,Porto,PT,3,2016-03-20,
2153,Omar,Renard,omar.renard2152@example.com,Sheffield,GB,40,2017-05-16,
2154,Ana,Nair,ana.nair2153@example.com,Aarhus,DK,19,2024-10-08,
2155,Tomas,Larsen,tomas.larsen2154@example.com,Uppsala,SE,16,2015-06-08,
2156,Hana,Ellery,hana.ellery2155@example.com,Bologna,IT,19,2016-03-15,
2157,Sara,Rossi,sara.rossi2156@example.com,Uppsala,SE,7,2010-02-03,
2158,Iris,Hale,iris.hale2157@example.com,Columbus,US,22,2018-03-17,
2159,Kofi,Reed,kofi.reed2158@example.com,Montpellier,FR,22,2020-01-09,
2160,Delphine,Silva,delphine.silva2159@example.com,Sheffield,GB,5,2025-07-11,high
2161,Hana,Nyberg,hana.nyberg2160@example.com,Perth,AU,35,2023-12-18,
2162,Anton,Halloran,anton.halloran2161@example.com,Aarhus,DK,32,2023-09-14,low
2163,Signe,Roy,signe.roy2162@example.com,Utrecht,NL,19,2021-07-10,
2164,Jon,Rossi,jon.rossi2163@example.com,Leipzig,DE,13,2019-12-16,
2165,Bianca,Solberg,bianca.solberg2164@example.com,Bergen,NO,12,2025-02-25,
2166,Andres,Ibrahim,andres.ibrahim2165@example.com,Perth,AU,10,2022-12-19,
2167,Ben,Farrow,ben.farrow2166@example.com,Columbus,US,16,2024-05-08,
2168,Rosa,Mensah,rosa.mensah2167@example.com,Valencia,ES,16,2013-07-08,
2169,Alma,Wexler,alma.wexler2168@example.com,Hobart,AU,10,2008-06-09,low
2170,Sofia,Vance,sofia.vance2169@example.com,Bologna,IT,34,2018-10-13,
2171,Nell,Nakamura,nell.nakamura2170@example.com,Dunedin,NZ,34,2017-04-14,
2172,Viktor,Bauer,viktor.bauer2171@example.com,Auckland,NZ,12,2012-04-06,
2173,Felix,Rahman,felix.rahman2172@example.com,Dunedin,NZ,36,2019-01-08,
2174,Bruno,Nakamura,bruno.nakamura2173@example.com,Groningen,NL,20,2013-05-08,
2175,Nell,Haddad,nell.haddad2174@example.com,Halifax,CA,22,2012-01-22,
2176,Iris,Ricci,iris.ricci2175@example.com,Perth,AU,19,2023-02-14,
2177,Omar,Kirby,omar.kirby2176@example.com,Perth,AU,26,2010-01-08,
2178,Lars,Bauer,lars.bauer2177@example.com,Austin,US,16,2024-07-19,medium
2179,Rafael,Voss,rafael.voss2178@example.com,Bologna,IT,21,2010-06-25,low
2180,Idris,Mwangi,idris.mwangi2179@example.com,Victoria,CA,23,2009-07-13,
2181,Maya,Beaumont,maya.beaumont2180@example.com,Austin,US,26,2018-04-01,
2182,Amara,Thorne,amara.thorne2181@example.com,Dunedin,NZ,15,2015-11-09,high
2183,Aoife,Kirby,aoife.kirby2182@example.com,Dunedin,NZ,1,2013-01-20,medium
2184,Kwame,Marchetti,kwame.marchetti2183@example.com,Norwich,GB,12,2008-11-20,
2185,Malik,Kaur,malik.kaur2184@example.com,Denver,US,12,2011-08-25,
2186,Josefina,Voss,josefina.voss2185@example.com,Freiburg,DE,3,2018-04-10,
2187,Omar,Novak,omar.novak2186@example.com,Ljubljana,SI,3,2024-02-03,
2188,Tobias,Haddad,tobias.haddad2187@example.com,Victoria,CA,32,2024-07-23,
2189,Pieter,Nyberg,pieter.nyberg2188@example.com,Porto,PT,34,2009-12-19,
2190,Emeka,Diaz,emeka.diaz2189@example.com,Perth,AU,5,2021-05-27,
2191,Zara,Ricci,zara.ricci2190@example.com,Porto,PT,30,2008-11-15,
2192,Claire,Haddad,claire.haddad2191@example.com,Victoria,CA,16,2020-12-17,
2193,Arjun,Tan,arjun.tan2192@example.com,Victoria,CA,24,2012-03-20,low
2194,Sofia,Renard,sofia.renard2193@example.com,Montpellier,FR,21,2015-07-17,
2195,Claire,Voss,claire.voss2194@example.com,Tampere,FI,38,2021-05-23,
2196,Lars,Cole,lars.cole2195@example.com,Hobart,AU,8,2018-07-08,
2197,Camille,Frost,camille.frost2196@example.com,Freiburg,DE,4,2024-08-06,low
2198,Mateo,Sandoval,mateo.sandoval2197@example.com,Denver,US,1,2023-05-22,
2199,Lena,Diaz,lena.diaz2198@example.com,Leipzig,DE,3,2013-08-17,
2200,Amara,Haddad,amara.haddad2199@example.com,Perth,AU,11,2009-07-07,
2201,Anton,Nakamura,anton.nakamura2200@example.com,Aarhus,DK,20,2017-04-04,
2202,Jonas,Shah,jonas.shah2201@example.com,Bergen,NO,11,2020-01-22,
2203,Claire,Halloran,claire.halloran2202@example.com,Austin,US,35,2012-06-10,low
2204,Bruno,Kaur,bruno.kaur2203@example.com,Adelaide,AU,6,2020-01-20,
2205,Josefina,Roy,josefina.roy2204@example.com,Galway,IE,40,2010-08-26,
2206,Ben,Roy,ben.roy2205@example.com,Sheffield,GB,2,2015-10-28,
2207,Lars,Bergstrom,lars.bergstrom2206@example.com,Hobart,AU,4,2008-01-22,
2208,Bruno,Silva,bruno.silva2207@example.com,Bologna,IT,21,2010-04-13,
2209,Camille,Nyberg,camille.nyberg2208@example.com,Bologna,IT,35,2008-11-22,
2210,Delphine,Vogt,delphine.vogt2209@example.com,Ljubljana,SI,39,2010-11-13,
2211,Tarek,Thorne,tarek.thorne2210@example.com,Porto,PT,34,2020-06-15,
2212,Viktor,Lund,viktor.lund2211@example.com,Halifax,CA,26,2018-06-09,
2213,Priya,Larsen,priya.larsen2212@example.com,Bologna,IT,20,2022-05-15,
2214,Malik,Hale,malik.hale2213@example.com,Portland,US,16,2009-08-25,
2215,Noel,Baptiste,noel.baptiste2214@example.com,Austin,US,30,2015-01-15,medium
2216,Tarek,Halloran,tarek.halloran2215@example.com,Columbus,US,28,2009-08-24,
2217,Zara,Roy,zara.roy2216@example.com,Hobart,AU,31,2023-03-26,
2218,Ben,Bergstrom,ben.bergstrom2217@example.com,Bologna,IT,20,2023-10-01,
2219,Idris,Rahman,idris.rahman2218@example.com,Uppsala,SE,23,2017-02-04,low
2220,Kiran,Adeyemi,kiran.adeyemi2219@example.com,Bologna,IT,15,2024-02-14,medium
2221,Signe,Solberg,signe.solberg2220@example.com,Perth,AU,29,2024-06-09,
2222,Anton,Diaz,anton.diaz2221@example.com,Sheffield,GB,12,2024-02-17,low
2223,Aoife,Bauer,aoife.bauer2222@example.com,Groningen,NL,6,2019-05-20,
2224,Ravi,Whitfield,ravi.whitfield2223@example.com,Adelaide,AU,16,2019-03-11,
2225,Esme,Abbott,esme.abbott2224@example.com,Tucson,US,36,2016-09-20,
2226,Nadia,Tan,nadia.tan2225@example.com,Sheffield,GB,38,2017-11-20,
2227,Omar,Renard,omar.renard2226@example.com,Bologna,IT,40,2008-01-25,
2228,Tobias,Osei,tobias.osei2227@example.com,Austin,US,26,2008-07-10,
2229,Wren,Park,wren.park2228@example.com,Utrecht,NL,1,2011-05-28,
2230,Claire,Castellanos,claire.castellanos2229@example.com,Dunedin,NZ,2,2021-01-18,
2231,Nora,Whitfield,nora.whitfield2230@example.com,Bergen,NO,10,2015-08-04,
2232,Fatima,Vance,fatima.vance2231@example.com,Cork,IE,7,2008-05-08,
2233,Lars,Novak,lars.novak2232@example.com,Bristol,GB,7,2012-08-27,high
2234,Leila,Haddad,leila.haddad2233@example.com,Perth,AU,12,2013-11-26,low
2235,Hana,Quinn,hana.quinn2234@example.com,Utrecht,NL,25,2020-05-10,
2236,Priya,Osei,priya.osei2235@example.com,Adelaide,AU,30,2010-04-17,medium
2237,Andres,Ueda,andres.ueda2236@example.com,Auckland,NZ,24,2025-06-08,low
2238,Omar,Cormack,omar.cormack2237@example.com,Leipzig,DE,34,2022-01-07,low
2239,Greta,Halloran,greta.halloran2238@example.com,Auckland,NZ,9,2012-01-21,
2240,Bruno,Shah,bruno.shah2239@example.com,Raleigh,US,2,2016-12-10,
2241,Kiran,Nakamura,kiran.nakamura2240@example.com,Dunedin,NZ,7,2019-04-19,
2242,Solveig,Kaur,solveig.kaur2241@example.com,Perth,AU,14,2008-09-27,
2243,Sofia,Tan,sofia.tan2242@example.com,Toronto,CA,39,2010-06-24,
2244,Iris,Bergstrom,iris.bergstrom2243@example.com,Leipzig,DE,28,2013-09-22,
2245,Yuki,Delgado,yuki.delgado2244@example.com,Ljubljana,SI,39,2012-04-04,low
2246,Elena,Farrow,elena.farrow2245@example.com,Auckland,NZ,31,2016-12-18,
2247,Tarek,Wexler,tarek.wexler2246@example.com,Cork,IE,25,2023-04-27,
2248,Samir,Reed,samir.reed2247@example.com,Montpellier,FR,26,2011-07-02,
2249,Lars,Kirby,lars.kirby2248@example.com,Tucson,US,14,2009-05-07,
2250,Lars,Ferreira,lars.ferreira2249@example.com,Sheffield,GB,33,2021-04-09,
2251,Amara,Hale,amara.hale2250@example.com,Auckland,NZ,37,2017-05-03,high
2252,Pieter,Bergstrom,pieter.bergstrom2251@example.com,Galway,IE,6,2025-06-19,low
2253,Malik,Farrow,malik.farrow2252@example.com,Uppsala,SE,26,2010-09-15,low
2254,Pieter,Vance,pieter.vance2253@example.com,Auckland,NZ,4,2022-08-25,
2255,Hugo,Quinn,hugo.quinn2254@example.com,Ljubljana,SI,23,2025-10-24,
2256,Pieter,Cole,pieter.cole2255@example.com,Uppsala,SE,5,2024-01-11,
2257,Sean,Kaur,sean.kaur2256@example.com,Adelaide,AU,30,2015-06-20,high
2258,Tom,Osei,tom.osei2257@example.com,Austin,US,5,2013-08-05,
2259,Emeka,Vogt,emeka.vogt2258@example.com,Valencia,ES,28,2018-07-05,
2260,Malik,Larsen,malik.larsen2259@example.com,Bristol,GB,6,2024-10-20,
2261,Tobias,Mensah,tobias.mensah2260@example.com,Portland,US,10,2012-06-18,
2262,Omar,Hale,omar.hale2261@example.com,Columbus,US,12,2022-10-01,low
2263,Camille,Novak,camille.novak2262@example.com,Bristol,GB,5,2020-09-14,
2264,Maya,Moreau,maya.moreau2263@example.com,Adelaide,AU,32,2018-06-09,
2265,Amara,Bauer,amara.bauer2264@example.com,Bristol,GB,34,2019-05-26,low
2266,Viktor,Petrov,viktor.petrov2265@example.com,Hobart,AU,30,2014-03-12,high
2267,Mateo,Petrov,mateo.petrov2266@example.com,Austin,US,3,2009-07-15,
2268,Nell,Renard,nell.renard2267@example.com,Bologna,IT,40,2019-05-27,
2269,Maya,Achebe,maya.achebe2268@example.com,Auckland,NZ,19,2019-09-17,
2270,Amara,Ueda,amara.ueda2269@example.com,Cork,IE,24,2023-04-08,
2271,Iris,Adeyemi,iris.adeyemi2270@example.com,Hobart,AU,10,2019-12-05,
2272,Ben,Beaumont,ben.beaumont2271@example.com,Raleigh,US,33,2020-10-20,low
2273,Rafael,Rossi,rafael.rossi2272@example.com,Valencia,ES,37,2017-08-16,
2274,Jonas,Haddad,jonas.haddad2273@example.com,Galway,IE,13,2019-12-20,
2275,Solveig,Zamora,solveig.zamora2274@example.com,Raleigh,US,2,2016-09-21,
2276,Camille,Vogt,camille.vogt2275@example.com,Freiburg,DE,17,2013-07-09,high
2277,Signe,Roy,signe.roy2276@example.com,Uppsala,SE,3,2017-01-19,
2278,Noel,Bergstrom,noel.bergstrom2277@example.com,Valencia,ES,13,2009-06-04,
2279,Malik,Quinn,malik.quinn2278@example.com,Portland,US,32,2012-01-18,
2280,Malik,Petrov,malik.petrov2279@example.com,Sheffield,GB,13,2021-02-01,low
2281,Ben,Lund,ben.lund2280@example.com,Denver,US,30,2011-02-02,
2282,Sofia,Kaur,sofia.kaur2281@example.com,Ljubljana,SI,27,2016-09-01,
2283,Kiran,Quinn,kiran.quinn2282@example.com,Groningen,NL,13,2014-08-02,low
2284,Ana,Sorensen,ana.sorensen2283@example.com,Porto,PT,39,2021-07-08,
2285,Ravi,Tan,ravi.tan2284@example.com,Bergen,NO,32,2014-03-01,
2286,Sean,Lindqvist,sean.lindqvist2285@example.com,Auckland,NZ,23,2020-03-14,low
2287,Sofia,Nyberg,sofia.nyberg2286@example.com,Cork,IE,11,2019-09-25,
2288,Aoife,Ashworth,aoife.ashworth2287@example.com,Aarhus,DK,7,2018-05-17,
2289,Dmitri,Reed,dmitri.reed2288@example.com,Aarhus,DK,35,2016-09-09,
2290,Noel,Okafor,noel.okafor2289@example.com,Raleigh,US,3,2010-02-23,
2291,Felix,Solberg,felix.solberg2290@example.com,Bergen,NO,14,2019-07-01,medium
2292,Viktor,Farrow,viktor.farrow2291@example.com,Victoria,CA,23,2014-09-10,
2293,Ben,Marchetti,ben.marchetti2292@example.com,Bologna,IT,35,2018-02-20,low
2294,Maya,Kirby,maya.kirby2293@example.com,Montpellier,FR,39,2017-02-06,low
2295,Sofia,Moreau,sofia.moreau2294@example.com,Halifax,CA,14,2009-06-01,
2296,Fatima,Kaur,fatima.kaur2295@example.com,Austin,US,40,2009-08-22,
2297,Bianca,Ibrahim,bianca.ibrahim2296@example.com,Tucson,US,38,2015-05-10,
2298,Delphine,Tan,delphine.tan2297@example.com,Bergen,NO,25,2023-09-07,
2299,Amara,Whitfield,amara.whitfield2298@example.com,Auckland,NZ,20,2010-06-12,
2300,Rosa,Ellery,rosa.ellery2299@example.com,Perth,AU,23,2021-06-16,low
2301,Camille,Zamora,camille.zamora2300@example.com,Galway,IE,38,2015-09-10,
2302,Malik,Renard,malik.renard2301@example.com,Valencia,ES,36,2011-10-28,
2303,Alma,Petrov,alma.petrov2302@example.com,Dunedin,NZ,29,2025-03-18,low
2304,Mateo,Baptiste,mateo.baptiste2303@example.com,Portland,US,14,2017-10-20,
2305,Josefina,Adeyemi,josefina.adeyemi2304@example.com,Manchester,GB,16,2022-05-14,
2306,Sofia,Farrow,sofia.farrow2305@example.com,Uppsala,SE,35,2014-10-20,
2307,Jon,Castellanos,jon.castellanos2306@example.com,Denver,US,2,2023-06-25,
2308,Hana,Ibrahim,hana.ibrahim2307@example.com,Hobart,AU,31,2010-01-23,
2309,Kiran,Vogt,kiran.vogt2308@example.com,Leipzig,DE,26,2022-10-04,
2310,Lars,Haddad,lars.haddad2309@example.com,Perth,AU,13,2011-12-04,
2311,Josefina,Sandoval,josefina.sandoval2310@example.com,Nantes,FR,8,2016-05-17,low
2312,Alma,Tan,alma.tan2311@example.com,Bristol,GB,13,2011-10-19,
2313,Zara,Nyberg,zara.nyberg2312@example.com,Halifax,CA,4,2011-02-21,low
2314,Camille,Cole,camille.cole2313@example.com,Tampere,FI,19,2015-07-22,
2315,Greta,Iqbal,greta.iqbal2314@example.com,Victoria,CA,7,2017-05-27,
2316,Greta,Mwangi,greta.mwangi2315@example.com,Cork,IE,34,2009-02-27,
2317,Raj,Okafor,raj.okafor2316@example.com,Austin,US,17,2018-08-17,
2318,Signe,Diaz,signe.diaz2317@example.com,Bergen,NO,33,2008-03-11,
2319,Ana,Farrow,ana.farrow2318@example.com,Utrecht,NL,31,2009-05-06,low
2320,Nell,Abbott,nell.abbott2319@example.com,Aarhus,DK,24,2009-08-25,low
2321,Andres,Mensah,andres.mensah2320@example.com,Auckland,NZ,24,2014-04-05,
2322,Ben,Nyberg,ben.nyberg2321@example.com,Bergen,NO,14,2009-05-13,low
2323,Pieter,Roy,pieter.roy2322@example.com,Nantes,FR,16,2021-12-27,
2324,Tarek,Novak,tarek.novak2323@example.com,Nantes,FR,39,2014-12-19,
2325,Rosa,Adeyemi,rosa.adeyemi2324@example.com,Leipzig,DE,24,2017-02-04,
2326,Esme,Ashworth,esme.ashworth2325@example.com,Halifax,CA,26,2018-09-11,
2327,Iris,Vance,iris.vance2326@example.com,Aarhus,DK,25,2020-01-04,low
2328,Lena,Vogt,lena.vogt2327@example.com,Utrecht,NL,12,2012-07-27,
2329,Noel,Kaur,noel.kaur2328@example.com,Auckland,NZ,11,2021-10-03,medium
2330,Dmitri,Frost,dmitri.frost2329@example.com,Toronto,CA,29,2008-07-19,
2331,Signe,Silva,signe.silva2330@example.com,Utrecht,NL,37,2017-01-25,low
2332,Maya,Petrov,maya.petrov2331@example.com,Bergen,NO,6,2008-03-27,medium
2333,Sara,Reed,sara.reed2332@example.com,Porto,PT,24,2008-04-03,low
2334,Arjun,Rossi,arjun.rossi2333@example.com,Ljubljana,SI,12,2013-09-09,
2335,Tomas,Rossi,tomas.rossi2334@example.com,Dunedin,NZ,5,2020-11-01,
2336,Felix,Wexler,felix.wexler2335@example.com,Tucson,US,23,2009-06-11,
2337,Rafael,Whitfield,rafael.whitfield2336@example.com,Groningen,NL,12,2012-03-10,
2338,Camille,Achebe,camille.achebe2337@example.com,Norwich,GB,23,2023-11-16,
2339,Dmitri,Kaur,dmitri.kaur2338@example.com,Aarhus,DK,34,2025-06-23,
2340,Dmitri,Voss,dmitri.voss2339@example.com,Auckland,NZ,2,2010-04-04,
2341,Omar,Voss,omar.voss2340@example.com,Utrecht,NL,30,2015-12-10,low
2342,Jon,Zamora,jon.zamora2341@example.com,Montpellier,FR,22,2018-05-25,
2343,Sofia,Wexler,sofia.wexler2342@example.com,Bristol,GB,40,2020-01-03,
2344,Noel,Petrov,noel.petrov2343@example.com,Tucson,US,28,2009-02-09,low
2345,Omar,Larsen,omar.larsen2344@example.com,Montpellier,FR,2,2008-01-28,
2346,Sean,Bauer,sean.bauer2345@example.com,Ljubljana,SI,33,2012-01-08,
2347,Greta,Nakamura,greta.nakamura2346@example.com,Leipzig,DE,2,2018-11-17,
2348,Esme,Ricci,esme.ricci2347@example.com,Bologna,IT,20,2020-02-19,
2349,Kiran,Delgado,kiran.delgado2348@example.com,Adelaide,AU,34,2014-04-25,
2350,Ciara,Brennan,ciara.brennan2349@example.com,Dunedin,NZ,32,2015-02-18,low
2351,Maya,Mensah,maya.mensah2350@example.com,Uppsala,SE,28,2011-04-11,
2352,Jon,Diaz,jon.diaz2351@example.com,Hobart,AU,26,2025-10-02,high
2353,Esme,Abbott,esme.abbott2352@example.com,Leipzig,DE,11,2012-03-05,low
2354,Noel,Nair,noel.nair2353@example.com,Hobart,AU,31,2025-01-08,medium
2355,Elena,Solberg,elena.solberg2354@example.com,Dunedin,NZ,13,2020-10-19,
2356,Wren,Bauer,wren.bauer2355@example.com,Bologna,IT,3,2023-10-15,
2357,Lars,Lindqvist,lars.lindqvist2356@example.com,Bologna,IT,5,2009-01-23,
2358,Omar,Lindqvist,omar.lindqvist2357@example.com,Aarhus,DK,20,2019-06-06,
2359,Anton,Renard,anton.renard2358@example.com,Leipzig,DE,7,2019-10-16,
2360,Bianca,Dubois,bianca.dubois2359@example.com,Tucson,US,3,2010-04-05,high
2361,Sean,Kaur,sean.kaur2360@example.com,Sheffield,GB,36,2025-06-22,
2362,Signe,Park,signe.park2361@example.com,Porto,PT,34,2025-12-22,medium
2363,Iris,Lund,iris.lund2362@example.com,Columbus,US,31,2019-05-24,
2364,Sean,Cormack,sean.cormack2363@example.com,Norwich,GB,11,2017-03-05,
2365,Tom,Larsen,tom.larsen2364@example.com,Montpellier,FR,13,2015-03-09,
2366,Ana,Castellanos,ana.castellanos2365@example.com,Tucson,US,20,2008-01-26,
2367,Bruno,Kaur,bruno.kaur2366@example.com,Porto,PT,6,2012-05-04,low
2368,Zara,Diaz,zara.diaz2367@example.com,Tucson,US,12,2018-08-20,
2369,Sean,Wexler,sean.wexler2368@example.com,Groningen,NL,27,2019-06-04,
2370,Camille,Moreau,camille.moreau2369@example.com,Aarhus,DK,6,2017-07-03,
2371,Kwame,Adeyemi,kwame.adeyemi2370@example.com,Montpellier,FR,7,2022-11-14,
2372,Kwame,Marchetti,kwame.marchetti2371@example.com,Freiburg,DE,21,2008-07-10,medium
2373,Kiran,Reed,kiran.reed2372@example.com,Manchester,GB,13,2023-11-17,low
2374,Arjun,Cole,arjun.cole2373@example.com,Austin,US,12,2008-10-04,
2375,Kofi,Nyberg,kofi.nyberg2374@example.com,Tucson,US,2,2013-03-26,
2376,Priya,Renard,priya.renard2375@example.com,Columbus,US,4,2014-08-08,
2377,Sofia,Petrov,sofia.petrov2376@example.com,Montpellier,FR,25,2016-05-02,
2378,Sara,Quinn,sara.quinn2377@example.com,Toronto,CA,14,2010-05-02,low
2379,Claire,Vogt,claire.vogt2378@example.com,Halifax,CA,5,2016-08-03,
2380,Noel,Sorensen,noel.sorensen2379@example.com,Valencia,ES,12,2025-11-24,low
2381,Josefina,Bergstrom,josefina.bergstrom2380@example.com,Manchester,GB,34,2012-08-17,
2382,Noel,Okafor,noel.okafor2381@example.com,Columbus,US,22,2012-12-07,medium
2383,Andres,Tan,andres.tan2382@example.com,Ljubljana,SI,20,2012-08-26,
2384,Solveig,Lund,solveig.lund2383@example.com,Manchester,GB,23,2019-06-18,
2385,Hana,Reed,hana.reed2384@example.com,Norwich,GB,20,2023-10-16,
2386,Greta,Achebe,greta.achebe2385@example.com,Uppsala,SE,9,2015-01-02,
2387,Malik,Bauer,malik.bauer2386@example.com,Montpellier,FR,5,2009-12-28,
2388,Ingrid,Kirby,ingrid.kirby2387@example.com,Hobart,AU,24,2008-03-10,low
2389,Ciara,Zamora,ciara.zamora2388@example.com,Norwich,GB,18,2024-01-24,medium
2390,Bianca,Solberg,bianca.solberg2389@example.com,Portland,US,29,2016-02-18,low
2391,Lena,Rahman,lena.rahman2390@example.com,Tampere,FI,3,2008-04-22,
2392,Tomas,Whitfield,tomas.whitfield2391@example.com,Columbus,US,24,2020-06-08,
2393,Anton,Okafor,anton.okafor2392@example.com,Portland,US,9,2012-10-09,
2394,Yuki,Kowalski,yuki.kowalski2393@example.com,Utrecht,NL,25,2025-06-03,
2395,Sofia,Mensah,sofia.mensah2394@example.com,Austin,US,24,2016-01-10,
2396,Lena,Kaur,lena.kaur2395@example.com,Adelaide,AU,5,2012-07-05,medium
2397,Iris,Diaz,iris.diaz2396@example.com,Bristol,GB,35,2025-08-19,medium
2398,Tobias,Ricci,tobias.ricci2397@example.com,Uppsala,SE,12,2009-02-07,low
2399,Josefina,Ricci,josefina.ricci2398@example.com,Manchester,GB,35,2009-07-16,
2400,Elena,Silva,elena.silva2399@example.com,Austin,US,18,2016-07-08,
2401,Samir,Petrov,samir.petrov2400@example.com,Nantes,FR,28,2011-10-22,medium
2402,Pieter,Lund,pieter.lund2401@example.com,Perth,AU,27,2024-08-08,
2403,Kwame,Shah,kwame.shah2402@example.com,Austin,US,17,2017-09-26,
2404,Kiran,Shah,kiran.shah2403@example.com,Leipzig,DE,27,2014-10-13,
2405,Marta,Rahman,marta.rahman2404@example.com,Auckland,NZ,1,2013-09-09,
2406,Lars,Adeyemi,lars.adeyemi2405@example.com,Portland,US,21,2023-06-17,
2407,Leila,Vance,leila.vance2406@example.com,Victoria,CA,1,2025-10-06,
2408,Amara,Vance,amara.vance2407@example.com,Tampere,FI,9,2013-10-25,
2409,Maya,Moreau,maya.moreau2408@example.com,Utrecht,NL,21,2016-03-09,low
2410,Ciara,Thorne,ciara.thorne2409@example.com,Dunedin,NZ,40,2023-11-28,
2411,Mateo,Baptiste,mateo.baptiste2410@example.com,Portland,US,12,2015-04-26,
2412,Signe,Ibrahim,signe.ibrahim2411@example.com,Tucson,US,39,2012-01-24,
2413,Omar,Fischer,omar.fischer2412@example.com,Porto,PT,33,2014-07-03,
2414,Noel,Vogt,noel.vogt2413@example.com,Freiburg,DE,13,2020-11-02,
2415,Kofi,Vogt,kofi.vogt2414@example.com,Auckland,NZ,16,2018-12-04,
2416,Nadia,Lund,nadia.lund2415@example.com,Galway,IE,27,2016-02-13,
2417,Nell,Wexler,nell.wexler2416@example.com,Victoria,CA,17,2019-11-08,
2418,Camille,Haddad,camille.haddad2417@example.com,Adelaide,AU,40,2017-06-03,
2419,Signe,Baptiste,signe.baptiste2418@example.com,Valencia,ES,33,2019-08-28,
2420,Viktor,Farrow,viktor.farrow2419@example.com,Manchester,GB,36,2025-06-11,
2421,Lars,Haddad,lars.haddad2420@example.com,Raleigh,US,30,2008-01-07,
2422,Tobias,Renard,tobias.renard2421@example.com,Austin,US,15,2022-01-09,
2423,Delphine,Rossi,delphine.rossi2422@example.com,Columbus,US,3,2016-05-01,
2424,Leila,Sandoval,leila.sandoval2423@example.com,Groningen,NL,39,2013-11-08,low
2425,Aoife,Whitfield,aoife.whitfield2424@example.com,Aarhus,DK,7,2017-04-06,
2426,Anton,Vogt,anton.vogt2425@example.com,Aarhus,DK,37,2017-10-03,high
2427,Malik,Okafor,malik.okafor2426@example.com,Norwich,GB,9,2022-03-04,
2428,Marta,Farrow,marta.farrow2427@example.com,Hobart,AU,9,2024-10-15,
2429,Tom,Ellery,tom.ellery2428@example.com,Bristol,GB,14,2008-05-12,low
2430,Bianca,Achebe,bianca.achebe2429@example.com,Tampere,FI,22,2022-10-05,
2431,Anton,Vogt,anton.vogt2430@example.com,Adelaide,AU,32,2013-01-07,
2432,Andres,Cormack,andres.cormack2431@example.com,Raleigh,US,9,2024-01-05,
2433,Samir,Quinn,samir.quinn2432@example.com,Freiburg,DE,4,2010-06-03,
2434,Malik,Brennan,malik.brennan2433@example.com,Cork,IE,8,2020-03-01,
2435,Lars,Nakamura,lars.nakamura2434@example.com,Columbus,US,3,2020-01-19,
2436,Nell,Zamora,nell.zamora2435@example.com,Ljubljana,SI,31,2024-08-20,
2437,Eli,Solberg,eli.solberg2436@example.com,Tampere,FI,20,2019-02-05,
2438,Arjun,Rahman,arjun.rahman2437@example.com,Porto,PT,14,2009-05-26,
2439,Alma,Reed,alma.reed2438@example.com,Norwich,GB,36,2012-07-01,
2440,Fatima,Mwangi,fatima.mwangi2439@example.com,Nantes,FR,16,2017-11-05,
2441,Eli,Diaz,eli.diaz2440@example.com,Uppsala,SE,6,2010-04-26,
2442,Malik,Okafor,malik.okafor2441@example.com,Bergen,NO,35,2011-04-08,
2443,Bianca,Cormack,bianca.cormack2442@example.com,Sheffield,GB,29,2009-06-24,medium
2444,Nadia,Roy,nadia.roy2443@example.com,Ljubljana,SI,2,2014-01-03,
2445,Idris,Park,idris.park2444@example.com,Norwich,GB,25,2014-10-14,
2446,Tobias,Beaumont,tobias.beaumont2445@example.com,Bergen,NO,1,2024-04-12,
2447,Ingrid,Fischer,ingrid.fischer2446@example.com,Aarhus,DK,18,2009-11-23,
2448,Esme,Haddad,esme.haddad2447@example.com,Adelaide,AU,30,2016-08-15,low
2449,Tomas,Bergstrom,tomas.bergstrom2448@example.com,Tucson,US,10,2023-02-16,
2450,Signe,Sorensen,signe.sorensen2449@example.com,Victoria,CA,16,2014-05-01,
2451,Elena,Larsen,elena.larsen2450@example.com,Nantes,FR,9,2021-11-22,
2452,Leila,Dubois,leila.dubois2451@example.com,Valencia,ES,39,2016-04-17,medium
2453,Sara,Cole,sara.cole2452@example.com,Tucson,US,19,2010-04-07,low
2454,Esme,Dubois,esme.dubois2453@example.com,Manchester,GB,7,2014-09-27,
2455,Marta,Brennan,marta.brennan2454@example.com,Ljubljana,SI,10,2012-01-18,
2456,Samir,Sorensen,samir.sorensen2455@example.com,Auckland,NZ,32,2022-01-09,
2457,Bianca,Renard,bianca.renard2456@example.com,Halifax,CA,20,2013-02-28,
2458,Amara,Lund,amara.lund2457@example.com,Galway,IE,36,2020-02-11,low
2459,Hana,Brennan,hana.brennan2458@example.com,Portland,US,37,2020-05-22,low
2460,Raj,Lund,raj.lund2459@example.com,Manchester,GB,35,2020-06-11,
2461,Noel,Ueda,noel.ueda2460@example.com,Cork,IE,37,2019-07-06,
2462,Tom,Moreau,tom.moreau2461@example.com,Raleigh,US,2,2016-10-04,low
2463,Tom,Zamora,tom.zamora2462@example.com,Hobart,AU,30,2012-03-23,medium
2464,Arjun,Kirby,arjun.kirby2463@example.com,Tampere,FI,27,2020-07-08,
2465,Greta,Baptiste,greta.baptiste2464@example.com,Sheffield,GB,28,2025-03-09,
2466,Lena,Ricci,lena.ricci2465@example.com,Groningen,NL,14,2012-09-05,low
2467,Nora,Tan,nora.tan2466@example.com,Raleigh,US,31,2009-02-10,
2468,Tomas,Petrov,tomas.petrov2467@example.com,Bergen,NO,27,2009-12-03,
2469,Signe,Moreau,signe.moreau2468@example.com,Bristol,GB,28,2025-08-19,high
2470,Esme,Kowalski,esme.kowalski2469@example.com,Manchester,GB,10,2011-02-03,
2471,Delphine,Lindqvist,delphine.lindqvist2470@example.com,Groningen,NL,21,2009-10-12,high
2472,Dmitri,Fischer,dmitri.fischer2471@example.com,Montpellier,FR,26,2023-05-07,
2473,Rafael,Cormack,rafael.cormack2472@example.com,Victoria,CA,11,2017-03-03,
2474,Zara,Quinn,zara.quinn2473@example.com,Denver,US,40,2012-01-24,
2475,Elena,Lund,elena.lund2474@example.com,Galway,IE,14,2023-11-08,low
2476,Wren,Thorne,wren.thorne2475@example.com,Hobart,AU,35,2013-08-11,medium
2477,Ciara,Osei,ciara.osei2476@example.com,Hobart,AU,31,2018-06-25,
2478,Zara,Kaur,zara.kaur2477@example.com,Bristol,GB,29,2015-01-08,low
2479,Ana,Iqbal,ana.iqbal2478@example.com,Galway,IE,35,2012-05-04,
2480,Idris,Thorne,idris.thorne2479@example.com,Groningen,NL,39,2019-04-25,medium
2481,Yuki,Lund,yuki.lund2480@example.com,Austin,US,29,2019-08-05,
2482,Viktor,Voss,viktor.voss2481@example.com,Auckland,NZ,9,2018-05-28,low
2483,Rafael,Roy,rafael.roy2482@example.com,Halifax,CA,34,2016-10-28,
2484,Alma,Nakamura,alma.nakamura2483@example.com,Adelaide,AU,26,2013-06-11,
2485,Kwame,Farrow,kwame.farrow2484@example.com,Sheffield,GB,4,2015-06-15,
2486,Tobias,Nair,tobias.nair2485@example.com,Utrecht,NL,33,2017-05-18,
2487,Greta,Ricci,greta.ricci2486@example.com,Cork,IE,17,2022-01-16,
2488,Marta,Mensah,marta.mensah2487@example.com,Freiburg,DE,39,2015-12-03,
2489,Solveig,Vance,solveig.vance2488@example.com,Sheffield,GB,1,2022-01-08,
2490,Camille,Novak,camille.novak2489@example.com,Uppsala,SE,37,2013-07-12,low
2491,Sara,Ibrahim,sara.ibrahim2490@example.com,Freiburg,DE,40,2011-12-17,
2492,Mateo,Baptiste,mateo.baptiste2491@example.com,Porto,PT,34,2018-10-07,
2493,Malik,Ricci,malik.ricci2492@example.com,Manchester,GB,32,2015-10-28,medium
2494,Kwame,Hale,kwame.hale2493@example.com,Columbus,US,19,2021-10-12,
2495,Andres,Zamora,andres.zamora2494@example.com,Portland,US,10,2012-03-02,low
2496,Andres,Beaumont,andres.beaumont2495@example.com,Aarhus,DK,1,2009-12-18,medium
2497,Iris,Osei,iris.osei2496@example.com,Bologna,IT,24,2008-05-10,
2498,Wren,Ellery,wren.ellery2497@example.com,Bergen,NO,21,2019-11-12,
2499,Maya,Sandoval,maya.sandoval2498@example.com,Galway,IE,9,2020-06-19,medium
2500,Nell,Nyberg,nell.nyberg2499@example.com,Norwich,GB,12,2025-02-06,
2501,Sean,Frost,sean.frost2500@example.com,Halifax,CA,21,2017-09-09,low
2502,Viktor,Tan,viktor.tan2501@example.com,Bologna,IT,20,2024-05-12,low
2503,Arjun,Solberg,arjun.solberg2502@example.com,Tucson,US,34,2019-10-27,
2504,Samir,Renard,samir.renard2503@example.com,Adelaide,AU,18,2023-11-21,low
2505,Dmitri,Osei,dmitri.osei2504@example.com,Hobart,AU,12,2021-08-14,
2506,Jon,Frost,jon.frost2505@example.com,Columbus,US,9,2013-02-11,medium
2507,Kwame,Nair,kwame.nair2506@example.com,Bristol,GB,2,2017-10-08,low
2508,Raj,Ibrahim,raj.ibrahim2507@example.com,Sheffield,GB,12,2017-07-27,medium
2509,Zara,Ferreira,zara.ferreira2508@example.com,Halifax,CA,7,2011-02-28,
2510,Maya,Marchetti,maya.marchetti2509@example.com,Dunedin,NZ,39,2021-05-06,
2511,Ingrid,Osei,ingrid.osei2510@example.com,Bristol,GB,19,2021-03-21,
2512,Signe,Rahman,signe.rahman2511@example.com,Valencia,ES,27,2011-04-17,low
2513,Malik,Diaz,malik.diaz2512@example.com,Porto,PT,12,2022-08-28,low
2514,Josefina,Lund,josefina.lund2513@example.com,Montpellier,FR,12,2018-11-27,
2515,Nell,Rahman,nell.rahman2514@example.com,Aarhus,DK,3,2012-11-20,medium
2516,Kiran,Park,kiran.park2515@example.com,Nantes,FR,30,2023-09-06,low
2517,Marta,Kowalski,marta.kowalski2516@example.com,Manchester,GB,5,2018-03-28,
2518,Kiran,Okafor,kiran.okafor2517@example.com,Groningen,NL,38,2017-07-28,low
2519,Alma,Mwangi,alma.mwangi2518@example.com,Sheffield,GB,18,2017-01-10,
2520,Camille,Mensah,camille.mensah2519@example.com,Denver,US,6,2024-10-08,
2521,Lena,Ashworth,lena.ashworth2520@example.com,Montpellier,FR,36,2023-05-20,
2522,Camille,Castellanos,camille.castellanos2521@example.com,Utrecht,NL,4,2011-05-13,
2523,Kiran,Haddad,kiran.haddad2522@example.com,Denver,US,33,2010-06-05,
2524,Samir,Renard,samir.renard2523@example.com,Auckland,NZ,26,2025-04-12,high
2525,Jon,Shah,jon.shah2524@example.com,Auckland,NZ,32,2010-01-10,low
2526,Hugo,Ibrahim,hugo.ibrahim2525@example.com,Adelaide,AU,10,2020-06-19,
2527,Ben,Sorensen,ben.sorensen2526@example.com,Groningen,NL,30,2016-08-02,
2528,Solveig,Haddad,solveig.haddad2527@example.com,Raleigh,US,4,2016-01-06,
2529,Kofi,Bergstrom,kofi.bergstrom2528@example.com,Bristol,GB,4,2008-09-11,medium
2530,Nell,Osei,nell.osei2529@example.com,Nantes,FR,3,2014-07-25,high
2531,Sara,Ibrahim,sara.ibrahim2530@example.com,Galway,IE,10,2013-02-23,
2532,Bianca,Nyberg,bianca.nyberg2531@example.com,Groningen,NL,34,2016-05-05,
2533,Tom,Solberg,tom.solberg2532@example.com,Victoria,CA,18,2014-11-10,medium
2534,Anton,Hale,anton.hale2533@example.com,Portland,US,26,2011-10-23,
2535,Ana,Vance,ana.vance2534@example.com,Raleigh,US,29,2015-01-28,
2536,Sofia,Ellery,sofia.ellery2535@example.com,Freiburg,DE,37,2023-09-05,
2537,Kofi,Ellery,kofi.ellery2536@example.com,Montpellier,FR,37,2019-11-21,medium
2538,Zara,Castellanos,zara.castellanos2537@example.com,Columbus,US,40,2024-01-17,
2539,Bianca,Tan,bianca.tan2538@example.com,Toronto,CA,4,2013-10-14,
2540,Esme,Beaumont,esme.beaumont2539@example.com,Adelaide,AU,6,2023-02-27,
2541,Alma,Marchetti,alma.marchetti2540@example.com,Columbus,US,19,2015-09-01,low
2542,Nadia,Okafor,nadia.okafor2541@example.com,Groningen,NL,18,2008-08-01,
2543,Ana,Vogt,ana.vogt2542@example.com,Galway,IE,8,2014-10-20,
2544,Marta,Whitfield,marta.whitfield2543@example.com,Bergen,NO,32,2008-09-28,
2545,Solveig,Halloran,solveig.halloran2544@example.com,Uppsala,SE,40,2011-02-25,
2546,Marta,Ricci,marta.ricci2545@example.com,Cork,IE,18,2019-02-26,
2547,Yuki,Castellanos,yuki.castellanos2546@example.com,Cork,IE,17,2022-08-22,
2548,Eli,Fischer,eli.fischer2547@example.com,Austin,US,13,2009-09-06,low
2549,Amara,Reed,amara.reed2548@example.com,Aarhus,DK,27,2014-08-08,
2550,Ben,Diaz,ben.diaz2549@example.com,Bristol,GB,39,2022-11-21,
2551,Jonas,Lindqvist,jonas.lindqvist2550@example.com,Montpellier,FR,23,2018-10-16,low
2552,Emeka,Dubois,emeka.dubois2551@example.com,Bergen,NO,4,2015-11-02,
2553,Jon,Ellery,jon.ellery2552@example.com,Norwich,GB,25,2018-02-08,
2554,Noel,Vance,noel.vance2553@example.com,Norwich,GB,14,2019-10-07,
2555,Emeka,Vogt,emeka.vogt2554@example.com,Montpellier,FR,7,2013-07-07,
2556,Iris,Solberg,iris.solberg2555@example.com,Dunedin,NZ,25,2024-11-15,
2557,Nell,Silva,nell.silva2556@example.com,Austin,US,37,2011-12-14,
2558,Tarek,Osei,tarek.osei2557@example.com,Victoria,CA,8,2012-01-19,low
2559,Rafael,Achebe,rafael.achebe2558@example.com,Montpellier,FR,22,2024-09-23,low
2560,Anton,Mensah,anton.mensah2559@example.com,Hobart,AU,3,2020-10-18,
2561,Arjun,Iqbal,arjun.iqbal2560@example.com,Galway,IE,17,2017-11-14,high
2562,Tarek,Osei,tarek.osei2561@example.com,Columbus,US,29,2019-04-24,medium
2563,Fatima,Voss,fatima.voss2562@example.com,Tucson,US,23,2014-09-20,high
2564,Dmitri,Solberg,dmitri.solberg2563@example.com,Dunedin,NZ,34,2009-04-11,
2565,Delphine,Moreau,delphine.moreau2564@example.com,Hobart,AU,37,2017-01-12,low
2566,Claire,Lindqvist,claire.lindqvist2565@example.com,Sheffield,GB,13,2025-04-24,
2567,Andres,Larsen,andres.larsen2566@example.com,Toronto,CA,29,2016-11-25,low
2568,Claire,Sorensen,claire.sorensen2567@example.com,Tampere,FI,5,2017-08-07,
2569,Greta,Bauer,greta.bauer2568@example.com,Hobart,AU,35,2025-04-17,
2570,Hugo,Iqbal,hugo.iqbal2569@example.com,Hobart,AU,17,2008-07-26,
2571,Esme,Kowalski,esme.kowalski2570@example.com,Dunedin,NZ,4,2018-08-21,low
2572,Solveig,Ellery,solveig.ellery2571@example.com,Bologna,IT,24,2012-01-16,medium
2573,Omar,Adeyemi,omar.adeyemi2572@example.com,Austin,US,35,2016-12-28,low
2574,Iris,Park,iris.park2573@example.com,Nantes,FR,5,2011-12-24,
2575,Ana,Bergstrom,ana.bergstrom2574@example.com,Bologna,IT,23,2018-03-12,
2576,Raj,Mensah,raj.mensah2575@example.com,Adelaide,AU,24,2019-01-07,
2577,Tobias,Ueda,tobias.ueda2576@example.com,Austin,US,14,2016-12-26,
2578,Rafael,Roy,rafael.roy2577@example.com,Bergen,NO,31,2023-05-03,
2579,Arjun,Wexler,arjun.wexler2578@example.com,Halifax,CA,21,2008-11-14,low
2580,Nell,Osei,nell.osei2579@example.com,Ljubljana,SI,29,2012-11-06,
2581,Nora,Vance,nora.vance2580@example.com,Adelaide,AU,30,2019-08-22,
2582,Sean,Cormack,sean.cormack2581@example.com,Adelaide,AU,27,2023-03-16,low
2583,Rafael,Ferreira,rafael.ferreira2582@example.com,Adelaide,AU,21,2009-03-18,
2584,Mateo,Petrov,mateo.petrov2583@example.com,Groningen,NL,31,2009-02-26,high
2585,Hana,Tan,hana.tan2584@example.com,Austin,US,24,2012-01-20,
2586,Nora,Vogt,nora.vogt2585@example.com,Utrecht,NL,1,2015-11-19,low
2587,Jon,Dubois,jon.dubois2586@example.com,Perth,AU,14,2024-08-04,
2588,Aoife,Delgado,aoife.delgado2587@example.com,Ljubljana,SI,27,2008-03-10,
2589,Dmitri,Voss,dmitri.voss2588@example.com,Norwich,GB,20,2013-04-06,medium
2590,Rosa,Mwangi,rosa.mwangi2589@example.com,Tucson,US,20,2012-12-24,
2591,Kofi,Ueda,kofi.ueda2590@example.com,Porto,PT,31,2018-10-25,
2592,Claire,Novak,claire.novak2591@example.com,Norwich,GB,12,2018-04-23,
2593,Josefina,Farrow,josefina.farrow2592@example.com,Bergen,NO,34,2015-11-17,medium
2594,Samir,Diaz,samir.diaz2593@example.com,Portland,US,36,2013-07-17,low
2595,Ana,Ashworth,ana.ashworth2594@example.com,Porto,PT,21,2024-05-12,low
2596,Raj,Halloran,raj.halloran2595@example.com,Nantes,FR,5,2009-04-01,
2597,Sara,Iqbal,sara.iqbal2596@example.com,Portland,US,35,2012-05-16,medium
2598,Priya,Nyberg,priya.nyberg2597@example.com,Perth,AU,5,2024-07-02,
2599,Sean,Okafor,sean.okafor2598@example.com,Sheffield,GB,4,2025-01-08,
2600,Kofi,Achebe,kofi.achebe2599@example.com,Valencia,ES,16,2024-07-24,medium
2601,Malik,Vance,malik.vance2600@example.com,Denver,US,26,2022-02-18,
2602,Lars,Kaur,lars.kaur2601@example.com,Tampere,FI,22,2017-02-26,
2603,Kwame,Shah,kwame.shah2602@example.com,Auckland,NZ,19,2017-07-01,
2604,Signe,Cole,signe.cole2603@example.com,Austin,US,12,2008-12-05,
2605,Ravi,Novak,ravi.novak2604@example.com,Manchester,GB,33,2016-04-12,
2606,Leila,Nakamura,leila.nakamura2605@example.com,Bologna,IT,16,2008-08-10,
2607,Iris,Rossi,iris.rossi2606@example.com,Victoria,CA,32,2024-08-07,
2608,Emeka,Roy,emeka.roy2607@example.com,Montpellier,FR,4,2011-07-08,
2609,Wren,Frost,wren.frost2608@example.com,Dunedin,NZ,13,2016-02-17,low
2610,Sean,Cormack,sean.cormack2609@example.com,Adelaide,AU,24,2023-05-14,low
2611,Emeka,Mensah,emeka.mensah2610@example.com,Toronto,CA,38,2011-04-08,low
2612,Omar,Beaumont,omar.beaumont2611@example.com,Cork,IE,27,2020-03-02,
2613,Josefina,Lund,josefina.lund2612@example.com,Tucson,US,40,2023-01-16,low
2614,Wren,Solberg,wren.solberg2613@example.com,Bergen,NO,32,2008-11-02,
2615,Dmitri,Haddad,dmitri.haddad2614@example.com,Toronto,CA,14,2017-08-28,
2616,Tomas,Rahman,tomas.rahman2615@example.com,Aarhus,DK,34,2020-03-22,
2617,Nora,Nakamura,nora.nakamura2616@example.com,Uppsala,SE,17,2010-06-13,
2618,Nora,Tan,nora.tan2617@example.com,Columbus,US,29,2010-07-13,
2619,Bianca,Halloran,bianca.halloran2618@example.com,Bristol,GB,30,2023-07-08,medium
2620,Emeka,Achebe,emeka.achebe2619@example.com,Perth,AU,30,2014-11-13,
2621,Iris,Lindqvist,iris.lindqvist2620@example.com,Austin,US,28,2022-02-04,
2622,Kiran,Rossi,kiran.rossi2621@example.com,Bristol,GB,22,2013-02-03,
2623,Iris,Ueda,iris.ueda2622@example.com,Utrecht,NL,28,2025-12-19,low
2624,Ciara,Reed,ciara.reed2623@example.com,Dunedin,NZ,32,2017-02-24,
2625,Nadia,Abbott,nadia.abbott2624@example.com,Manchester,GB,34,2010-10-04,low
2626,Hugo,Abbott,hugo.abbott2625@example.com,Denver,US,20,2012-11-10,
2627,Josefina,Ricci,josefina.ricci2626@example.com,Ljubljana,SI,34,2016-02-21,
2628,Esme,Osei,esme.osei2627@example.com,Perth,AU,10,2014-02-09,
2629,Jonas,Hale,jonas.hale2628@example.com,Ljubljana,SI,12,2020-01-26,
2630,Amara,Rossi,amara.rossi2629@example.com,Perth,AU,19,2018-10-04,low
2631,Felix,Kowalski,felix.kowalski2630@example.com,Bristol,GB,30,2024-10-24,
2632,Viktor,Kaur,viktor.kaur2631@example.com,Aarhus,DK,36,2010-09-19,
2633,Nadia,Fischer,nadia.fischer2632@example.com,Groningen,NL,15,2010-10-08,
2634,Greta,Moreau,greta.moreau2633@example.com,Raleigh,US,37,2010-02-24,
2635,Tom,Beaumont,tom.beaumont2634@example.com,Perth,AU,19,2024-12-22,
2636,Camille,Kowalski,camille.kowalski2635@example.com,Raleigh,US,15,2010-05-22,low
2637,Viktor,Ibrahim,viktor.ibrahim2636@example.com,Tampere,FI,35,2010-07-18,
2638,Yuki,Kaur,yuki.kaur2637@example.com,Adelaide,AU,30,2010-01-10,
2639,Tom,Voss,tom.voss2638@example.com,Toronto,CA,18,2023-08-02,
2640,Sean,Petrov,sean.petrov2639@example.com,Groningen,NL,9,2022-01-21,
2641,Samir,Silva,samir.silva2640@example.com,Bristol,GB,1,2011-10-03,
2642,Felix,Sandoval,felix.sandoval2641@example.com,Bergen,NO,35,2018-10-02,
2643,Esme,Kaur,esme.kaur2642@example.com,Denver,US,25,2025-04-22,medium
2644,Idris,Haddad,idris.haddad2643@example.com,Raleigh,US,30,2025-05-15,
2645,Noel,Halloran,noel.halloran2644@example.com,Hobart,AU,14,2012-05-08,
2646,Raj,Mwangi,raj.mwangi2645@example.com,Adelaide,AU,5,2025-02-25,
2647,Josefina,Lund,josefina.lund2646@example.com,Sheffield,GB,21,2011-09-08,
2648,Ingrid,Lund,ingrid.lund2647@example.com,Perth,AU,36,2010-04-20,
2649,Jon,Castellanos,jon.castellanos2648@example.com,Perth,AU,14,2024-06-21,low
2650,Claire,Nakamura,claire.nakamura2649@example.com,Austin,US,20,2020-10-12,
2651,Zara,Novak,zara.novak2650@example.com,Tampere,FI,15,2010-02-07,
2652,Andres,Frost,andres.frost2651@example.com,Bristol,GB,6,2019-05-16,
2653,Lars,Moreau,lars.moreau2652@example.com,Raleigh,US,7,2019-10-24,
2654,Hana,Park,hana.park2653@example.com,Utrecht,NL,15,2009-12-12,low
2655,Rafael,Brennan,rafael.brennan2654@example.com,Adelaide,AU,11,2025-07-15,
2656,Sean,Vance,sean.vance2655@example.com,Galway,IE,38,2017-04-02,
2657,Wren,Farrow,wren.farrow2656@example.com,Utrecht,NL,18,2011-04-21,
2658,Ravi,Thorne,ravi.thorne2657@example.com,Victoria,CA,23,2017-05-22,
2659,Solveig,Larsen,solveig.larsen2658@example.com,Tucson,US,23,2018-08-01,
2660,Sofia,Cormack,sofia.cormack2659@example.com,Manchester,GB,18,2019-03-26,medium
2661,Hana,Moreau,hana.moreau2660@example.com,Uppsala,SE,32,2012-09-25,
2662,Elena,Silva,elena.silva2661@example.com,Ljubljana,SI,18,2021-02-22,
2663,Rafael,Larsen,rafael.larsen2662@example.com,Ljubljana,SI,31,2023-10-09,
2664,Tarek,Renard,tarek.renard2663@example.com,Austin,US,12,2011-08-21,
2665,Nell,Voss,nell.voss2664@example.com,Raleigh,US,25,2009-07-27,
2666,Yuki,Farrow,yuki.farrow2665@example.com,Hobart,AU,32,2008-03-12,
2667,Leila,Osei,leila.osei2666@example.com,Portland,US,18,2011-01-10,low
2668,Tobias,Shah,tobias.shah2667@example.com,Cork,IE,40,2020-12-17,
2669,Idris,Kowalski,idris.kowalski2668@example.com,Victoria,CA,9,2020-12-11,
2670,Hana,Sorensen,hana.sorensen2669@example.com,Uppsala,SE,5,2013-09-25,high
2671,Tom,Cole,tom.cole2670@example.com,Dunedin,NZ,31,2023-10-11,
2672,Zara,Nakamura,zara.nakamura2671@example.com,Sheffield,GB,39,2024-10-12,
2673,Samir,Tan,samir.tan2672@example.com,Freiburg,DE,18,2020-01-21,low
2674,Sofia,Novak,sofia.novak2673@example.com,Valencia,ES,34,2018-03-17,
2675,Zara,Ricci,zara.ricci2674@example.com,Utrecht,NL,7,2021-02-01,
2676,Noel,Osei,noel.osei2675@example.com,Victoria,CA,26,2017-07-13,
2677,Eli,Moreau,eli.moreau2676@example.com,Norwich,GB,28,2022-01-12,low
2678,Anton,Quinn,anton.quinn2677@example.com,Raleigh,US,18,2009-09-02,
2679,Josefina,Frost,josefina.frost2678@example.com,Montpellier,FR,39,2010-02-16,
2680,Signe,Ibrahim,signe.ibrahim2679@example.com,Bologna,IT,15,2023-06-14,
2681,Sean,Delgado,sean.delgado2680@example.com,Ljubljana,SI,39,2009-02-15,low
2682,Ana,Achebe,ana.achebe2681@example.com,Toronto,CA,29,2008-12-16,low
2683,Omar,Larsen,omar.larsen2682@example.com,Uppsala,SE,11,2008-11-14,
2684,Leila,Bauer,leila.bauer2683@example.com,Victoria,CA,12,2021-09-23,
2685,Hana,Voss,hana.voss2684@example.com,Ljubljana,SI,23,2021-01-14,
2686,Tomas,Kowalski,tomas.kowalski2685@example.com,Galway,IE,13,2020-03-24,
2687,Ciara,Frost,ciara.frost2686@example.com,Leipzig,DE,10,2021-10-11,
2688,Eli,Sandoval,eli.sandoval2687@example.com,Montpellier,FR,36,2019-07-17,low
2689,Signe,Ellery,signe.ellery2688@example.com,Ljubljana,SI,20,2013-09-19,low
2690,Priya,Nyberg,priya.nyberg2689@example.com,Porto,PT,36,2008-12-17,medium
2691,Kiran,Bergstrom,kiran.bergstrom2690@example.com,Cork,IE,14,2011-09-27,
2692,Emeka,Bauer,emeka.bauer2691@example.com,Raleigh,US,38,2012-08-26,
2693,Rafael,Ferreira,rafael.ferreira2692@example.com,Montpellier,FR,38,2013-12-12,
2694,Mateo,Nair,mateo.nair2693@example.com,Victoria,CA,38,2025-11-12,low
2695,Ravi,Halloran,ravi.halloran2694@example.com,Ljubljana,SI,12,2024-09-05,medium
2696,Solveig,Beaumont,solveig.beaumont2695@example.com,Auckland,NZ,29,2017-05-06,
2697,Kwame,Iqbal,kwame.iqbal2696@example.com,Adelaide,AU,3,2020-06-26,medium
2698,Rosa,Silva,rosa.silva2697@example.com,Montpellier,FR,29,2016-03-12,
2699,Omar,Ueda,omar.ueda2698@example.com,Victoria,CA,15,2017-05-02,
2700,Josefina,Mensah,josefina.mensah2699@example.com,Portland,US,32,2024-05-17,
2701,Dmitri,Zamora,dmitri.zamora2700@example.com,Ljubljana,SI,25,2010-04-26,
2702,Sean,Larsen,sean.larsen2701@example.com,Norwich,GB,20,2024-05-08,medium
2703,Lars,Halloran,lars.halloran2702@example.com,Galway,IE,16,2017-04-04,
2704,Sara,Kirby,sara.kirby2703@example.com,Austin,US,6,2023-07-15,
2705,Marta,Osei,marta.osei2704@example.com,Cork,IE,13,2020-05-09,
2706,Josefina,Ibrahim,josefina.ibrahim2705@example.com,Tucson,US,30,2016-08-07,
2707,Aoife,Ueda,aoife.ueda2706@example.com,Aarhus,DK,16,2014-11-20,medium
2708,Kwame,Ricci,kwame.ricci2707@example.com,Norwich,GB,40,2010-02-20,low
2709,Iris,Ricci,iris.ricci2708@example.com,Valencia,ES,26,2017-09-04,
2710,Hugo,Kowalski,hugo.kowalski2709@example.com,Utrecht,NL,1,2022-11-21,low
2711,Sara,Quinn,sara.quinn2710@example.com,Leipzig,DE,17,2025-04-28,
2712,Rosa,Ueda,rosa.ueda2711@example.com,Nantes,FR,32,2011-03-16,
2713,Noel,Kowalski,noel.kowalski2712@example.com,Aarhus,DK,32,2009-03-07,low
2714,Solveig,Vance,solveig.vance2713@example.com,Bristol,GB,22,2025-12-08,low
2715,Felix,Farrow,felix.farrow2714@example.com,Hobart,AU,12,2009-02-09,
2716,Iris,Mwangi,iris.mwangi2715@example.com,Sheffield,GB,19,2018-10-14,
2717,Eli,Castellanos,eli.castellanos2716@example.com,Dunedin,NZ,37,2023-11-20,
2718,Nora,Moreau,nora.moreau2717@example.com,Hobart,AU,30,2023-08-21,
2719,Solveig,Nakamura,solveig.nakamura2718@example.com,Hobart,AU,20,2012-04-11,medium
2720,Tom,Fischer,tom.fischer2719@example.com,Aarhus,DK,9,2021-11-25,
2721,Marta,Reed,marta.reed2720@example.com,Montpellier,FR,20,2023-05-21,
2722,Greta,Zamora,greta.zamora2721@example.com,Tampere,FI,22,2022-03-20,
2723,Wren,Iqbal,wren.iqbal2722@example.com,Ljubljana,SI,10,2010-08-07,
2724,Camille,Cormack,camille.cormack2723@example.com,Nantes,FR,1,2023-09-06,
2725,Josefina,Beaumont,josefina.beaumont2724@example.com,Bergen,NO,4,2008-08-18,
2726,Yuki,Vance,yuki.vance2725@example.com,Galway,IE,35,2018-08-04,low
2727,Rosa,Silva,rosa.silva2726@example.com,Norwich,GB,16,2011-02-05,
2728,Hana,Baptiste,hana.baptiste2727@example.com,Norwich,GB,11,2009-07-23,
2729,Sara,Lindqvist,sara.lindqvist2728@example.com,Columbus,US,14,2012-12-11,
2730,Malik,Kirby,malik.kirby2729@example.com,Nantes,FR,20,2012-07-06,
2731,Hugo,Halloran,hugo.halloran2730@example.com,Bologna,IT,20,2024-12-01,
2732,Sean,Thorne,sean.thorne2731@example.com,Freiburg,DE,32,2012-02-03,
2733,Aoife,Ibrahim,aoife.ibrahim2732@example.com,Ljubljana,SI,39,2013-06-14,
2734,Elena,Vogt,elena.vogt2733@example.com,Galway,IE,36,2021-04-07,low
2735,Elena,Marchetti,elena.marchetti2734@example.com,Sheffield,GB,32,2009-03-15,
2736,Elena,Petrov,elena.petrov2735@example.com,Raleigh,US,22,2008-08-17,
2737,Arjun,Cole,arjun.cole2736@example.com,Manchester,GB,16,2022-11-20,
2738,Viktor,Ashworth,viktor.ashworth2737@example.com,Bristol,GB,27,2022-09-11,
2739,Greta,Ricci,greta.ricci2738@example.com,Montpellier,FR,15,2022-07-16,low
2740,Nell,Mensah,nell.mensah2739@example.com,Adelaide,AU,38,2014-03-08,
2741,Greta,Kowalski,greta.kowalski2740@example.com,Dunedin,NZ,23,2013-01-22,high
2742,Sofia,Diaz,sofia.diaz2741@example.com,Aarhus,DK,23,2017-02-08,
2743,Kiran,Baptiste,kiran.baptiste2742@example.com,Groningen,NL,24,2024-07-15,
2744,Andres,Dubois,andres.dubois2743@example.com,Austin,US,31,2017-11-27,low
2745,Anton,Bergstrom,anton.bergstrom2744@example.com,Hobart,AU,29,2011-05-13,low
2746,Ana,Cole,ana.cole2745@example.com,Adelaide,AU,4,2021-09-27,
2747,Aoife,Shah,aoife.shah2746@example.com,Uppsala,SE,20,2025-06-18,
2748,Bruno,Hale,bruno.hale2747@example.com,Raleigh,US,17,2010-04-13,low
2749,Andres,Tan,andres.tan2748@example.com,Valencia,ES,35,2017-07-10,low
2750,Raj,Cormack,raj.cormack2749@example.com,Columbus,US,10,2008-06-13,
2751,Mateo,Lindqvist,mateo.lindqvist2750@example.com,Manchester,GB,10,2014-02-04,
2752,Camille,Hale,camille.hale2751@example.com,Aarhus,DK,35,2023-03-03,low
2753,Hana,Sorensen,hana.sorensen2752@example.com,Raleigh,US,17,2023-06-06,
2754,Aoife,Sandoval,aoife.sandoval2753@example.com,Manchester,GB,4,2018-08-21,
2755,Noel,Renard,noel.renard2754@example.com,Austin,US,16,2013-04-28,
2756,Fatima,Shah,fatima.shah2755@example.com,Bologna,IT,3,2013-08-08,
2757,Sofia,Beaumont,sofia.beaumont2756@example.com,Portland,US,7,2020-08-05,low
2758,Hana,Larsen,hana.larsen2757@example.com,Valencia,ES,21,2019-12-17,
2759,Solveig,Kowalski,solveig.kowalski2758@example.com,Bristol,GB,7,2010-11-26,
2760,Esme,Reed,esme.reed2759@example.com,Utrecht,NL,36,2017-06-05,
2761,Rafael,Mwangi,rafael.mwangi2760@example.com,Columbus,US,10,2022-11-25,high
2762,Elena,Diaz,elena.diaz2761@example.com,Victoria,CA,32,2019-01-02,
2763,Ben,Roy,ben.roy2762@example.com,Porto,PT,19,2013-06-18,
2764,Greta,Osei,greta.osei2763@example.com,Adelaide,AU,26,2018-01-16,
2765,Ana,Diaz,ana.diaz2764@example.com,Utrecht,NL,23,2015-11-16,low
2766,Bianca,Okafor,bianca.okafor2765@example.com,Victoria,CA,32,2009-09-16,
2767,Yuki,Kaur,yuki.kaur2766@example.com,Leipzig,DE,28,2021-05-14,
2768,Arjun,Beaumont,arjun.beaumont2767@example.com,Toronto,CA,7,2012-04-01,low
2769,Leila,Tan,leila.tan2768@example.com,Bologna,IT,11,2017-08-07,
2770,Samir,Voss,samir.voss2769@example.com,Ljubljana,SI,16,2019-11-28,
2771,Tarek,Abbott,tarek.abbott2770@example.com,Bristol,GB,33,2020-07-25,
2772,Kiran,Marchetti,kiran.marchetti2771@example.com,Toronto,CA,12,2013-11-27,
2773,Josefina,Ferreira,josefina.ferreira2772@example.com,Bergen,NO,37,2008-10-07,
2774,Priya,Ibrahim,priya.ibrahim2773@example.com,Bologna,IT,6,2019-03-09,
2775,Esme,Ricci,esme.ricci2774@example.com,Tampere,FI,26,2013-05-06,
2776,Sean,Iqbal,sean.iqbal2775@example.com,Nantes,FR,7,2021-08-26,
2777,Camille,Reed,camille.reed2776@example.com,Austin,US,25,2020-07-10,
2778,Tom,Kaur,tom.kaur2777@example.com,Portland,US,37,2009-03-27,
2779,Rosa,Lund,rosa.lund2778@example.com,Victoria,CA,25,2023-03-19,
2780,Omar,Park,omar.park2779@example.com,Utrecht,NL,12,2011-03-27,low
2781,Anton,Kirby,anton.kirby2780@example.com,Utrecht,NL,26,2013-05-12,
2782,Nell,Halloran,nell.halloran2781@example.com,Ljubljana,SI,13,2019-04-25,
2783,Raj,Nakamura,raj.nakamura2782@example.com,Aarhus,DK,18,2011-05-26,
2784,Rosa,Ashworth,rosa.ashworth2783@example.com,Montpellier,FR,8,2018-12-27,
2785,Noel,Beaumont,noel.beaumont2784@example.com,Leipzig,DE,9,2014-09-13,
2786,Nell,Vogt,nell.vogt2785@example.com,Auckland,NZ,1,2016-07-20,low
2787,Nadia,Abbott,nadia.abbott2786@example.com,Perth,AU,10,2020-07-11,
2788,Delphine,Castellanos,delphine.castellanos2787@example.com,Portland,US,31,2017-09-10,
2789,Arjun,Hale,arjun.hale2788@example.com,Adelaide,AU,8,2014-07-05,
2790,Emeka,Vogt,emeka.vogt2789@example.com,Ljubljana,SI,27,2021-05-20,low
2791,Anton,Kowalski,anton.kowalski2790@example.com,Valencia,ES,31,2010-08-06,
2792,Idris,Brennan,idris.brennan2791@example.com,Norwich,GB,15,2025-06-14,low
2793,Omar,Cole,omar.cole2792@example.com,Auckland,NZ,32,2014-12-03,medium
2794,Ana,Rahman,ana.rahman2793@example.com,Hobart,AU,37,2008-06-18,
2795,Jonas,Larsen,jonas.larsen2794@example.com,Bergen,NO,15,2019-04-06,
2796,Wren,Okafor,wren.okafor2795@example.com,Porto,PT,39,2013-04-14,
2797,Hugo,Cormack,hugo.cormack2796@example.com,Freiburg,DE,28,2016-03-27,
2798,Esme,Kirby,esme.kirby2797@example.com,Perth,AU,26,2025-06-10,low
2799,Elena,Reed,elena.reed2798@example.com,Ljubljana,SI,22,2018-10-09,low
2800,Mateo,Novak,mateo.novak2799@example.com,Sheffield,GB,24,2025-12-14,
2801,Amara,Tan,amara.tan2800@example.com,Bologna,IT,4,2023-12-21,medium
2802,Hana,Zamora,hana.zamora2801@example.com,Toronto,CA,19,2014-02-12,low
2803,Ana,Baptiste,ana.baptiste2802@example.com,Nantes,FR,22,2008-07-04,
2804,Emeka,Reed,emeka.reed2803@example.com,Cork,IE,23,2024-04-03,
2805,Nora,Ferreira,nora.ferreira2804@example.com,Freiburg,DE,22,2018-04-01,
2806,Maya,Frost,maya.frost2805@example.com,Norwich,GB,23,2015-10-25,
2807,Jonas,Silva,jonas.silva2806@example.com,Victoria,CA,11,2020-12-23,
2808,Lars,Petrov,lars.petrov2807@example.com,Victoria,CA,32,2009-04-16,
2809,Tarek,Tan,tarek.tan2808@example.com,Halifax,CA,16,2021-03-19,high
2810,Andres,Sandoval,andres.sandoval2809@example.com,Ljubljana,SI,26,2020-11-27,
2811,Elena,Kowalski,elena.kowalski2810@example.com,Groningen,NL,7,2015-12-08,
2812,Lena,Beaumont,lena.beaumont2811@example.com,Bergen,NO,39,2009-11-03,
2813,Elena,Rossi,elena.rossi2812@example.com,Leipzig,DE,24,2009-03-04,
2814,Claire,Fischer,claire.fischer2813@example.com,Montpellier,FR,28,2011-03-13,
2815,Wren,Farrow,wren.farrow2814@example.com,Bristol,GB,39,2008-03-02,
2816,Kwame,Vogt,kwame.vogt2815@example.com,Tampere,FI,14,2017-09-17,
2817,Dmitri,Osei,dmitri.osei2816@example.com,Sheffield,GB,24,2024-05-01,
2818,Amara,Delgado,amara.delgado2817@example.com,Manchester,GB,30,2016-07-20,
2819,Maya,Ellery,maya.ellery2818@example.com,Perth,AU,16,2019-05-16,
2820,Jonas,Larsen,jonas.larsen2819@example.com,Sheffield,GB,6,2024-09-04,
2821,Aoife,Nair,aoife.nair2820@example.com,Manchester,GB,25,2021-01-13,
2822,Kiran,Wexler,kiran.wexler2821@example.com,Raleigh,US,27,2014-07-05,
2823,Nadia,Petrov,nadia.petrov2822@example.com,Porto,PT,32,2009-11-15,medium
2824,Andres,Ibrahim,andres.ibrahim2823@example.com,Bologna,IT,28,2015-07-24,high
2825,Sean,Ashworth,sean.ashworth2824@example.com,Halifax,CA,3,2015-10-24,
2826,Signe,Iqbal,signe.iqbal2825@example.com,Galway,IE,21,2025-02-17,
2827,Wren,Lindqvist,wren.lindqvist2826@example.com,Victoria,CA,23,2023-08-16,
2828,Nadia,Roy,nadia.roy2827@example.com,Galway,IE,13,2010-09-08,
2829,Josefina,Bergstrom,josefina.bergstrom2828@example.com,Portland,US,12,2013-01-01,
2830,Nell,Kirby,nell.kirby2829@example.com,Nantes,FR,5,2018-07-12,
2831,Ana,Larsen,ana.larsen2830@example.com,Columbus,US,6,2019-06-19,low
2832,Bianca,Baptiste,bianca.baptiste2831@example.com,Portland,US,19,2014-08-23,
2833,Signe,Farrow,signe.farrow2832@example.com,Halifax,CA,22,2016-06-15,low
2834,Claire,Voss,claire.voss2833@example.com,Bergen,NO,2,2021-06-12,
2835,Solveig,Marchetti,solveig.marchetti2834@example.com,Cork,IE,22,2018-12-21,
2836,Idris,Vance,idris.vance2835@example.com,Columbus,US,20,2008-01-10,
2837,Tarek,Dubois,tarek.dubois2836@example.com,Manchester,GB,20,2022-01-15,
2838,Emeka,Petrov,emeka.petrov2837@example.com,Freiburg,DE,31,2022-04-03,
2839,Tobias,Hale,tobias.hale2838@example.com,Adelaide,AU,24,2016-05-17,
2840,Aoife,Dubois,aoife.dubois2839@example.com,Perth,AU,35,2016-04-14,
2841,Samir,Dubois,samir.dubois2840@example.com,Tucson,US,5,2018-01-28,low
2842,Solveig,Lund,solveig.lund2841@example.com,Bologna,IT,26,2019-03-22,low
2843,Felix,Novak,felix.novak2842@example.com,Bristol,GB,7,2025-04-12,
2844,Esme,Mensah,esme.mensah2843@example.com,Raleigh,US,5,2014-04-21,low
2845,Kiran,Ashworth,kiran.ashworth2844@example.com,Victoria,CA,17,2018-11-28,
2846,Wren,Renard,wren.renard2845@example.com,Uppsala,SE,19,2009-01-12,
2847,Omar,Cormack,omar.cormack2846@example.com,Bristol,GB,25,2025-10-25,
2848,Marta,Osei,marta.osei2847@example.com,Auckland,NZ,7,2017-09-22,
2849,Ingrid,Petrov,ingrid.petrov2848@example.com,Porto,PT,39,2008-05-08,
2850,Mateo,Voss,mateo.voss2849@example.com,Nantes,FR,29,2022-08-25,
2851,Kwame,Larsen,kwame.larsen2850@example.com,Uppsala,SE,18,2025-07-07,
2852,Nora,Brennan,nora.brennan2851@example.com,Nantes,FR,20,2019-03-18,
2853,Idris,Cole,idris.cole2852@example.com,Aarhus,DK,22,2009-06-19,
2854,Eli,Farrow,eli.farrow2853@example.com,Halifax,CA,37,2024-03-25,
2855,Priya,Ellery,priya.ellery2854@example.com,Bologna,IT,34,2025-02-03,low
2856,Bruno,Novak,bruno.novak2855@example.com,Sheffield,GB,12,2010-03-27,
2857,Fatima,Zamora,fatima.zamora2856@example.com,Auckland,NZ,15,2018-04-09,
2858,Noel,Wexler,noel.wexler2857@example.com,Raleigh,US,6,2016-02-26,
2859,Arjun,Bauer,arjun.bauer2858@example.com,Valencia,ES,6,2015-07-22,
2860,Kwame,Marchetti,kwame.marchetti2859@example.com,Nantes,FR,2,2023-09-03,
2861,Nell,Nyberg,nell.nyberg2860@example.com,Manchester,GB,18,2009-06-11,
2862,Lars,Kaur,lars.kaur2861@example.com,Valencia,ES,1,2011-11-09,
2863,Maya,Rahman,maya.rahman2862@example.com,Aarhus,DK,7,2021-01-01,medium
2864,Jon,Osei,jon.osei2863@example.com,Norwich,GB,15,2015-01-13,low
2865,Eli,Halloran,eli.halloran2864@example.com,Ljubljana,SI,18,2023-03-21,
2866,Iris,Renard,iris.renard2865@example.com,Groningen,NL,32,2010-01-04,
2867,Bianca,Vance,bianca.vance2866@example.com,Manchester,GB,26,2019-12-10,high
2868,Priya,Nakamura,priya.nakamura2867@example.com,Dunedin,NZ,1,2009-09-19,
2869,Nadia,Roy,nadia.roy2868@example.com,Dunedin,NZ,28,2009-05-05,
2870,Felix,Nakamura,felix.nakamura2869@example.com,Raleigh,US,39,2018-02-24,low
2871,Sean,Farrow,sean.farrow2870@example.com,Porto,PT,27,2021-02-02,low
2872,Delphine,Park,delphine.park2871@example.com,Porto,PT,36,2025-06-12,
2873,Jon,Halloran,jon.halloran2872@example.com,Adelaide,AU,32,2016-11-20,
2874,Arjun,Nakamura,arjun.nakamura2873@example.com,Leipzig,DE,16,2023-08-09,
2875,Emeka,Nair,emeka.nair2874@example.com,Raleigh,US,21,2023-10-05,
2876,Marta,Ueda,marta.ueda2875@example.com,Victoria,CA,27,2014-05-12,
2877,Jon,Ashworth,jon.ashworth2876@example.com,Perth,AU,4,2024-04-19,low
2878,Mateo,Frost,mateo.frost2877@example.com,Adelaide,AU,14,2019-12-01,
2879,Greta,Ueda,greta.ueda2878@example.com,Hobart,AU,38,2024-07-13,
2880,Emeka,Renard,emeka.renard2879@example.com,Austin,US,15,2017-09-05,
2881,Priya,Roy,priya.roy2880@example.com,Columbus,US,32,2017-05-28,
2882,Dmitri,Silva,dmitri.silva2881@example.com,Columbus,US,22,2020-08-07,medium
2883,Pieter,Whitfield,pieter.whitfield2882@example.com,Valencia,ES,16,2020-11-11,low
2884,Jonas,Tan,jonas.tan2883@example.com,Raleigh,US,39,2018-07-03,
2885,Esme,Farrow,esme.farrow2884@example.com,Denver,US,40,2024-01-26,low
2886,Priya,Vance,priya.vance2885@example.com,Portland,US,36,2009-12-10,
2887,Anton,Voss,anton.voss2886@example.com,Adelaide,AU,5,2025-08-12,
2888,Leila,Diaz,leila.diaz2887@example.com,Groningen,NL,34,2011-08-01,
2889,Tom,Bergstrom,tom.bergstrom2888@example.com,Austin,US,16,2011-06-23,low
2890,Lars,Renard,lars.renard2889@example.com,Tampere,FI,27,2014-09-14,low
2891,Kofi,Shah,kofi.shah2890@example.com,Halifax,CA,9,2023-10-21,
2892,Elena,Okafor,elena.okafor2891@example.com,Denver,US,15,2013-01-16,medium
2893,Yuki,Kaur,yuki.kaur2892@example.com,Galway,IE,8,2016-05-14,
2894,Noel,Dubois,noel.dubois2893@example.com,Sheffield,GB,15,2022-04-03,
2895,Tarek,Solberg,tarek.solberg2894@example.com,Portland,US,25,2017-08-11,
2896,Bianca,Dubois,bianca.dubois2895@example.com,Valencia,ES,11,2023-01-12,
2897,Sofia,Dubois,sofia.dubois2896@example.com,Bologna,IT,4,2017-11-03,low
2898,Bianca,Ibrahim,bianca.ibrahim2897@example.com,Montpellier,FR,10,2018-09-13,
2899,Iris,Rossi,iris.rossi2898@example.com,Freiburg,DE,23,2023-01-25,
2900,Raj,Baptiste,raj.baptiste2899@example.com,Freiburg,DE,25,2024-05-23,
2901,Eli,Bauer,eli.bauer2900@example.com,Hobart,AU,11,2024-12-01,
2902,Samir,Okafor,samir.okafor2901@example.com,Austin,US,4,2015-08-12,
2903,Iris,Beaumont,iris.beaumont2902@example.com,Ljubljana,SI,1,2015-09-09,
2904,Tomas,Novak,tomas.novak2903@example.com,Halifax,CA,34,2011-06-12,
2905,Emeka,Ibrahim,emeka.ibrahim2904@example.com,Bologna,IT,24,2016-04-20,
2906,Dmitri,Fischer,dmitri.fischer2905@example.com,Victoria,CA,35,2015-06-21,
2907,Tomas,Whitfield,tomas.whitfield2906@example.com,Galway,IE,4,2020-07-15,
2908,Tarek,Baptiste,tarek.baptiste2907@example.com,Porto,PT,28,2016-04-06,
2909,Noel,Lund,noel.lund2908@example.com,Groningen,NL,29,2024-06-10,
2910,Emeka,Mwangi,emeka.mwangi2909@example.com,Toronto,CA,22,2025-10-06,
2911,Sean,Okafor,sean.okafor2910@example.com,Portland,US,3,2012-05-23,
2912,Anton,Ricci,anton.ricci2911@example.com,Perth,AU,23,2019-02-25,
2913,Rosa,Achebe,rosa.achebe2912@example.com,Bologna,IT,14,2011-10-03,
2914,Eli,Diaz,eli.diaz2913@example.com,Bologna,IT,28,2024-11-20,
2915,Ciara,Solberg,ciara.solberg2914@example.com,Nantes,FR,31,2022-01-16,
2916,Ingrid,Halloran,ingrid.halloran2915@example.com,Montpellier,FR,31,2019-11-04,
2917,Anton,Cole,anton.cole2916@example.com,Adelaide,AU,26,2017-09-26,
2918,Mateo,Hale,mateo.hale2917@example.com,Austin,US,2,2018-10-20,
2919,Priya,Frost,priya.frost2918@example.com,Columbus,US,18,2015-08-28,
2920,Idris,Okafor,idris.okafor2919@example.com,Manchester,GB,3,2016-04-24,
2921,Malik,Marchetti,malik.marchetti2920@example.com,Aarhus,DK,20,2020-07-14,low
2922,Arjun,Haddad,arjun.haddad2921@example.com,Ljubljana,SI,6,2022-06-12,
2923,Claire,Quinn,claire.quinn2922@example.com,Nantes,FR,29,2025-08-21,
2924,Camille,Whitfield,camille.whitfield2923@example.com,Bergen,NO,18,2012-11-03,
2925,Signe,Petrov,signe.petrov2924@example.com,Victoria,CA,17,2023-07-04,low
2926,Jon,Silva,jon.silva2925@example.com,Ljubljana,SI,38,2011-02-24,
2927,Elena,Renard,elena.renard2926@example.com,Victoria,CA,8,2024-05-07,
2928,Wren,Solberg,wren.solberg2927@example.com,Auckland,NZ,9,2008-12-17,
2929,Lena,Larsen,lena.larsen2928@example.com,Raleigh,US,25,2021-01-16,medium
2930,Sean,Rahman,sean.rahman2929@example.com,Auckland,NZ,5,2010-10-13,
2931,Sofia,Baptiste,sofia.baptiste2930@example.com,Bologna,IT,15,2018-09-01,
2932,Viktor,Nair,viktor.nair2931@example.com,Uppsala,SE,2,2012-11-15,
2933,Lars,Lindqvist,lars.lindqvist2932@example.com,Victoria,CA,6,2009-03-02,
2934,Noel,Tan,noel.tan2933@example.com,Ljubljana,SI,2,2018-01-07,medium
2935,Claire,Shah,claire.shah2934@example.com,Ljubljana,SI,4,2014-08-09,low
2936,Samir,Wexler,samir.wexler2935@example.com,Sheffield,GB,25,2017-12-08,high
2937,Pieter,Lund,pieter.lund2936@example.com,Bristol,GB,11,2021-08-01,
2938,Nadia,Cormack,nadia.cormack2937@example.com,Halifax,CA,20,2021-12-15,low
2939,Greta,Haddad,greta.haddad2938@example.com,Nantes,FR,19,2024-03-28,
2940,Kiran,Baptiste,kiran.baptiste2939@example.com,Tampere,FI,3,2023-10-14,
2941,Ben,Beaumont,ben.beaumont2940@example.com,Adelaide,AU,15,2017-10-02,
2942,Yuki,Solberg,yuki.solberg2941@example.com,Manchester,GB,4,2015-01-17,
2943,Tomas,Nair,tomas.nair2942@example.com,Dunedin,NZ,35,2015-07-25,
2944,Mateo,Lindqvist,mateo.lindqvist2943@example.com,Bologna,IT,37,2013-04-24,low
2945,Rosa,Bergstrom,rosa.bergstrom2944@example.com,Halifax,CA,40,2025-12-11,
2946,Rosa,Nakamura,rosa.nakamura2945@example.com,Cork,IE,16,2018-06-01,low
2947,Ciara,Frost,ciara.frost2946@example.com,Aarhus,DK,15,2008-06-14,
2948,Ravi,Sorensen,ravi.sorensen2947@example.com,Freiburg,DE,32,2017-08-03,
2949,Elena,Voss,elena.voss2948@example.com,Bologna,IT,20,2024-10-28,
2950,Fatima,Hale,fatima.hale2949@example.com,Uppsala,SE,23,2021-05-03,
2951,Jon,Okafor,jon.okafor2950@example.com,Manchester,GB,27,2023-11-17,
2952,Anton,Vogt,anton.vogt2951@example.com,Raleigh,US,39,2023-09-06,
2953,Raj,Dubois,raj.dubois2952@example.com,Tampere,FI,36,2013-12-08,low
2954,Ana,Renard,ana.renard2953@example.com,Dunedin,NZ,18,2021-05-24,
2955,Kwame,Ferreira,kwame.ferreira2954@example.com,Valencia,ES,25,2012-01-12,medium
2956,Jonas,Wexler,jonas.wexler2955@example.com,Galway,IE,20,2015-06-21,
2957,Hana,Adeyemi,hana.adeyemi2956@example.com,Adelaide,AU,8,2020-03-09,
2958,Amara,Cormack,amara.cormack2957@example.com,Halifax,CA,18,2009-10-12,low
2959,Jonas,Marchetti,jonas.marchetti2958@example.com,Tampere,FI,23,2013-10-16,
2960,Tobias,Achebe,tobias.achebe2959@example.com,Galway,IE,23,2022-09-09,medium
2961,Arjun,Vance,arjun.vance2960@example.com,Aarhus,DK,14,2011-08-03,low
2962,Solveig,Frost,solveig.frost2961@example.com,Manchester,GB,7,2020-03-11,
2963,Tobias,Bergstrom,tobias.bergstrom2962@example.com,Bergen,NO,25,2023-11-11,
2964,Arjun,Ibrahim,arjun.ibrahim2963@example.com,Halifax,CA,24,2009-02-10,
2965,Mateo,Kirby,mateo.kirby2964@example.com,Norwich,GB,38,2012-11-20,high
2966,Wren,Abbott,wren.abbott2965@example.com,Bristol,GB,32,2020-12-13,medium
2967,Fatima,Castellanos,fatima.castellanos2966@example.com,Galway,IE,3,2014-05-07,
2968,Hugo,Rossi,hugo.rossi2967@example.com,Sheffield,GB,28,2016-01-13,
2969,Leila,Haddad,leila.haddad2968@example.com,Adelaide,AU,38,2021-07-16,low
2970,Sean,Moreau,sean.moreau2969@example.com,Auckland,NZ,21,2009-07-23,
2971,Zara,Kirby,zara.kirby2970@example.com,Dunedin,NZ,32,2019-09-13,
2972,Viktor,Ricci,viktor.ricci2971@example.com,Tucson,US,9,2021-09-17,
2973,Lars,Achebe,lars.achebe2972@example.com,Hobart,AU,4,2023-08-10,
2974,Ravi,Solberg,ravi.solberg2973@example.com,Austin,US,25,2009-07-15,
2975,Nora,Hale,nora.hale2974@example.com,Ljubljana,SI,29,2017-07-27,
2976,Ravi,Reed,ravi.reed2975@example.com,Freiburg,DE,7,2015-10-25,
2977,Ana,Renard,ana.renard2976@example.com,Dunedin,NZ,1,2009-01-16,low
2978,Delphine,Lindqvist,delphine.lindqvist2977@example.com,Montpellier,FR,11,2016-11-21,medium
2979,Kiran,Hale,kiran.hale2978@example.com,Valencia,ES,17,2020-11-20,
2980,Amara,Adeyemi,amara.adeyemi2979@example.com,Tucson,US,3,2010-04-05,
2981,Tobias,Cormack,tobias.cormack2980@example.com,Uppsala,SE,22,2020-11-03,
2982,Andres,Vogt,andres.vogt2981@example.com,Freiburg,DE,35,2010-11-02,medium
2983,Lars,Haddad,lars.haddad2982@example.com,Manchester,GB,16,2018-06-09,
2984,Alma,Tan,alma.tan2983@example.com,Nantes,FR,22,2022-07-07,low
2985,Samir,Ueda,samir.ueda2984@example.com,Montpellier,FR,16,2020-07-15,low
2986,Elena,Larsen,elena.larsen2985@example.com,Leipzig,DE,6,2008-04-02,
2987,Rosa,Wexler,rosa.wexler2986@example.com,Auckland,NZ,31,2016-02-03,
2988,Omar,Kowalski,omar.kowalski2987@example.com,Bristol,GB,31,2018-02-26,low
2989,Noel,Castellanos,noel.castellanos2988@example.com,Columbus,US,18,2011-03-12,
2990,Tobias,Tan,tobias.tan2989@example.com,Portland,US,40,2024-02-20,
2991,Anton,Haddad,anton.haddad2990@example.com,Victoria,CA,20,2023-04-10,low
2992,Malik,Adeyemi,malik.adeyemi2991@example.com,Uppsala,SE,1,2017-09-12,
2993,Kwame,Nakamura,kwame.nakamura2992@example.com,Montpellier,FR,30,2020-08-15,medium
2994,Samir,Iqbal,samir.iqbal2993@example.com,Valencia,ES,18,2015-01-13,
2995,Yuki,Quinn,yuki.quinn2994@example.com,Austin,US,4,2022-09-18,
2996,Tarek,Iqbal,tarek.iqbal2995@example.com,Portland,US,38,2020-01-12,low
2997,Greta,Castellanos,greta.castellanos2996@example.com,Nantes,FR,30,2018-02-05,
2998,Sean,Kowalski,sean.kowalski2997@example.com,Groningen,NL,9,2023-10-24,
2999,Omar,Rossi,omar.rossi2998@example.com,Norwich,GB,24,2019-07-14,
3000,Yuki,Petrov,yuki.petrov2999@example.com,Halifax,CA,6,2011-02-07,
3001,Ciara,Larsen,ciara.larsen3000@example.com,Porto,PT,1,2025-05-26,
3002,Anton,Marchetti,anton.marchetti3001@example.com,Bristol,GB,8,2025-04-12,
3003,Rafael,Kaur,rafael.kaur3002@example.com,Freiburg,DE,1,2011-06-19,medium
3004,Noel,Vance,noel.vance3003@example.com,Groningen,NL,8,2021-05-28,
3005,Jonas,Dubois,jonas.dubois3004@example.com,Groningen,NL,39,2018-07-14,high
3006,Hugo,Mensah,hugo.mensah3005@example.com,Hobart,AU,6,2012-06-11,medium
3007,Nell,Kirby,nell.kirby3006@example.com,Bergen,NO,35,2017-02-02,low
3008,Arjun,Vance,arjun.vance3007@example.com,Freiburg,DE,27,2021-04-12,
3009,Kofi,Nakamura,kofi.nakamura3008@example.com,Columbus,US,40,2008-12-25,low
3010,Zara,Brennan,zara.brennan3009@example.com,Bergen,NO,35,2018-11-25,medium
3011,Fatima,Voss,fatima.voss3010@example.com,Victoria,CA,5,2015-10-25,low
3012,Raj,Tan,raj.tan3011@example.com,Hobart,AU,27,2010-09-07,
3013,Ciara,Halloran,ciara.halloran3012@example.com,Adelaide,AU,19,2021-01-16,low
3014,Leila,Delgado,leila.delgado3013@example.com,Victoria,CA,5,2017-10-04,low
3015,Ben,Fischer,ben.fischer3014@example.com,Hobart,AU,2,2018-12-05,
3016,Tom,Iqbal,tom.iqbal3015@example.com,Manchester,GB,4,2020-11-23,
3017,Sofia,Rossi,sofia.rossi3016@example.com,Tampere,FI,5,2017-03-28,
3018,Ingrid,Kirby,ingrid.kirby3017@example.com,Leipzig,DE,22,2009-12-21,
3019,Sara,Delgado,sara.delgado3018@example.com,Adelaide,AU,27,2017-08-14,low
3020,Claire,Cormack,claire.cormack3019@example.com,Perth,AU,8,2015-05-15,
3021,Esme,Adeyemi,esme.adeyemi3020@example.com,Manchester,GB,15,2018-08-11,
3022,Ravi,Quinn,ravi.quinn3021@example.com,Porto,PT,19,2023-11-11,
3023,Camille,Ibrahim,camille.ibrahim3022@example.com,Victoria,CA,25,2024-08-05,
3024,Nadia,Petrov,nadia.petrov3023@example.com,Toronto,CA,35,2020-09-14,
3025,Iris,Ibrahim,iris.ibrahim3024@example.com,Leipzig,DE,17,2020-05-22,
3026,Idris,Adeyemi,idris.adeyemi3025@example.com,Columbus,US,8,2016-01-11,
3027,Rosa,Brennan,rosa.brennan3026@example.com,Groningen,NL,30,2012-04-07,
3028,Nora,Mwangi,nora.mwangi3027@example.com,Montpellier,FR,18,2024-12-01,
3029,Ciara,Kaur,ciara.kaur3028@example.com,Sheffield,GB,38,2013-09-03,low
3030,Fatima,Lund,fatima.lund3029@example.com,Porto,PT,36,2010-01-04,
3031,Marta,Larsen,marta.larsen3030@example.com,Perth,AU,12,2024-06-15,
3032,Nell,Shah,nell.shah3031@example.com,Leipzig,DE,38,2019-11-26,
3033,Delphine,Nair,delphine.nair3032@example.com,Halifax,CA,36,2024-10-14,
3034,Nadia,Voss,nadia.voss3033@example.com,Raleigh,US,3,2016-02-02,low
3035,Marta,Ueda,marta.ueda3034@example.com,Raleigh,US,5,2018-08-06,
3036,Bianca,Kaur,bianca.kaur3035@example.com,Columbus,US,12,2016-08-05,
3037,Raj,Vogt,raj.vogt3036@example.com,Tampere,FI,31,2015-09-05,
3038,Omar,Halloran,omar.halloran3037@example.com,Bologna,IT,10,2020-11-25,
3039,Fatima,Nair,fatima.nair3038@example.com,Nantes,FR,4,2021-07-19,
3040,Ravi,Hale,ravi.hale3039@example.com,Toronto,CA,28,2023-09-22,
3041,Samir,Ashworth,samir.ashworth3040@example.com,Portland,US,20,2013-01-28,
3042,Dmitri,Marchetti,dmitri.marchetti3041@example.com,Valencia,ES,7,2014-07-03,low
3043,Emeka,Park,emeka.park3042@example.com,Cork,IE,8,2014-10-01,
3044,Tarek,Solberg,tarek.solberg3043@example.com,Utrecht,NL,8,2008-01-08,
3045,Claire,Zamora,claire.zamora3044@example.com,Auckland,NZ,10,2011-04-13,
3046,Greta,Abbott,greta.abbott3045@example.com,Utrecht,NL,9,2023-10-18,
3047,Nora,Renard,nora.renard3046@example.com,Norwich,GB,24,2023-10-28,
3048,Marta,Farrow,marta.farrow3047@example.com,Montpellier,FR,19,2015-09-08,
3049,Priya,Solberg,priya.solberg3048@example.com,Valencia,ES,17,2008-04-28,
3050,Hana,Castellanos,hana.castellanos3049@example.com,Norwich,GB,12,2024-08-28,high
3051,Tarek,Ibrahim,tarek.ibrahim3050@example.com,Montpellier,FR,6,2008-12-09,
3052,Sofia,Reed,sofia.reed3051@example.com,Freiburg,DE,31,2018-12-04,
3053,Wren,Rahman,wren.rahman3052@example.com,Uppsala,SE,21,2024-01-06,
3054,Mateo,Brennan,mateo.brennan3053@example.com,Tampere,FI,21,2025-06-16,medium
3055,Bruno,Mensah,bruno.mensah3054@example.com,Halifax,CA,6,2012-02-15,
3056,Bianca,Kowalski,bianca.kowalski3055@example.com,Victoria,CA,36,2017-03-27,
3057,Arjun,Delgado,arjun.delgado3056@example.com,Perth,AU,36,2016-01-26,medium
3058,Raj,Bergstrom,raj.bergstrom3057@example.com,Dunedin,NZ,21,2008-12-05,low
3059,Ana,Nakamura,ana.nakamura3058@example.com,Tampere,FI,3,2016-02-18,medium
3060,Josefina,Lindqvist,josefina.lindqvist3059@example.com,Bergen,NO,40,2018-03-21,low
3061,Delphine,Ricci,delphine.ricci3060@example.com,Raleigh,US,17,2019-11-07,low
3062,Arjun,Fischer,arjun.fischer3061@example.com,Montpellier,FR,20,2025-01-15,high
3063,Andres,Iqbal,andres.iqbal3062@example.com,Halifax,CA,18,2009-09-27,
3064,Nell,Petrov,nell.petrov3063@example.com,Denver,US,16,2008-04-24,
3065,Noel,Ibrahim,noel.ibrahim3064@example.com,Norwich,GB,6,2024-10-26,
3066,Raj,Shah,raj.shah3065@example.com,Halifax,CA,25,2019-05-27,
3067,Esme,Sandoval,esme.sandoval3066@example.com,Norwich,GB,1,2008-10-05,
3068,Camille,Sorensen,camille.sorensen3067@example.com,Bristol,GB,34,2024-10-19,
3069,Greta,Haddad,greta.haddad3068@example.com,Raleigh,US,31,2019-11-19,
3070,Ingrid,Sorensen,ingrid.sorensen3069@example.com,Uppsala,SE,28,2011-09-28,
3071,Hugo,Halloran,hugo.halloran3070@example.com,Tampere,FI,18,2009-06-15,low
3072,Aoife,Silva,aoife.silva3071@example.com,Bologna,IT,29,2012-07-23,low
3073,Rafael,Brennan,rafael.brennan3072@example.com,Nantes,FR,28,2018-02-16,
3074,Arjun,Whitfield,arjun.whitfield3073@example.com,Raleigh,US,28,2022-04-24,medium
3075,Yuki,Ellery,yuki.ellery3074@example.com,Montpellier,FR,21,2015-11-07,medium
3076,Kofi,Brennan,kofi.brennan3075@example.com,Montpellier,FR,17,2015-01-27,low
3077,Marta,Ellery,marta.ellery3076@example.com,Cork,IE,5,2022-08-20,
3078,Omar,Hale,omar.hale3077@example.com,Leipzig,DE,13,2018-06-22,
3079,Anton,Rahman,anton.rahman3078@example.com,Ljubljana,SI,18,2018-06-27,
3080,Sofia,Nair,sofia.nair3079@example.com,Uppsala,SE,20,2012-09-15,
3081,Maya,Whitfield,maya.whitfield3080@example.com,Aarhus,DK,34,2008-02-24,
3082,Malik,Quinn,malik.quinn3081@example.com,Hobart,AU,39,2019-05-18,
3083,Jon,Zamora,jon.zamora3082@example.com,Denver,US,30,2014-10-21,
3084,Ravi,Baptiste,ravi.baptiste3083@example.com,Hobart,AU,34,2012-06-15,
3085,Sean,Tan,sean.tan3084@example.com,Denver,US,11,2010-12-05,low
3086,Nora,Ferreira,nora.ferreira3085@example.com,Bologna,IT,23,2010-03-13,
3087,Kofi,Ferreira,kofi.ferreira3086@example.com,Toronto,CA,34,2023-11-18,
3088,Anton,Mwangi,anton.mwangi3087@example.com,Perth,AU,27,2008-05-01,
3089,Omar,Diaz,omar.diaz3088@example.com,Manchester,GB,2,2025-09-18,low
3090,Felix,Mwangi,felix.mwangi3089@example.com,Tucson,US,25,2020-12-02,
3091,Malik,Lindqvist,malik.lindqvist3090@example.com,Aarhus,DK,24,2014-11-02,
3092,Camille,Reed,camille.reed3091@example.com,Uppsala,SE,28,2010-02-21,low
3093,Idris,Fischer,idris.fischer3092@example.com,Toronto,CA,38,2012-06-22,
3094,Maya,Rossi,maya.rossi3093@example.com,Austin,US,10,2022-03-03,
3095,Elena,Castellanos,elena.castellanos3094@example.com,Denver,US,6,2010-08-23,low
3096,Bruno,Vogt,bruno.vogt3095@example.com,Toronto,CA,6,2011-07-09,
3097,Ben,Mwangi,ben.mwangi3096@example.com,Halifax,CA,32,2025-01-15,
3098,Nora,Park,nora.park3097@example.com,Bergen,NO,2,2017-11-05,high
3099,Felix,Delgado,felix.delgado3098@example.com,Toronto,CA,34,2009-08-12,
3100,Ingrid,Kaur,ingrid.kaur3099@example.com,Adelaide,AU,12,2024-09-17,
3101,Greta,Brennan,greta.brennan3100@example.com,Raleigh,US,7,2024-09-26,
3102,Yuki,Ibrahim,yuki.ibrahim3101@example.com,Bergen,NO,28,2019-10-20,
3103,Raj,Zamora,raj.zamora3102@example.com,Auckland,NZ,13,2016-01-16,
3104,Sean,Haddad,sean.haddad3103@example.com,Bologna,IT,32,2021-09-13,
3105,Sofia,Rossi,sofia.rossi3104@example.com,Manchester,GB,23,2015-03-09,
3106,Hana,Wexler,hana.wexler3105@example.com,Nantes,FR,1,2019-01-08,
3107,Ana,Larsen,ana.larsen3106@example.com,Tucson,US,32,2009-05-08,
3108,Viktor,Zamora,viktor.zamora3107@example.com,Bristol,GB,27,2023-01-19,low
3109,Lena,Achebe,lena.achebe3108@example.com,Cork,IE,22,2010-07-06,
3110,Fatima,Bergstrom,fatima.bergstrom3109@example.com,Galway,IE,16,2021-09-10,
3111,Nell,Abbott,nell.abbott3110@example.com,Perth,AU,21,2020-12-13,
3112,Rafael,Tan,rafael.tan3111@example.com,Galway,IE,9,2015-08-27,low
3113,Omar,Ueda,omar.ueda3112@example.com,Valencia,ES,16,2016-01-24,
3114,Felix,Rossi,felix.rossi3113@example.com,Valencia,ES,31,2018-05-26,high
3115,Bruno,Roy,bruno.roy3114@example.com,Cork,IE,31,2012-12-16,
3116,Emeka,Nyberg,emeka.nyberg3115@example.com,Adelaide,AU,37,2022-11-22,
3117,Elena,Haddad,elena.haddad3116@example.com,Montpellier,FR,36,2019-09-03,
3118,Signe,Ueda,signe.ueda3117@example.com,Utrecht,NL,3,2023-01-21,
3119,Sara,Osei,sara.osei3118@example.com,Portland,US,29,2013-12-12,
3120,Rosa,Mensah,rosa.mensah3119@example.com,Montpellier,FR,25,2010-09-03,
3121,Andres,Cole,andres.cole3120@example.com,Groningen,NL,9,2025-09-15,
3122,Jon,Renard,jon.renard3121@example.com,Utrecht,NL,12,2022-05-24,
3123,Zara,Sandoval,zara.sandoval3122@example.com,Columbus,US,36,2024-03-23,
3124,Ingrid,Ibrahim,ingrid.ibrahim3123@example.com,Dunedin,NZ,3,2021-04-08,low
3125,Marta,Hale,marta.hale3124@example.com,Toronto,CA,39,2016-02-06,
3126,Fatima,Roy,fatima.roy3125@example.com,Norwich,GB,28,2012-05-07,
3127,Solveig,Solberg,solveig.solberg3126@example.com,Freiburg,DE,23,2025-01-18,
3128,Lena,Ellery,lena.ellery3127@example.com,Victoria,CA,27,2024-10-10,
3129,Kiran,Kowalski,kiran.kowalski3128@example.com,Galway,IE,25,2008-02-09,
3130,Greta,Dubois,greta.dubois3129@example.com,Austin,US,38,2010-12-11,
3131,Priya,Kowalski,priya.kowalski3130@example.com,Portland,US,33,2025-03-21,
3132,Viktor,Lindqvist,viktor.lindqvist3131@example.com,Dunedin,NZ,2,2011-12-08,
3133,Andres,Sandoval,andres.sandoval3132@example.com,Perth,AU,9,2025-07-10,low
3134,Fatima,Solberg,fatima.solberg3133@example.com,Columbus,US,29,2021-12-25,
3135,Greta,Bergstrom,greta.bergstrom3134@example.com,Uppsala,SE,3,2009-02-23,low
3136,Priya,Vogt,priya.vogt3135@example.com,Galway,IE,35,2017-11-20,low
3137,Pieter,Novak,pieter.novak3136@example.com,Dunedin,NZ,11,2016-11-27,
3138,Hugo,Fischer,hugo.fischer3137@example.com,Adelaide,AU,29,2016-08-17,
3139,Tobias,Farrow,tobias.farrow3138@example.com,Aarhus,DK,2,2019-04-06,
3140,Samir,Haddad,samir.haddad3139@example.com,Galway,IE,24,2009-12-16,
3141,Ravi,Sandoval,ravi.sandoval3140@example.com,Raleigh,US,19,2016-09-26,
3142,Tomas,Nair,tomas.nair3141@example.com,Victoria,CA,27,2021-02-23,
3143,Jonas,Sandoval,jonas.sandoval3142@example.com,Utrecht,NL,6,2015-02-18,
3144,Noel,Quinn,noel.quinn3143@example.com,Uppsala,SE,11,2017-01-14,
3145,Bruno,Silva,bruno.silva3144@example.com,Bergen,NO,27,2017-02-09,
3146,Nora,Vogt,nora.vogt3145@example.com,Tampere,FI,23,2017-09-17,
3147,Kwame,Frost,kwame.frost3146@example.com,Auckland,NZ,20,2024-12-21,
3148,Idris,Frost,idris.frost3147@example.com,Austin,US,27,2018-05-25,
3149,Lena,Sandoval,lena.sandoval3148@example.com,Austin,US,6,2023-04-24,
3150,Ravi,Abbott,ravi.abbott3149@example.com,Raleigh,US,39,2025-04-24,
3151,Sofia,Bauer,sofia.bauer3150@example.com,Cork,IE,9,2025-04-02,medium
3152,Kofi,Frost,kofi.frost3151@example.com,Aarhus,DK,30,2014-02-14,low
3153,Sofia,Whitfield,sofia.whitfield3152@example.com,Dunedin,NZ,4,2014-02-22,low
3154,Samir,Lund,samir.lund3153@example.com,Aarhus,DK,33,2015-01-15,
3155,Ana,Bergstrom,ana.bergstrom3154@example.com,Tucson,US,35,2023-02-09,low
3156,Aoife,Thorne,aoife.thorne3155@example.com,Sheffield,GB,20,2024-04-27,high
3157,Kiran,Larsen,kiran.larsen3156@example.com,Aarhus,DK,40,2010-08-17,
3158,Kiran,Bergstrom,kiran.bergstrom3157@example.com,Bristol,GB,1,2014-06-07,
3159,Samir,Adeyemi,samir.adeyemi3158@example.com,Bergen,NO,18,2014-11-12,low
3160,Yuki,Bauer,yuki.bauer3159@example.com,Bristol,GB,5,2020-03-24,
3161,Yuki,Kowalski,yuki.kowalski3160@example.com,Auckland,NZ,35,2012-04-14,
3162,Kofi,Novak,kofi.novak3161@example.com,Ljubljana,SI,17,2014-12-11,
3163,Leila,Ibrahim,leila.ibrahim3162@example.com,Perth,AU,35,2020-05-09,
3164,Tobias,Park,tobias.park3163@example.com,Victoria,CA,4,2010-02-13,
3165,Sean,Vogt,sean.vogt3164@example.com,Norwich,GB,21,2022-08-13,low
3166,Nora,Renard,nora.renard3165@example.com,Denver,US,40,2017-02-13,
3167,Tomas,Sorensen,tomas.sorensen3166@example.com,Bristol,GB,36,2019-06-01,
3168,Marta,Halloran,marta.halloran3167@example.com,Tampere,FI,37,2024-07-15,
3169,Tarek,Cole,tarek.cole3168@example.com,Montpellier,FR,34,2011-11-23,
3170,Malik,Hale,malik.hale3169@example.com,Sheffield,GB,22,2019-07-25,low
3171,Ben,Frost,ben.frost3170@example.com,Galway,IE,3,2009-10-03,
3172,Pieter,Larsen,pieter.larsen3171@example.com,Aarhus,DK,4,2024-01-02,
3173,Alma,Bauer,alma.bauer3172@example.com,Columbus,US,13,2025-08-03,
3174,Josefina,Nair,josefina.nair3173@example.com,Bergen,NO,23,2014-04-27,high
3175,Amara,Kowalski,amara.kowalski3174@example.com,Denver,US,40,2022-06-07,medium
3176,Bianca,Moreau,bianca.moreau3175@example.com,Bologna,IT,13,2017-03-07,
3177,Eli,Voss,eli.voss3176@example.com,Portland,US,17,2014-09-19,
3178,Solveig,Wexler,solveig.wexler3177@example.com,Norwich,GB,13,2014-08-05,
3179,Zara,Bauer,zara.bauer3178@example.com,Cork,IE,15,2010-07-22,
3180,Bianca,Nakamura,bianca.nakamura3179@example.com,Groningen,NL,36,2021-09-08,
3181,Samir,Bergstrom,samir.bergstrom3180@example.com,Perth,AU,35,2022-06-13,high
3182,Rafael,Kirby,rafael.kirby3181@example.com,Porto,PT,30,2017-11-24,
3183,Viktor,Okafor,viktor.okafor3182@example.com,Ljubljana,SI,9,2012-06-22,low
3184,Samir,Halloran,samir.halloran3183@example.com,Auckland,NZ,8,2014-06-17,
3185,Signe,Roy,signe.roy3184@example.com,Cork,IE,32,2013-08-15,
3186,Felix,Fischer,felix.fischer3185@example.com,Raleigh,US,33,2016-08-04,
3187,Andres,Solberg,andres.solberg3186@example.com,Adelaide,AU,4,2021-10-06,
3188,Nell,Hale,nell.hale3187@example.com,Utrecht,NL,26,2015-09-26,
3189,Sean,Shah,sean.shah3188@example.com,Denver,US,27,2022-02-04,
3190,Kiran,Farrow,kiran.farrow3189@example.com,Victoria,CA,32,2015-05-01,
3191,Wren,Thorne,wren.thorne3190@example.com,Sheffield,GB,1,2020-10-08,
3192,Solveig,Ashworth,solveig.ashworth3191@example.com,Adelaide,AU,25,2020-11-06,
3193,Fatima,Kowalski,fatima.kowalski3192@example.com,Aarhus,DK,24,2010-01-22,
3194,Ana,Silva,ana.silva3193@example.com,Dunedin,NZ,19,2019-08-13,medium
3195,Priya,Wexler,priya.wexler3194@example.com,Perth,AU,21,2009-01-07,medium
3196,Malik,Ellery,malik.ellery3195@example.com,Bologna,IT,26,2021-07-16,
3197,Lars,Cormack,lars.cormack3196@example.com,Halifax,CA,36,2014-03-04,
3198,Dmitri,Petrov,dmitri.petrov3197@example.com,Sheffield,GB,21,2008-05-22,
3199,Amara,Zamora,amara.zamora3198@example.com,Leipzig,DE,23,2019-05-14,
3200,Kofi,Delgado,kofi.delgado3199@example.com,Tucson,US,33,2017-09-03,
3201,Nell,Dubois,nell.dubois3200@example.com,Norwich,GB,6,2009-10-24,
3202,Arjun,Dubois,arjun.dubois3201@example.com,Manchester,GB,19,2011-04-13,
3203,Marta,Lindqvist,marta.lindqvist3202@example.com,Manchester,GB,32,2011-03-19,
3204,Jon,Vance,jon.vance3203@example.com,Dunedin,NZ,16,2011-04-18,
3205,Iris,Halloran,iris.halloran3204@example.com,Montpellier,FR,14,2013-12-22,
3206,Elena,Frost,elena.frost3205@example.com,Columbus,US,9,2012-03-26,
3207,Samir,Sandoval,samir.sandoval3206@example.com,Leipzig,DE,35,2010-07-09,
3208,Idris,Mensah,idris.mensah3207@example.com,Ljubljana,SI,27,2014-04-11,
3209,Ravi,Delgado,ravi.delgado3208@example.com,Dunedin,NZ,21,2024-10-01,low
3210,Bruno,Sorensen,bruno.sorensen3209@example.com,Austin,US,27,2017-06-01,
3211,Omar,Lund,omar.lund3210@example.com,Raleigh,US,8,2012-07-21,
3212,Tom,Rahman,tom.rahman3211@example.com,Uppsala,SE,20,2015-03-21,
3213,Tomas,Moreau,tomas.moreau3212@example.com,Bristol,GB,13,2019-02-02,
3214,Ciara,Diaz,ciara.diaz3213@example.com,Valencia,ES,36,2019-01-05,
3215,Signe,Ricci,signe.ricci3214@example.com,Galway,IE,25,2008-01-12,medium
3216,Jon,Thorne,jon.thorne3215@example.com,Hobart,AU,24,2013-08-10,
3217,Malik,Lindqvist,malik.lindqvist3216@example.com,Norwich,GB,5,2016-04-19,
3218,Kiran,Thorne,kiran.thorne3217@example.com,Freiburg,DE,34,2022-08-27,
3219,Maya,Voss,maya.voss3218@example.com,Aarhus,DK,36,2021-02-06,
3220,Delphine,Brennan,delphine.brennan3219@example.com,Auckland,NZ,18,2016-07-01,low
3221,Alma,Frost,alma.frost3220@example.com,Valencia,ES,34,2025-03-14,
3222,Aoife,Lund,aoife.lund3221@example.com,Columbus,US,19,2019-11-22,
3223,Amara,Ferreira,amara.ferreira3222@example.com,Halifax,CA,15,2009-10-17,
3224,Leila,Marchetti,leila.marchetti3223@example.com,Austin,US,16,2020-05-04,
3225,Malik,Ashworth,malik.ashworth3224@example.com,Bologna,IT,20,2012-08-18,low
3226,Mateo,Voss,mateo.voss3225@example.com,Utrecht,NL,14,2009-05-03,low
3227,Mateo,Voss,mateo.voss3226@example.com,Tucson,US,6,2014-02-16,
3228,Esme,Beaumont,esme.beaumont3227@example.com,Portland,US,9,2016-09-14,
3229,Anton,Rahman,anton.rahman3228@example.com,Uppsala,SE,29,2009-04-27,
3230,Pieter,Baptiste,pieter.baptiste3229@example.com,Norwich,GB,37,2017-10-18,
3231,Dmitri,Okafor,dmitri.okafor3230@example.com,Columbus,US,20,2024-12-19,
3232,Signe,Brennan,signe.brennan3231@example.com,Aarhus,DK,28,2020-11-19,
3233,Elena,Nakamura,elena.nakamura3232@example.com,Raleigh,US,26,2009-01-06,medium
3234,Dmitri,Larsen,dmitri.larsen3233@example.com,Valencia,ES,8,2022-04-05,
3235,Elena,Kirby,elena.kirby3234@example.com,Portland,US,24,2011-01-04,
3236,Jonas,Kirby,jonas.kirby3235@example.com,Cork,IE,32,2018-05-01,
3237,Lena,Okafor,lena.okafor3236@example.com,Dunedin,NZ,6,2024-02-27,low
3238,Raj,Marchetti,raj.marchetti3237@example.com,Manchester,GB,25,2021-09-16,
3239,Lars,Lindqvist,lars.lindqvist3238@example.com,Utrecht,NL,20,2013-06-16,low
3240,Zara,Cormack,zara.cormack3239@example.com,Bologna,IT,21,2017-05-19,
3241,Esme,Vogt,esme.vogt3240@example.com,Victoria,CA,10,2018-10-05,
3242,Hana,Ellery,hana.ellery3241@example.com,Denver,US,7,2009-06-05,low
3243,Anton,Delgado,anton.delgado3242@example.com,Utrecht,NL,24,2020-12-15,low
3244,Ravi,Whitfield,ravi.whitfield3243@example.com,Uppsala,SE,17,2020-06-28,low
3245,Viktor,Beaumont,viktor.beaumont3244@example.com,Sheffield,GB,17,2020-05-04,high
3246,Alma,Frost,alma.frost3245@example.com,Tucson,US,18,2017-07-20,
3247,Pieter,Ellery,pieter.ellery3246@example.com,Cork,IE,35,2023-07-07,
3248,Samir,Cormack,samir.cormack3247@example.com,Austin,US,26,2018-06-02,
3249,Eli,Nyberg,eli.nyberg3248@example.com,Groningen,NL,23,2020-12-07,high
3250,Noel,Ibrahim,noel.ibrahim3249@example.com,Victoria,CA,25,2025-02-14,
3251,Sara,Dubois,sara.dubois3250@example.com,Denver,US,36,2013-04-01,
3252,Arjun,Nyberg,arjun.nyberg3251@example.com,Bristol,GB,18,2014-12-06,low
3253,Rafael,Kaur,rafael.kaur3252@example.com,Manchester,GB,30,2012-04-25,low
3254,Camille,Rahman,camille.rahman3253@example.com,Bergen,NO,4,2013-09-28,
3255,Yuki,Adeyemi,yuki.adeyemi3254@example.com,Cork,IE,4,2010-05-25,
3256,Hana,Kowalski,hana.kowalski3255@example.com,Groningen,NL,33,2025-05-27,low
3257,Eli,Adeyemi,eli.adeyemi3256@example.com,Toronto,CA,16,2025-08-01,high
3258,Sean,Ibrahim,sean.ibrahim3257@example.com,Columbus,US,18,2020-10-06,high
3259,Bruno,Kowalski,bruno.kowalski3258@example.com,Tucson,US,11,2017-11-06,
3260,Emeka,Abbott,emeka.abbott3259@example.com,Uppsala,SE,37,2024-07-25,
3261,Wren,Ashworth,wren.ashworth3260@example.com,Manchester,GB,14,2024-06-10,
3262,Leila,Rossi,leila.rossi3261@example.com,Sheffield,GB,17,2020-08-13,low
3263,Sean,Park,sean.park3262@example.com,Aarhus,DK,36,2016-06-24,
3264,Omar,Cole,omar.cole3263@example.com,Victoria,CA,39,2022-12-16,low
3265,Andres,Quinn,andres.quinn3264@example.com,Denver,US,23,2025-10-05,
3266,Ana,Shah,ana.shah3265@example.com,Tampere,FI,21,2016-02-07,
3267,Tom,Renard,tom.renard3266@example.com,Portland,US,1,2009-01-09,
3268,Tomas,Abbott,tomas.abbott3267@example.com,Nantes,FR,25,2009-12-05,
3269,Rafael,Nyberg,rafael.nyberg3268@example.com,Norwich,GB,2,2020-12-21,
3270,Ingrid,Ashworth,ingrid.ashworth3269@example.com,Dunedin,NZ,32,2011-04-08,low
3271,Andres,Shah,andres.shah3270@example.com,Leipzig,DE,8,2021-06-08,
3272,Tomas,Sandoval,tomas.sandoval3271@example.com,Freiburg,DE,3,2013-11-19,
3273,Sara,Ricci,sara.ricci3272@example.com,Halifax,CA,1,2024-05-04,
3274,Kwame,Rahman,kwame.rahman3273@example.com,Sheffield,GB,8,2010-12-25,
3275,Bruno,Mwangi,bruno.mwangi3274@example.com,Porto,PT,5,2024-05-22,low
3276,Tomas,Bergstrom,tomas.bergstrom3275@example.com,Groningen,NL,15,2014-05-17,
3277,Delphine,Mwangi,delphine.mwangi3276@example.com,Austin,US,33,2019-08-04,
3278,Tobias,Mwangi,tobias.mwangi3277@example.com,Halifax,CA,33,2014-01-11,
3279,Iris,Thorne,iris.thorne3278@example.com,Dunedin,NZ,29,2020-03-13,
3280,Eli,Abbott,eli.abbott3279@example.com,Portland,US,4,2011-05-24,
3281,Ben,Marchetti,ben.marchetti3280@example.com,Sheffield,GB,6,2013-12-25,low
3282,Elena,Shah,elena.shah3281@example.com,Utrecht,NL,27,2016-11-03,medium
3283,Maya,Iqbal,maya.iqbal3282@example.com,Raleigh,US,33,2019-02-06,
3284,Solveig,Nyberg,solveig.nyberg3283@example.com,Halifax,CA,39,2023-12-05,
3285,Signe,Halloran,signe.halloran3284@example.com,Groningen,NL,3,2019-05-28,
3286,Kofi,Abbott,kofi.abbott3285@example.com,Hobart,AU,34,2009-03-13,
3287,Jon,Brennan,jon.brennan3286@example.com,Halifax,CA,14,2015-02-28,medium
3288,Camille,Ibrahim,camille.ibrahim3287@example.com,Tampere,FI,32,2023-08-23,
3289,Signe,Reed,signe.reed3288@example.com,Portland,US,8,2012-05-22,medium
3290,Delphine,Lund,delphine.lund3289@example.com,Hobart,AU,39,2008-03-27,
3291,Sofia,Achebe,sofia.achebe3290@example.com,Bologna,IT,17,2012-06-24,
3292,Greta,Halloran,greta.halloran3291@example.com,Sheffield,GB,32,2021-09-01,
3293,Alma,Ellery,alma.ellery3292@example.com,Bologna,IT,4,2025-02-20,
3294,Ingrid,Delgado,ingrid.delgado3293@example.com,Galway,IE,5,2022-09-03,low
3295,Emeka,Nakamura,emeka.nakamura3294@example.com,Portland,US,19,2019-05-24,low
3296,Samir,Thorne,samir.thorne3295@example.com,Bologna,IT,10,2021-07-19,
3297,Jonas,Nair,jonas.nair3296@example.com,Halifax,CA,34,2011-05-04,
3298,Nora,Voss,nora.voss3297@example.com,Montpellier,FR,39,2025-03-14,
3299,Emeka,Fischer,emeka.fischer3298@example.com,Tampere,FI,38,2008-07-04,low
3300,Zara,Diaz,zara.diaz3299@example.com,Valencia,ES,11,2016-09-10,
3301,Maya,Rossi,maya.rossi3300@example.com,Tucson,US,1,2024-04-28,
3302,Delphine,Marchetti,delphine.marchetti3301@example.com,Austin,US,38,2025-04-15,
3303,Noel,Lund,noel.lund3302@example.com,Cork,IE,20,2013-06-14,low
3304,Priya,Castellanos,priya.castellanos3303@example.com,Cork,IE,8,2016-10-09,
3305,Aoife,Abbott,aoife.abbott3304@example.com,Halifax,CA,10,2019-12-16,
3306,Ana,Kaur,ana.kaur3305@example.com,Hobart,AU,34,2013-03-02,
3307,Nadia,Nair,nadia.nair3306@example.com,Adelaide,AU,38,2016-01-09,
3308,Bianca,Reed,bianca.reed3307@example.com,Galway,IE,38,2015-11-12,
3309,Kofi,Okafor,kofi.okafor3308@example.com,Montpellier,FR,32,2008-11-22,low
3310,Alma,Whitfield,alma.whitfield3309@example.com,Bristol,GB,27,2024-01-24,
3311,Mateo,Sorensen,mateo.sorensen3310@example.com,Uppsala,SE,39,2016-09-14,medium
3312,Priya,Osei,priya.osei3311@example.com,Bristol,GB,40,2022-05-27,
3313,Kofi,Moreau,kofi.moreau3312@example.com,Cork,IE,21,2008-08-03,
3314,Sofia,Halloran,sofia.halloran3313@example.com,Groningen,NL,34,2019-01-21,
3315,Bianca,Okafor,bianca.okafor3314@example.com,Manchester,GB,26,2018-12-03,
3316,Lena,Renard,lena.renard3315@example.com,Porto,PT,22,2010-11-04,
3317,Leila,Petrov,leila.petrov3316@example.com,Montpellier,FR,11,2017-08-08,medium
3318,Raj,Petrov,raj.petrov3317@example.com,Groningen,NL,21,2025-10-10,
3319,Signe,Nakamura,signe.nakamura3318@example.com,Perth,AU,31,2018-08-08,medium
3320,Raj,Rossi,raj.rossi3319@example.com,Montpellier,FR,27,2016-04-12,
3321,Rosa,Ueda,rosa.ueda3320@example.com,Raleigh,US,27,2022-05-26,
3322,Aoife,Dubois,aoife.dubois3321@example.com,Valencia,ES,10,2018-07-05,
3323,Claire,Thorne,claire.thorne3322@example.com,Ljubljana,SI,38,2019-02-24,
3324,Solveig,Novak,solveig.novak3323@example.com,Sheffield,GB,4,2011-03-27,
3325,Greta,Sorensen,greta.sorensen3324@example.com,Ljubljana,SI,7,2017-07-23,low
3326,Tom,Solberg,tom.solberg3325@example.com,Montpellier,FR,1,2019-03-24,
3327,Wren,Larsen,wren.larsen3326@example.com,Auckland,NZ,19,2012-07-22,
3328,Kofi,Okafor,kofi.okafor3327@example.com,Victoria,CA,13,2015-03-25,low
3329,Nell,Osei,nell.osei3328@example.com,Galway,IE,30,2023-11-24,
3330,Eli,Osei,eli.osei3329@example.com,Bergen,NO,3,2015-01-02,medium
3331,Kofi,Tan,kofi.tan3330@example.com,Denver,US,10,2015-01-07,medium
3332,Aoife,Ashworth,aoife.ashworth3331@example.com,Valencia,ES,5,2010-09-20,
3333,Delphine,Park,delphine.park3332@example.com,Tucson,US,11,2009-11-08,low
3334,Hana,Larsen,hana.larsen3333@example.com,Aarhus,DK,3,2024-06-01,high
3335,Rafael,Reed,rafael.reed3334@example.com,Tucson,US,36,2013-04-01,
3336,Anton,Mwangi,anton.mwangi3335@example.com,Cork,IE,22,2024-08-16,
3337,Delphine,Cole,delphine.cole3336@example.com,Utrecht,NL,22,2019-03-02,
3338,Rafael,Lindqvist,rafael.lindqvist3337@example.com,Ljubljana,SI,40,2015-01-28,
3339,Lars,Baptiste,lars.baptiste3338@example.com,Bergen,NO,23,2020-12-25,low
3340,Elena,Voss,elena.voss3339@example.com,Porto,PT,34,2018-02-19,
3341,Camille,Kaur,camille.kaur3340@example.com,Denver,US,13,2023-12-04,
3342,Pieter,Larsen,pieter.larsen3341@example.com,Leipzig,DE,16,2009-11-06,
3343,Claire,Ricci,claire.ricci3342@example.com,Tampere,FI,31,2014-03-19,low
3344,Ben,Whitfield,ben.whitfield3343@example.com,Victoria,CA,29,2015-08-11,
3345,Andres,Kaur,andres.kaur3344@example.com,Porto,PT,12,2024-03-09,
3346,Camille,Kowalski,camille.kowalski3345@example.com,Leipzig,DE,13,2024-08-01,
3347,Malik,Mwangi,malik.mwangi3346@example.com,Valencia,ES,25,2014-10-22,low
3348,Tomas,Rossi,tomas.rossi3347@example.com,Denver,US,23,2023-05-22,high
3349,Josefina,Iqbal,josefina.iqbal3348@example.com,Raleigh,US,8,2013-01-04,
3350,Nora,Petrov,nora.petrov3349@example.com,Austin,US,15,2016-11-07,low
3351,Alma,Cormack,alma.cormack3350@example.com,Bristol,GB,11,2010-04-07,
3352,Esme,Tan,esme.tan3351@example.com,Portland,US,6,2024-06-04,
3353,Nell,Osei,nell.osei3352@example.com,Columbus,US,7,2024-09-14,
3354,Viktor,Moreau,viktor.moreau3353@example.com,Valencia,ES,38,2020-06-14,
3355,Sara,Roy,sara.roy3354@example.com,Freiburg,DE,23,2014-03-09,low
3356,Ciara,Bergstrom,ciara.bergstrom3355@example.com,Bergen,NO,18,2014-06-27,
3357,Tarek,Moreau,tarek.moreau3356@example.com,Bergen,NO,40,2025-01-11,
3358,Greta,Sorensen,greta.sorensen3357@example.com,Montpellier,FR,7,2022-07-05,
3359,Nadia,Park,nadia.park3358@example.com,Toronto,CA,9,2015-12-12,
3360,Sofia,Wexler,sofia.wexler3359@example.com,Auckland,NZ,29,2017-10-24,
3361,Amara,Ibrahim,amara.ibrahim3360@example.com,Adelaide,AU,38,2008-06-28,
3362,Eli,Nyberg,eli.nyberg3361@example.com,Adelaide,AU,6,2017-03-18,
3363,Aoife,Ueda,aoife.ueda3362@example.com,Uppsala,SE,38,2018-02-25,high
3364,Maya,Vance,maya.vance3363@example.com,Norwich,GB,27,2020-09-17,low
3365,Viktor,Zamora,viktor.zamora3364@example.com,Tampere,FI,19,2014-04-16,
3366,Bianca,Novak,bianca.novak3365@example.com,Uppsala,SE,8,2021-10-23,
3367,Kwame,Sorensen,kwame.sorensen3366@example.com,Auckland,NZ,28,2022-12-04,
3368,Claire,Kirby,claire.kirby3367@example.com,Victoria,CA,8,2021-08-12,
3369,Maya,Iqbal,maya.iqbal3368@example.com,Valencia,ES,39,2013-03-22,
3370,Raj,Larsen,raj.larsen3369@example.com,Leipzig,DE,36,2014-06-27,
3371,Eli,Iqbal,eli.iqbal3370@example.com,Perth,AU,40,2009-01-12,low
3372,Mateo,Marchetti,mateo.marchetti3371@example.com,Adelaide,AU,16,2010-09-02,high
3373,Rosa,Voss,rosa.voss3372@example.com,Norwich,GB,18,2013-06-12,
3374,Solveig,Abbott,solveig.abbott3373@example.com,Cork,IE,40,2022-05-08,
3375,Kofi,Marchetti,kofi.marchetti3374@example.com,Manchester,GB,1,2020-06-05,
3376,Claire,Roy,claire.roy3375@example.com,Tucson,US,19,2025-11-21,
3377,Kiran,Lund,kiran.lund3376@example.com,Aarhus,DK,21,2023-05-07,low
3378,Eli,Silva,eli.silva3377@example.com,Perth,AU,22,2010-08-27,
3379,Esme,Vogt,esme.vogt3378@example.com,Toronto,CA,12,2022-02-04,
3380,Lena,Achebe,lena.achebe3379@example.com,Toronto,CA,19,2022-06-02,
3381,Noel,Park,noel.park3380@example.com,Montpellier,FR,24,2023-05-07,
3382,Sofia,Brennan,sofia.brennan3381@example.com,Austin,US,9,2015-06-16,
3383,Esme,Mensah,esme.mensah3382@example.com,Toronto,CA,14,2013-01-12,low
3384,Hana,Petrov,hana.petrov3383@example.com,Groningen,NL,18,2017-05-07,low
3385,Ingrid,Ueda,ingrid.ueda3384@example.com,Bologna,IT,21,2018-08-19,
3386,Raj,Petrov,raj.petrov3385@example.com,Halifax,CA,8,2018-04-25,
3387,Omar,Silva,omar.silva3386@example.com,Hobart,AU,2,2021-05-05,
3388,Kofi,Achebe,kofi.achebe3387@example.com,Tampere,FI,30,2025-04-12,
3389,Esme,Kowalski,esme.kowalski3388@example.com,Perth,AU,33,2012-08-15,
3390,Zara,Sandoval,zara.sandoval3389@example.com,Uppsala,SE,34,2010-04-08,
3391,Nora,Petrov,nora.petrov3390@example.com,Portland,US,12,2025-09-11,
3392,Amara,Okafor,amara.okafor3391@example.com,Montpellier,FR,20,2017-10-19,
3393,Josefina,Petrov,josefina.petrov3392@example.com,Tampere,FI,22,2025-03-06,
3394,Jonas,Haddad,jonas.haddad3393@example.com,Bergen,NO,4,2023-05-11,
3395,Leila,Dubois,leila.dubois3394@example.com,Sheffield,GB,23,2016-03-01,
3396,Sean,Lindqvist,sean.lindqvist3395@example.com,Sheffield,GB,1,2012-05-23,
3397,Kofi,Petrov,kofi.petrov3396@example.com,Bergen,NO,35,2009-06-26,
3398,Kofi,Iqbal,kofi.iqbal3397@example.com,Adelaide,AU,2,2018-01-21,
3399,Idris,Vogt,idris.vogt3398@example.com,Austin,US,32,2021-05-06,
3400,Andres,Shah,andres.shah3399@example.com,Bologna,IT,4,2011-06-07,
3401,Rafael,Ricci,rafael.ricci3400@example.com,Tampere,FI,36,2013-04-22,
3402,Ravi,Lund,ravi.lund3401@example.com,Porto,PT,37,2015-10-16,
3403,Bruno,Mwangi,bruno.mwangi3402@example.com,Montpellier,FR,30,2022-12-24,
3404,Rosa,Thorne,rosa.thorne3403@example.com,Porto,PT,26,2016-12-22,
3405,Solveig,Frost,solveig.frost3404@example.com,Leipzig,DE,23,2021-01-17,
3406,Delphine,Zamora,delphine.zamora3405@example.com,Bristol,GB,38,2016-05-09,
3407,Tarek,Fischer,tarek.fischer3406@example.com,Uppsala,SE,26,2010-09-17,medium
3408,Ana,Novak,ana.novak3407@example.com,Porto,PT,6,2025-09-24,
3409,Yuki,Bergstrom,yuki.bergstrom3408@example.com,Dunedin,NZ,31,2009-01-23,
3410,Claire,Kirby,claire.kirby3409@example.com,Galway,IE,1,2023-01-20,
3411,Iris,Vance,iris.vance3410@example.com,Montpellier,FR,11,2018-01-26,
3412,Greta,Castellanos,greta.castellanos3411@example.com,Norwich,GB,3,2013-06-04,
3413,Raj,Diaz,raj.diaz3412@example.com,Nantes,FR,7,2012-04-28,low
3414,Lars,Novak,lars.novak3413@example.com,Denver,US,10,2012-09-24,
3415,Kofi,Cormack,kofi.cormack3414@example.com,Uppsala,SE,7,2014-07-16,
3416,Idris,Nakamura,idris.nakamura3415@example.com,Groningen,NL,15,2009-03-07,
3417,Andres,Ellery,andres.ellery3416@example.com,Norwich,GB,19,2010-09-23,low
3418,Dmitri,Tan,dmitri.tan3417@example.com,Porto,PT,17,2008-03-21,medium
3419,Kiran,Okafor,kiran.okafor3418@example.com,Dunedin,NZ,23,2009-03-12,
3420,Jonas,Lindqvist,jonas.lindqvist3419@example.com,Bergen,NO,37,2011-01-09,low
3421,Anton,Haddad,anton.haddad3420@example.com,Halifax,CA,16,2025-06-10,
3422,Camille,Fischer,camille.fischer3421@example.com,Bergen,NO,28,2010-01-22,
3423,Ravi,Ferreira,ravi.ferreira3422@example.com,Uppsala,SE,15,2019-02-11,
3424,Claire,Park,claire.park3423@example.com,Norwich,GB,29,2025-08-15,
3425,Tomas,Adeyemi,tomas.adeyemi3424@example.com,Valencia,ES,16,2019-04-14,
3426,Tom,Lindqvist,tom.lindqvist3425@example.com,Porto,PT,28,2015-09-11,
3427,Signe,Tan,signe.tan3426@example.com,Auckland,NZ,23,2022-10-25,
3428,Sean,Brennan,sean.brennan3427@example.com,Tampere,FI,33,2024-09-17,low
3429,Delphine,Nair,delphine.nair3428@example.com,Nantes,FR,22,2019-06-07,low
3430,Leila,Iqbal,leila.iqbal3429@example.com,Tampere,FI,30,2024-04-19,
3431,Josefina,Ferreira,josefina.ferreira3430@example.com,Portland,US,9,2019-12-04,low
3432,Hugo,Quinn,hugo.quinn3431@example.com,Leipzig,DE,3,2014-03-04,
3433,Bianca,Vance,bianca.vance3432@example.com,Victoria,CA,24,2010-04-16,low
3434,Rafael,Osei,rafael.osei3433@example.com,Porto,PT,22,2009-11-17,
3435,Maya,Iqbal,maya.iqbal3434@example.com,Manchester,GB,38,2021-04-15,
3436,Sean,Brennan,sean.brennan3435@example.com,Uppsala,SE,11,2022-10-02,
3437,Felix,Petrov,felix.petrov3436@example.com,Denver,US,40,2014-09-28,
3438,Yuki,Achebe,yuki.achebe3437@example.com,Utrecht,NL,36,2014-08-02,
3439,Samir,Reed,samir.reed3438@example.com,Toronto,CA,10,2022-06-16,
3440,Dmitri,Rahman,dmitri.rahman3439@example.com,Bristol,GB,9,2023-03-10,medium
3441,Ciara,Tan,ciara.tan3440@example.com,Hobart,AU,21,2010-11-26,low
3442,Greta,Lund,greta.lund3441@example.com,Nantes,FR,33,2024-09-11,medium
3443,Eli,Lindqvist,eli.lindqvist3442@example.com,Aarhus,DK,17,2008-08-04,
3444,Ciara,Hale,ciara.hale3443@example.com,Raleigh,US,10,2013-03-08,
3445,Leila,Whitfield,leila.whitfield3444@example.com,Ljubljana,SI,31,2011-11-02,
3446,Bianca,Cole,bianca.cole3445@example.com,Perth,AU,12,2012-05-02,
3447,Josefina,Tan,josefina.tan3446@example.com,Uppsala,SE,36,2008-11-06,medium
3448,Elena,Cormack,elena.cormack3447@example.com,Austin,US,5,2021-08-17,
3449,Fatima,Dubois,fatima.dubois3448@example.com,Dunedin,NZ,35,2013-02-14,
3450,Anton,Ricci,anton.ricci3449@example.com,Adelaide,AU,15,2013-05-14,high
3451,Mateo,Ashworth,mateo.ashworth3450@example.com,Porto,PT,28,2024-03-16,
3452,Ciara,Quinn,ciara.quinn3451@example.com,Cork,IE,10,2025-11-10,
3453,Jon,Castellanos,jon.castellanos3452@example.com,Ljubljana,SI,11,2009-12-03,
3454,Sean,Frost,sean.frost3453@example.com,Tampere,FI,5,2009-08-12,medium
3455,Bruno,Achebe,bruno.achebe3454@example.com,Uppsala,SE,30,2017-08-06,low
3456,Camille,Iqbal,camille.iqbal3455@example.com,Norwich,GB,33,2019-01-25,medium
3457,Arjun,Bauer,arjun.bauer3456@example.com,Galway,IE,23,2013-01-22,
3458,Leila,Kirby,leila.kirby3457@example.com,Victoria,CA,6,2010-01-26,low
3459,Sean,Petrov,sean.petrov3458@example.com,Auckland,NZ,22,2012-12-21,
3460,Malik,Vogt,malik.vogt3459@example.com,Freiburg,DE,22,2008-08-04,
3461,Hana,Bauer,hana.bauer3460@example.com,Uppsala,SE,36,2018-09-28,low
3462,Rafael,Kowalski,rafael.kowalski3461@example.com,Tampere,FI,12,2024-06-15,
3463,Alma,Ferreira,alma.ferreira3462@example.com,Auckland,NZ,24,2012-05-06,
3464,Josefina,Sandoval,josefina.sandoval3463@example.com,Bergen,NO,3,2023-11-17,
3465,Omar,Cormack,omar.cormack3464@example.com,Ljubljana,SI,23,2024-10-25,high
3466,Sara,Frost,sara.frost3465@example.com,Bristol,GB,18,2021-05-02,
3467,Tarek,Wexler,tarek.wexler3466@example.com,Uppsala,SE,2,2014-11-25,
3468,Greta,Iqbal,greta.iqbal3467@example.com,Tampere,FI,29,2013-01-28,
3469,Tom,Brennan,tom.brennan3468@example.com,Uppsala,SE,22,2016-12-05,
3470,Leila,Baptiste,leila.baptiste3469@example.com,Bristol,GB,35,2008-12-10,
3471,Mateo,Ferreira,mateo.ferreira3470@example.com,Columbus,US,14,2011-07-15,
3472,Ana,Haddad,ana.haddad3471@example.com,Toronto,CA,34,2010-11-24,
3473,Sofia,Tan,sofia.tan3472@example.com,Toronto,CA,8,2015-01-05,
3474,Esme,Haddad,esme.haddad3473@example.com,Freiburg,DE,21,2010-11-25,
3475,Idris,Solberg,idris.solberg3474@example.com,Nantes,FR,4,2011-01-01,
3476,Sofia,Brennan,sofia.brennan3475@example.com,Porto,PT,27,2013-06-19,
3477,Kiran,Tan,kiran.tan3476@example.com,Aarhus,DK,33,2014-05-28,
3478,Alma,Vogt,alma.vogt3477@example.com,Austin,US,14,2012-11-14,
3479,Pieter,Nair,pieter.nair3478@example.com,Tucson,US,9,2022-12-24,
3480,Ben,Kaur,ben.kaur3479@example.com,Montpellier,FR,35,2014-07-24,
3481,Arjun,Moreau,arjun.moreau3480@example.com,Denver,US,28,2025-03-18,
3482,Wren,Marchetti,wren.marchetti3481@example.com,Manchester,GB,15,2024-12-01,
3483,Solveig,Sorensen,solveig.sorensen3482@example.com,Tucson,US,38,2008-04-11,medium
3484,Marta,Delgado,marta.delgado3483@example.com,Columbus,US,4,2022-01-28,
3485,Alma,Bauer,alma.bauer3484@example.com,Uppsala,SE,7,2016-09-10,
3486,Amara,Baptiste,amara.baptiste3485@example.com,Freiburg,DE,1,2020-11-05,
3487,Claire,Achebe,claire.achebe3486@example.com,Tucson,US,32,2008-02-01,medium
3488,Ben,Reed,ben.reed3487@example.com,Tucson,US,19,2021-11-06,medium
3489,Malik,Nair,malik.nair3488@example.com,Denver,US,19,2010-11-26,medium
3490,Nell,Rossi,nell.rossi3489@example.com,Auckland,NZ,7,2020-08-18,
3491,Pieter,Solberg,pieter.solberg3490@example.com,Montpellier,FR,12,2014-05-17,
3492,Emeka,Cole,emeka.cole3491@example.com,Manchester,GB,27,2010-03-21,
3493,Ingrid,Beaumont,ingrid.beaumont3492@example.com,Groningen,NL,2,2010-12-17,
3494,Jon,Brennan,jon.brennan3493@example.com,Perth,AU,13,2010-12-21,
3495,Hugo,Hale,hugo.hale3494@example.com,Austin,US,7,2018-02-26,
3496,Jonas,Castellanos,jonas.castellanos3495@example.com,Ljubljana,SI,12,2011-01-25,
3497,Marta,Mwangi,marta.mwangi3496@example.com,Ljubljana,SI,3,2023-06-28,
3498,Lars,Nakamura,lars.nakamura3497@example.com,Uppsala,SE,32,2020-03-03,low
3499,Rafael,Reed,rafael.reed3498@example.com,Adelaide,AU,39,2024-11-08,high
3500,Alma,Whitfield,alma.whitfield3499@example.com,Uppsala,SE,37,2008-03-04,
3501,Maya,Moreau,maya.moreau3500@example.com,Portland,US,32,2018-01-11,low
3502,Solveig,Sandoval,solveig.sandoval3501@example.com,Ljubljana,SI,5,2014-01-03,
3503,Ben,Brennan,ben.brennan3502@example.com,Valencia,ES,29,2009-08-18,
3504,Iris,Baptiste,iris.baptiste3503@example.com,Valencia,ES,10,2022-09-28,
3505,Esme,Wexler,esme.wexler3504@example.com,Halifax,CA,39,2014-12-23,
3506,Felix,Iqbal,felix.iqbal3505@example.com,Hobart,AU,37,2023-05-04,
3507,Viktor,Reed,viktor.reed3506@example.com,Ljubljana,SI,14,2013-04-28,
3508,Lena,Mensah,lena.mensah3507@example.com,Uppsala,SE,5,2017-06-24,
3509,Greta,Cole,greta.cole3508@example.com,Auckland,NZ,36,2022-06-24,
3510,Andres,Lindqvist,andres.lindqvist3509@example.com,Galway,IE,23,2022-06-19,
3511,Ravi,Baptiste,ravi.baptiste3510@example.com,Tucson,US,27,2021-05-01,
3512,Ravi,Ferreira,ravi.ferreira3511@example.com,Valencia,ES,1,2019-01-02,
3513,Sara,Nyberg,sara.nyberg3512@example.com,Halifax,CA,20,2013-12-26,low
3514,Josefina,Nakamura,josefina.nakamura3513@example.com,Galway,IE,1,2020-04-11,high
3515,Iris,Ibrahim,iris.ibrahim3514@example.com,Cork,IE,1,2012-07-23,
3516,Ben,Frost,ben.frost3515@example.com,Perth,AU,15,2025-01-08,
3517,Alma,Kaur,alma.kaur3516@example.com,Tampere,FI,11,2019-09-07,low
3518,Omar,Dubois,omar.dubois3517@example.com,Hobart,AU,10,2014-11-02,
3519,Lena,Shah,lena.shah3518@example.com,Groningen,NL,31,2023-08-20,
3520,Jonas,Kaur,jonas.kaur3519@example.com,Valencia,ES,11,2015-11-03,low
3521,Nora,Ellery,nora.ellery3520@example.com,Victoria,CA,26,2015-12-21,
3522,Rafael,Petrov,rafael.petrov3521@example.com,Denver,US,11,2021-09-11,
3523,Rosa,Marchetti,rosa.marchetti3522@example.com,Portland,US,8,2014-10-27,
3524,Kiran,Kaur,kiran.kaur3523@example.com,Bergen,NO,40,2017-02-04,
3525,Eli,Sandoval,eli.sandoval3524@example.com,Perth,AU,25,2019-07-17,
3526,Sean,Cole,sean.cole3525@example.com,Norwich,GB,21,2024-05-02,low
3527,Dmitri,Baptiste,dmitri.baptiste3526@example.com,Sheffield,GB,7,2008-08-05,medium
3528,Viktor,Rossi,viktor.rossi3527@example.com,Leipzig,DE,3,2011-12-23,
3529,Sara,Fischer,sara.fischer3528@example.com,Galway,IE,20,2018-04-15,low
3530,Kiran,Cormack,kiran.cormack3529@example.com,Sheffield,GB,20,2017-12-21,
3531,Kiran,Rossi,kiran.rossi3530@example.com,Uppsala,SE,14,2014-09-18,medium
3532,Tobias,Renard,tobias.renard3531@example.com,Cork,IE,26,2014-08-25,
3533,Ingrid,Vogt,ingrid.vogt3532@example.com,Denver,US,24,2009-03-28,
3534,Fatima,Osei,fatima.osei3533@example.com,Freiburg,DE,8,2019-03-04,
3535,Noel,Renard,noel.renard3534@example.com,Austin,US,13,2014-02-11,
3536,Rosa,Abbott,rosa.abbott3535@example.com,Nantes,FR,1,2025-09-04,
3537,Esme,Ricci,esme.ricci3536@example.com,Ljubljana,SI,33,2012-09-18,
3538,Maya,Shah,maya.shah3537@example.com,Columbus,US,23,2025-12-24,
3539,Hana,Adeyemi,hana.adeyemi3538@example.com,Bristol,GB,11,2019-06-01,
3540,Maya,Bergstrom,maya.bergstrom3539@example.com,Auckland,NZ,21,2013-09-08,low
3541,Esme,Castellanos,esme.castellanos3540@example.com,Sheffield,GB,27,2025-09-04,
3542,Felix,Nair,felix.nair3541@example.com,Dunedin,NZ,29,2011-06-19,
3543,Sofia,Farrow,sofia.farrow3542@example.com,Hobart,AU,24,2017-12-08,
3544,Eli,Petrov,eli.petrov3543@example.com,Dunedin,NZ,15,2019-09-27,
3545,Nora,Rossi,nora.rossi3544@example.com,Auckland,NZ,38,2025-12-09,low
3546,Rosa,Lindqvist,rosa.lindqvist3545@example.com,Raleigh,US,6,2009-11-18,
3547,Nadia,Nyberg,nadia.nyberg3546@example.com,Leipzig,DE,32,2016-02-01,
3548,Delphine,Lindqvist,delphine.lindqvist3547@example.com,Adelaide,AU,6,2019-09-26,
3549,Mateo,Baptiste,mateo.baptiste3548@example.com,Ljubljana,SI,12,2017-04-03,
3550,Sara,Lindqvist,sara.lindqvist3549@example.com,Norwich,GB,24,2023-02-09,
3551,Lena,Ashworth,lena.ashworth3550@example.com,Halifax,CA,9,2019-10-20,
3552,Felix,Tan,felix.tan3551@example.com,Raleigh,US,12,2024-11-12,low
3553,Tarek,Ellery,tarek.ellery3552@example.com,Cork,IE,9,2010-11-19,
3554,Dmitri,Ibrahim,dmitri.ibrahim3553@example.com,Columbus,US,37,2015-04-28,
3555,Pieter,Lindqvist,pieter.lindqvist3554@example.com,Aarhus,DK,22,2011-10-15,
3556,Camille,Park,camille.park3555@example.com,Dunedin,NZ,13,2011-02-18,
3557,Andres,Thorne,andres.thorne3556@example.com,Hobart,AU,35,2020-12-16,
3558,Mateo,Cormack,mateo.cormack3557@example.com,Nantes,FR,2,2008-12-21,low
3559,Tarek,Shah,tarek.shah3558@example.com,Nantes,FR,9,2021-08-17,
3560,Alma,Castellanos,alma.castellanos3559@example.com,Tucson,US,17,2013-02-19,
3561,Iris,Moreau,iris.moreau3560@example.com,Toronto,CA,18,2022-10-18,low
3562,Jon,Adeyemi,jon.adeyemi3561@example.com,Uppsala,SE,11,2018-03-26,
3563,Marta,Voss,marta.voss3562@example.com,Norwich,GB,1,2012-02-06,
3564,Nora,Beaumont,nora.beaumont3563@example.com,Galway,IE,38,2012-07-09,
3565,Andres,Achebe,andres.achebe3564@example.com,Sheffield,GB,7,2022-06-07,
3566,Leila,Sorensen,leila.sorensen3565@example.com,Tampere,FI,24,2014-08-28,
3567,Delphine,Beaumont,delphine.beaumont3566@example.com,Columbus,US,1,2020-01-25,
3568,Ana,Marchetti,ana.marchetti3567@example.com,Toronto,CA,37,2015-03-07,
3569,Josefina,Mwangi,josefina.mwangi3568@example.com,Portland,US,3,2020-05-06,
3570,Priya,Ricci,priya.ricci3569@example.com,Halifax,CA,34,2018-09-23,
3571,Sara,Delgado,sara.delgado3570@example.com,Toronto,CA,23,2023-05-08,low
3572,Samir,Ricci,samir.ricci3571@example.com,Utrecht,NL,26,2013-06-20,
3573,Arjun,Rossi,arjun.rossi3572@example.com,Bologna,IT,27,2011-09-24,
3574,Arjun,Lund,arjun.lund3573@example.com,Utrecht,NL,28,2008-04-12,
3575,Ben,Ueda,ben.ueda3574@example.com,Valencia,ES,23,2020-03-05,
3576,Nadia,Brennan,nadia.brennan3575@example.com,Leipzig,DE,5,2018-09-13,medium
3577,Aoife,Diaz,aoife.diaz3576@example.com,Norwich,GB,7,2024-03-06,
3578,Hugo,Roy,hugo.roy3577@example.com,Perth,AU,18,2010-12-26,high
3579,Nell,Cormack,nell.cormack3578@example.com,Adelaide,AU,4,2015-04-09,
3580,Lena,Achebe,lena.achebe3579@example.com,Uppsala,SE,17,2010-10-13,
3581,Tom,Fischer,tom.fischer3580@example.com,Leipzig,DE,29,2024-09-06,low
3582,Nadia,Mwangi,nadia.mwangi3581@example.com,Montpellier,FR,6,2011-06-03,
3583,Iris,Roy,iris.roy3582@example.com,Norwich,GB,37,2020-02-19,
3584,Iris,Brennan,iris.brennan3583@example.com,Dunedin,NZ,1,2009-07-21,
3585,Sean,Whitfield,sean.whitfield3584@example.com,Adelaide,AU,37,2022-12-12,
3586,Tobias,Ferreira,tobias.ferreira3585@example.com,Raleigh,US,4,2020-06-03,
3587,Leila,Nyberg,leila.nyberg3586@example.com,Bologna,IT,36,2010-06-28,
3588,Arjun,Solberg,arjun.solberg3587@example.com,Toronto,CA,16,2017-06-21,
3589,Priya,Baptiste,priya.baptiste3588@example.com,Montpellier,FR,22,2017-10-28,medium
3590,Anton,Achebe,anton.achebe3589@example.com,Sheffield,GB,27,2022-09-28,medium
3591,Emeka,Fischer,emeka.fischer3590@example.com,Utrecht,NL,13,2013-01-19,
3592,Marta,Castellanos,marta.castellanos3591@example.com,Manchester,GB,19,2019-06-01,
3593,Rafael,Kaur,rafael.kaur3592@example.com,Aarhus,DK,5,2025-12-22,
3594,Amara,Sandoval,amara.sandoval3593@example.com,Adelaide,AU,7,2008-11-05,
3595,Tomas,Haddad,tomas.haddad3594@example.com,Victoria,CA,33,2025-12-14,
3596,Iris,Rossi,iris.rossi3595@example.com,Hobart,AU,15,2013-02-17,
3597,Elena,Thorne,elena.thorne3596@example.com,Halifax,CA,30,2018-03-08,medium
3598,Aoife,Renard,aoife.renard3597@example.com,Toronto,CA,10,2018-08-08,
3599,Iris,Okafor,iris.okafor3598@example.com,Tampere,FI,12,2025-10-26,high
3600,Fatima,Beaumont,fatima.beaumont3599@example.com,Tampere,FI,38,2010-03-15,low
3601,Josefina,Petrov,josefina.petrov3600@example.com,Victoria,CA,32,2024-01-23,
3602,Mateo,Rahman,mateo.rahman3601@example.com,Cork,IE,10,2024-11-25,
3603,Camille,Vogt,camille.vogt3602@example.com,Valencia,ES,21,2015-12-02,
3604,Lars,Silva,lars.silva3603@example.com,Raleigh,US,38,2008-11-10,
3605,Ravi,Tan,ravi.tan3604@example.com,Porto,PT,3,2008-11-01,low
3606,Greta,Fischer,greta.fischer3605@example.com,Utrecht,NL,11,2020-04-25,
3607,Tarek,Vance,tarek.vance3606@example.com,Hobart,AU,4,2024-04-06,medium
3608,Ciara,Sorensen,ciara.sorensen3607@example.com,Tampere,FI,15,2021-12-15,high
3609,Eli,Kaur,eli.kaur3608@example.com,Galway,IE,21,2019-09-14,
3610,Ingrid,Roy,ingrid.roy3609@example.com,Denver,US,31,2008-05-14,low
3611,Marta,Mensah,marta.mensah3610@example.com,Dunedin,NZ,12,2024-08-24,
3612,Amara,Kaur,amara.kaur3611@example.com,Norwich,GB,17,2019-05-13,high
3613,Fatima,Mwangi,fatima.mwangi3612@example.com,Manchester,GB,13,2009-04-18,medium
3614,Omar,Bergstrom,omar.bergstrom3613@example.com,Bologna,IT,12,2014-05-02,
3615,Jon,Vogt,jon.vogt3614@example.com,Nantes,FR,5,2010-08-03,
3616,Tomas,Baptiste,tomas.baptiste3615@example.com,Victoria,CA,5,2017-10-20,low
3617,Maya,Moreau,maya.moreau3616@example.com,Tampere,FI,15,2023-02-06,medium
3618,Ben,Delgado,ben.delgado3617@example.com,Portland,US,34,2014-04-28,
3619,Mateo,Cormack,mateo.cormack3618@example.com,Groningen,NL,35,2020-03-07,
3620,Iris,Brennan,iris.brennan3619@example.com,Ljubljana,SI,8,2009-03-19,medium
3621,Delphine,Lund,delphine.lund3620@example.com,Aarhus,DK,37,2010-11-01,
3622,Camille,Shah,camille.shah3621@example.com,Groningen,NL,20,2010-02-28,
3623,Yuki,Farrow,yuki.farrow3622@example.com,Raleigh,US,19,2023-08-11,low
3624,Idris,Novak,idris.novak3623@example.com,Montpellier,FR,5,2010-11-23,medium
3625,Sara,Bergstrom,sara.bergstrom3624@example.com,Austin,US,5,2008-11-01,
3626,Viktor,Sandoval,viktor.sandoval3625@example.com,Manchester,GB,34,2015-05-01,low
3627,Bianca,Solberg,bianca.solberg3626@example.com,Galway,IE,13,2019-11-02,
3628,Malik,Fischer,malik.fischer3627@example.com,Portland,US,19,2015-01-27,low
3629,Leila,Ueda,leila.ueda3628@example.com,Dunedin,NZ,28,2017-01-03,low
3630,Nora,Ueda,nora.ueda3629@example.com,Groningen,NL,28,2022-06-14,
3631,Rosa,Beaumont,rosa.beaumont3630@example.com,Bristol,GB,20,2023-07-26,
3632,Idris,Sandoval,idris.sandoval3631@example.com,Halifax,CA,16,2017-02-15,high
3633,Tobias,Baptiste,tobias.baptiste3632@example.com,Uppsala,SE,19,2022-09-17,
3634,Marta,Ellery,marta.ellery3633@example.com,Tucson,US,2,2011-04-23,
3635,Claire,Whitfield,claire.whitfield3634@example.com,Auckland,NZ,18,2009-10-16,
3636,Andres,Iqbal,andres.iqbal3635@example.com,Tampere,FI,21,2012-09-02,high
3637,Sara,Marchetti,sara.marchetti3636@example.com,Porto,PT,37,2009-12-19,
3638,Andres,Baptiste,andres.baptiste3637@example.com,Tucson,US,36,2014-07-27,
3639,Ben,Nair,ben.nair3638@example.com,Sheffield,GB,18,2021-11-05,
3640,Yuki,Renard,yuki.renard3639@example.com,Tampere,FI,2,2010-04-21,
3641,Wren,Delgado,wren.delgado3640@example.com,Halifax,CA,30,2011-03-24,
3642,Rafael,Cormack,rafael.cormack3641@example.com,Perth,AU,26,2022-05-05,
3643,Malik,Cole,malik.cole3642@example.com,Tampere,FI,6,2010-12-15,
3644,Zara,Abbott,zara.abbott3643@example.com,Tucson,US,11,2011-02-19,
3645,Ciara,Marchetti,ciara.marchetti3644@example.com,Galway,IE,25,2018-08-02,low
3646,Felix,Kowalski,felix.kowalski3645@example.com,Cork,IE,40,2009-10-12,high
3647,Tomas,Mwangi,tomas.mwangi3646@example.com,Uppsala,SE,9,2013-11-26,
3648,Alma,Farrow,alma.farrow3647@example.com,Sheffield,GB,21,2015-04-23,medium
3649,Aoife,Cormack,aoife.cormack3648@example.com,Bologna,IT,23,2010-06-04,
3650,Lena,Bergstrom,lena.bergstrom3649@example.com,Bristol,GB,29,2015-12-09,
3651,Yuki,Brennan,yuki.brennan3650@example.com,Nantes,FR,17,2025-02-06,medium
3652,Sean,Wexler,sean.wexler3651@example.com,Tucson,US,12,2015-04-15,
3653,Omar,Hale,omar.hale3652@example.com,Leipzig,DE,39,2024-07-15,
3654,Tom,Mensah,tom.mensah3653@example.com,Tampere,FI,7,2022-03-20,
3655,Delphine,Nair,delphine.nair3654@example.com,Bologna,IT,16,2022-03-16,medium
3656,Samir,Larsen,samir.larsen3655@example.com,Columbus,US,15,2013-09-27,low
3657,Leila,Larsen,leila.larsen3656@example.com,Denver,US,7,2010-05-19,low
3658,Nell,Ricci,nell.ricci3657@example.com,Freiburg,DE,23,2013-06-25,
3659,Sara,Quinn,sara.quinn3658@example.com,Groningen,NL,4,2009-04-25,
3660,Iris,Mensah,iris.mensah3659@example.com,Denver,US,7,2010-07-12,low
3661,Delphine,Zamora,delphine.zamora3660@example.com,Montpellier,FR,13,2017-02-23,
3662,Signe,Park,signe.park3661@example.com,Portland,US,40,2014-07-01,
3663,Nell,Solberg,nell.solberg3662@example.com,Freiburg,DE,40,2015-01-05,
3664,Ciara,Ueda,ciara.ueda3663@example.com,Auckland,NZ,6,2024-01-20,
3665,Maya,Abbott,maya.abbott3664@example.com,Bristol,GB,30,2010-11-27,low
3666,Aoife,Thorne,aoife.thorne3665@example.com,Manchester,GB,9,2025-05-06,
3667,Mateo,Delgado,mateo.delgado3666@example.com,Norwich,GB,37,2009-07-08,
3668,Jonas,Roy,jonas.roy3667@example.com,Utrecht,NL,13,2023-05-24,
3669,Camille,Sandoval,camille.sandoval3668@example.com,Tucson,US,1,2011-10-22,
3670,Arjun,Nair,arjun.nair3669@example.com,Freiburg,DE,37,2017-05-21,
3671,Eli,Mensah,eli.mensah3670@example.com,Utrecht,NL,19,2013-11-12,
3672,Nell,Okafor,nell.okafor3671@example.com,Adelaide,AU,19,2023-08-07,
3673,Fatima,Cole,fatima.cole3672@example.com,Columbus,US,12,2023-11-01,
3674,Ciara,Ueda,ciara.ueda3673@example.com,Auckland,NZ,36,2013-01-21,
3675,Jonas,Tan,jonas.tan3674@example.com,Toronto,CA,23,2018-02-12,
3676,Marta,Shah,marta.shah3675@example.com,Raleigh,US,12,2008-10-23,low
3677,Nell,Renard,nell.renard3676@example.com,Bergen,NO,35,2019-04-03,
3678,Hugo,Marchetti,hugo.marchetti3677@example.com,Montpellier,FR,26,2014-06-23,
3679,Raj,Osei,raj.osei3678@example.com,Tampere,FI,3,2019-10-01,
3680,Omar,Halloran,omar.halloran3679@example.com,Perth,AU,9,2010-05-11,
3681,Kiran,Castellanos,kiran.castellanos3680@example.com,Porto,PT,4,2008-05-02,medium
3682,Yuki,Zamora,yuki.zamora3681@example.com,Leipzig,DE,39,2019-11-15,
3683,Felix,Achebe,felix.achebe3682@example.com,Adelaide,AU,22,2013-06-11,low
3684,Nora,Cormack,nora.cormack3683@example.com,Utrecht,NL,29,2013-07-27,
3685,Lars,Silva,lars.silva3684@example.com,Hobart,AU,11,2009-10-09,
3686,Arjun,Cormack,arjun.cormack3685@example.com,Utrecht,NL,3,2025-03-12,
3687,Maya,Osei,maya.osei3686@example.com,Cork,IE,25,2008-04-09,
3688,Jonas,Thorne,jonas.thorne3687@example.com,Hobart,AU,21,2014-12-08,
3689,Bianca,Quinn,bianca.quinn3688@example.com,Dunedin,NZ,37,2011-03-22,
3690,Omar,Ricci,omar.ricci3689@example.com,Austin,US,9,2023-01-18,
3691,Nell,Castellanos,nell.castellanos3690@example.com,Leipzig,DE,14,2015-03-27,
3692,Sara,Zamora,sara.zamora3691@example.com,Norwich,GB,8,2018-12-19,
3693,Omar,Renard,omar.renard3692@example.com,Bristol,GB,12,2023-01-14,low
3694,Maya,Ibrahim,maya.ibrahim3693@example.com,Sheffield,GB,6,2012-05-23,
3695,Lars,Achebe,lars.achebe3694@example.com,Hobart,AU,13,2025-10-21,
3696,Amara,Renard,amara.renard3695@example.com,Tucson,US,20,2010-02-17,
3697,Kofi,Marchetti,kofi.marchetti3696@example.com,Norwich,GB,26,2021-04-22,
3698,Nell,Fischer,nell.fischer3697@example.com,Aarhus,DK,15,2016-01-12,
3699,Lars,Iqbal,lars.iqbal3698@example.com,Uppsala,SE,26,2019-05-02,
3700,Leila,Roy,leila.roy3699@example.com,Porto,PT,33,2009-02-24,
3701,Marta,Solberg,marta.solberg3700@example.com,Columbus,US,4,2015-02-18,
3702,Andres,Delgado,andres.delgado3701@example.com,Bristol,GB,28,2017-03-22,
3703,Rafael,Mwangi,rafael.mwangi3702@example.com,Victoria,CA,18,2025-08-25,medium
3704,Tom,Sandoval,tom.sandoval3703@example.com,Galway,IE,28,2010-06-23,
3705,Signe,Beaumont,signe.beaumont3704@example.com,Ljubljana,SI,7,2010-01-10,low
3706,Zara,Lund,zara.lund3705@example.com,Valencia,ES,18,2010-01-07,low
3707,Ravi,Vance,ravi.vance3706@example.com,Leipzig,DE,4,2008-12-21,medium
3708,Delphine,Abbott,delphine.abbott3707@example.com,Groningen,NL,12,2016-08-22,
3709,Nadia,Ashworth,nadia.ashworth3708@example.com,Tampere,FI,20,2025-05-26,low
3710,Ben,Ricci,ben.ricci3709@example.com,Dunedin,NZ,18,2013-07-12,
3711,Noel,Tan,noel.tan3710@example.com,Austin,US,13,2015-12-19,
3712,Alma,Larsen,alma.larsen3711@example.com,Leipzig,DE,34,2013-09-24,
3713,Sofia,Thorne,sofia.thorne3712@example.com,Freiburg,DE,15,2016-08-24,
3714,Malik,Renard,malik.renard3713@example.com,Perth,AU,33,2008-05-16,low
3715,Sean,Wexler,sean.wexler3714@example.com,Portland,US,33,2016-09-09,low
3716,Malik,Osei,malik.osei3715@example.com,Dunedin,NZ,15,2012-02-02,
3717,Omar,Silva,omar.silva3716@example.com,Leipzig,DE,6,2013-01-02,
3718,Arjun,Abbott,arjun.abbott3717@example.com,Cork,IE,10,2020-01-09,medium
3719,Signe,Bergstrom,signe.bergstrom3718@example.com,Groningen,NL,38,2020-09-06,medium
3720,Nadia,Fischer,nadia.fischer3719@example.com,Valencia,ES,39,2013-10-19,
3721,Raj,Quinn,raj.quinn3720@example.com,Denver,US,17,2017-01-18,low
3722,Andres,Bauer,andres.bauer3721@example.com,Porto,PT,40,2008-10-20,
3723,Ingrid,Farrow,ingrid.farrow3722@example.com,Montpellier,FR,10,2013-03-08,low
3724,Elena,Kaur,elena.kaur3723@example.com,Cork,IE,22,2022-01-25,
3725,Ingrid,Beaumont,ingrid.beaumont3724@example.com,Nantes,FR,39,2015-09-11,
3726,Josefina,Larsen,josefina.larsen3725@example.com,Tampere,FI,11,2013-06-24,
3727,Mateo,Park,mateo.park3726@example.com,Denver,US,38,2024-08-10,medium
3728,Zara,Abbott,zara.abbott3727@example.com,Valencia,ES,40,2012-01-12,
3729,Kofi,Bergstrom,kofi.bergstrom3728@example.com,Tampere,FI,13,2019-12-08,low
3730,Jonas,Farrow,jonas.farrow3729@example.com,Halifax,CA,4,2014-08-15,
3731,Arjun,Vogt,arjun.vogt3730@example.com,Victoria,CA,30,2020-04-17,
3732,Amara,Mensah,amara.mensah3731@example.com,Portland,US,40,2010-08-24,
3733,Felix,Rahman,felix.rahman3732@example.com,Denver,US,32,2025-12-09,
3734,Felix,Kirby,felix.kirby3733@example.com,Bergen,NO,7,2015-11-04,
3735,Raj,Rahman,raj.rahman3734@example.com,Toronto,CA,30,2024-05-10,low
3736,Kofi,Marchetti,kofi.marchetti3735@example.com,Toronto,CA,21,2013-11-19,
3737,Hugo,Lund,hugo.lund3736@example.com,Denver,US,24,2011-07-23,
3738,Sean,Sandoval,sean.sandoval3737@example.com,Bologna,IT,36,2015-12-17,
3739,Zara,Solberg,zara.solberg3738@example.com,Perth,AU,34,2018-08-22,
3740,Andres,Wexler,andres.wexler3739@example.com,Bologna,IT,29,2011-11-27,
3741,Iris,Mwangi,iris.mwangi3740@example.com,Raleigh,US,31,2018-11-20,
3742,Zara,Abbott,zara.abbott3741@example.com,Columbus,US,34,2012-02-21,
3743,Iris,Nair,iris.nair3742@example.com,Leipzig,DE,4,2010-08-24,
3744,Lena,Mensah,lena.mensah3743@example.com,Sheffield,GB,22,2009-12-20,
3745,Yuki,Sorensen,yuki.sorensen3744@example.com,Auckland,NZ,32,2021-04-01,
3746,Amara,Iqbal,amara.iqbal3745@example.com,Raleigh,US,18,2019-05-25,
3747,Arjun,Thorne,arjun.thorne3746@example.com,Bristol,GB,1,2011-05-13,
3748,Jon,Kowalski,jon.kowalski3747@example.com,Bologna,IT,19,2012-05-19,
3749,Esme,Nyberg,esme.nyberg3748@example.com,Victoria,CA,1,2019-01-27,
3750,Ravi,Zamora,ravi.zamora3749@example.com,Aarhus,DK,28,2008-09-02,
3751,Maya,Solberg,maya.solberg3750@example.com,Toronto,CA,6,2009-06-14,
3752,Ciara,Fischer,ciara.fischer3751@example.com,Raleigh,US,2,2010-11-26,
3753,Amara,Nair,amara.nair3752@example.com,Norwich,GB,37,2025-02-23,
3754,Zara,Lund,zara.lund3753@example.com,Valencia,ES,39,2012-07-01,
3755,Camille,Hale,camille.hale3754@example.com,Austin,US,16,2024-02-28,
3756,Yuki,Quinn,yuki.quinn3755@example.com,Sheffield,GB,39,2016-09-17,
3757,Nora,Nair,nora.nair3756@example.com,Sheffield,GB,1,2025-03-05,high
3758,Amara,Voss,amara.voss3757@example.com,Adelaide,AU,9,2022-02-21,low
3759,Eli,Diaz,eli.diaz3758@example.com,Nantes,FR,17,2023-03-10,
3760,Ravi,Solberg,ravi.solberg3759@example.com,Toronto,CA,16,2011-03-11,
3761,Andres,Solberg,andres.solberg3760@example.com,Porto,PT,6,2016-12-01,
3762,Marta,Ashworth,marta.ashworth3761@example.com,Freiburg,DE,40,2022-12-22,low
3763,Zara,Ashworth,zara.ashworth3762@example.com,Freiburg,DE,26,2020-04-26,
3764,Greta,Okafor,greta.okafor3763@example.com,Leipzig,DE,36,2014-04-25,
3765,Kwame,Nakamura,kwame.nakamura3764@example.com,Denver,US,24,2015-03-24,
3766,Ciara,Bergstrom,ciara.bergstrom3765@example.com,Ljubljana,SI,4,2008-03-17,medium
3767,Kofi,Iqbal,kofi.iqbal3766@example.com,Tampere,FI,11,2020-01-02,
3768,Claire,Achebe,claire.achebe3767@example.com,Auckland,NZ,18,2022-10-04,
3769,Iris,Kowalski,iris.kowalski3768@example.com,Victoria,CA,17,2009-05-16,
3770,Sara,Nyberg,sara.nyberg3769@example.com,Perth,AU,18,2010-01-01,
3771,Amara,Shah,amara.shah3770@example.com,Toronto,CA,37,2010-12-21,
3772,Felix,Quinn,felix.quinn3771@example.com,Tampere,FI,21,2008-06-03,
3773,Sara,Bergstrom,sara.bergstrom3772@example.com,Austin,US,33,2023-06-15,
3774,Ingrid,Ferreira,ingrid.ferreira3773@example.com,Bologna,IT,18,2011-05-21,
3775,Jonas,Ueda,jonas.ueda3774@example.com,Tampere,FI,33,2015-12-13,
3776,Hugo,Lindqvist,hugo.lindqvist3775@example.com,Columbus,US,33,2021-06-19,
3777,Nora,Nair,nora.nair3776@example.com,Norwich,GB,1,2020-10-12,
3778,Iris,Baptiste,iris.baptiste3777@example.com,Austin,US,20,2008-06-28,low
3779,Emeka,Sandoval,emeka.sandoval3778@example.com,Austin,US,30,2013-09-28,
3780,Iris,Quinn,iris.quinn3779@example.com,Montpellier,FR,33,2025-05-04,low
3781,Ciara,Lund,ciara.lund3780@example.com,Freiburg,DE,36,2012-05-12,
3782,Emeka,Castellanos,emeka.castellanos3781@example.com,Denver,US,31,2025-04-16,
3783,Sofia,Lindqvist,sofia.lindqvist3782@example.com,Auckland,NZ,39,2023-05-12,low
3784,Leila,Lindqvist,leila.lindqvist3783@example.com,Bergen,NO,22,2016-04-21,
3785,Dmitri,Baptiste,dmitri.baptiste3784@example.com,Toronto,CA,13,2017-01-27,
3786,Josefina,Baptiste,josefina.baptiste3785@example.com,Portland,US,29,2011-08-15,
3787,Claire,Delgado,claire.delgado3786@example.com,Sheffield,GB,9,2016-06-07,
3788,Nora,Ibrahim,nora.ibrahim3787@example.com,Perth,AU,34,2021-01-02,
3789,Maya,Larsen,maya.larsen3788@example.com,Halifax,CA,27,2015-11-13,low
3790,Solveig,Cormack,solveig.cormack3789@example.com,Columbus,US,39,2008-10-22,
3791,Hugo,Haddad,hugo.haddad3790@example.com,Tucson,US,19,2022-10-20,
3792,Dmitri,Moreau,dmitri.moreau3791@example.com,Bristol,GB,38,2022-04-05,low
3793,Idris,Lindqvist,idris.lindqvist3792@example.com,Utrecht,NL,13,2009-11-06,
3794,Ben,Bergstrom,ben.bergstrom3793@example.com,Utrecht,NL,20,2010-10-25,
3795,Zara,Bergstrom,zara.bergstrom3794@example.com,Manchester,GB,3,2021-10-15,
3796,Kofi,Roy,kofi.roy3795@example.com,Nantes,FR,3,2011-01-24,
3797,Felix,Rossi,felix.rossi3796@example.com,Manchester,GB,4,2024-05-28,medium
3798,Alma,Vogt,alma.vogt3797@example.com,Aarhus,DK,29,2016-04-28,
3799,Elena,Mwangi,elena.mwangi3798@example.com,Cork,IE,30,2014-11-24,
3800,Lena,Halloran,lena.halloran3799@example.com,Austin,US,1,2017-10-05,
3801,Idris,Quinn,idris.quinn3800@example.com,Freiburg,DE,10,2022-04-14,
3802,Amara,Haddad,amara.haddad3801@example.com,Denver,US,7,2020-02-16,
3803,Alma,Silva,alma.silva3802@example.com,Cork,IE,2,2018-12-18,medium
3804,Anton,Ricci,anton.ricci3803@example.com,Groningen,NL,27,2009-10-09,low
3805,Dmitri,Voss,dmitri.voss3804@example.com,Sheffield,GB,3,2009-03-13,low
3806,Marta,Sandoval,marta.sandoval3805@example.com,Ljubljana,SI,38,2015-12-14,medium
3807,Dmitri,Roy,dmitri.roy3806@example.com,Norwich,GB,38,2021-04-05,low
3808,Greta,Novak,greta.novak3807@example.com,Leipzig,DE,16,2025-07-06,
3809,Ben,Sorensen,ben.sorensen3808@example.com,Toronto,CA,35,2020-01-11,
3810,Sean,Fischer,sean.fischer3809@example.com,Leipzig,DE,3,2013-09-01,
3811,Ciara,Baptiste,ciara.baptiste3810@example.com,Porto,PT,40,2016-01-22,
3812,Alma,Lindqvist,alma.lindqvist3811@example.com,Freiburg,DE,34,2013-01-13,
3813,Esme,Farrow,esme.farrow3812@example.com,Denver,US,20,2022-03-23,high
3814,Bianca,Kaur,bianca.kaur3813@example.com,Victoria,CA,13,2021-11-24,low
3815,Amara,Cormack,amara.cormack3814@example.com,Manchester,GB,36,2018-04-16,medium
3816,Ben,Baptiste,ben.baptiste3815@example.com,Ljubljana,SI,14,2011-10-16,low
3817,Claire,Delgado,claire.delgado3816@example.com,Portland,US,6,2019-08-22,
3818,Arjun,Lund,arjun.lund3817@example.com,Raleigh,US,13,2024-12-09,high
3819,Tom,Thorne,tom.thorne3818@example.com,Hobart,AU,27,2010-03-07,low
3820,Zara,Ricci,zara.ricci3819@example.com,Sheffield,GB,29,2009-08-12,
3821,Rosa,Vance,rosa.vance3820@example.com,Bologna,IT,27,2019-09-13,
3822,Nell,Vogt,nell.vogt3821@example.com,Nantes,FR,20,2016-12-02,
3823,Malik,Lund,malik.lund3822@example.com,Victoria,CA,14,2024-02-09,
3824,Delphine,Bergstrom,delphine.bergstrom3823@example.com,Manchester,GB,20,2011-09-03,
3825,Viktor,Zamora,viktor.zamora3824@example.com,Columbus,US,5,2012-02-01,
3826,Nell,Rahman,nell.rahman3825@example.com,Toronto,CA,17,2017-05-21,
3827,Tomas,Brennan,tomas.brennan3826@example.com,Columbus,US,4,2009-10-23,
3828,Yuki,Kaur,yuki.kaur3827@example.com,Galway,IE,1,2019-02-25,low
3829,Maya,Osei,maya.osei3828@example.com,Norwich,GB,3,2017-06-04,medium
3830,Zara,Beaumont,zara.beaumont3829@example.com,Utrecht,NL,23,2017-12-04,
3831,Viktor,Tan,viktor.tan3830@example.com,Sheffield,GB,1,2014-11-09,
3832,Idris,Wexler,idris.wexler3831@example.com,Freiburg,DE,27,2009-03-09,
3833,Nora,Dubois,nora.dubois3832@example.com,Halifax,CA,9,2023-07-03,
3834,Andres,Osei,andres.osei3833@example.com,Porto,PT,25,2020-12-15,
3835,Jon,Vance,jon.vance3834@example.com,Auckland,NZ,9,2012-09-23,
3836,Marta,Ellery,marta.ellery3835@example.com,Valencia,ES,1,2016-05-15,medium
3837,Bruno,Ueda,bruno.ueda3836@example.com,Aarhus,DK,24,2018-12-06,
3838,Zara,Brennan,zara.brennan3837@example.com,Manchester,GB,13,2011-11-08,low
3839,Priya,Ashworth,priya.ashworth3838@example.com,Aarhus,DK,35,2025-09-28,
3840,Samir,Frost,samir.frost3839@example.com,Adelaide,AU,7,2025-09-04,low
3841,Andres,Abbott,andres.abbott3840@example.com,Leipzig,DE,29,2018-11-20,low
3842,Fatima,Mensah,fatima.mensah3841@example.com,Sheffield,GB,35,2017-09-19,
3843,Lars,Novak,lars.novak3842@example.com,Montpellier,FR,29,2018-10-11,
3844,Amara,Ricci,amara.ricci3843@example.com,Cork,IE,9,2023-01-10,
3845,Ravi,Thorne,ravi.thorne3844@example.com,Sheffield,GB,18,2014-02-06,
3846,Mateo,Dubois,mateo.dubois3845@example.com,Uppsala,SE,2,2013-02-22,medium
3847,Viktor,Nyberg,viktor.nyberg3846@example.com,Toronto,CA,19,2009-10-18,low
3848,Nadia,Fischer,nadia.fischer3847@example.com,Denver,US,19,2015-10-02,high
3849,Sofia,Frost,sofia.frost3848@example.com,Porto,PT,31,2009-08-22,low
3850,Kiran,Beaumont,kiran.beaumont3849@example.com,Ljubljana,SI,20,2010-12-11,
3851,Mateo,Ashworth,mateo.ashworth3850@example.com,Manchester,GB,16,2008-09-10,
3852,Greta,Novak,greta.novak3851@example.com,Victoria,CA,17,2022-03-08,
3853,Sofia,Okafor,sofia.okafor3852@example.com,Aarhus,DK,12,2017-10-13,
3854,Elena,Novak,elena.novak3853@example.com,Auckland,NZ,16,2015-10-10,
3855,Yuki,Solberg,yuki.solberg3854@example.com,Manchester,GB,14,2017-11-10,
3856,Ingrid,Ricci,ingrid.ricci3855@example.com,Austin,US,16,2024-06-18,
3857,Hana,Okafor,hana.okafor3856@example.com,Sheffield,GB,39,2016-08-21,
3858,Noel,Kaur,noel.kaur3857@example.com,Bergen,NO,17,2025-06-06,low
3859,Sara,Okafor,sara.okafor3858@example.com,Uppsala,SE,9,2008-02-24,
3860,Idris,Dubois,idris.dubois3859@example.com,Hobart,AU,11,2022-01-08,
3861,Anton,Wexler,anton.wexler3860@example.com,Norwich,GB,14,2023-01-08,
3862,Ben,Ferreira,ben.ferreira3861@example.com,Aarhus,DK,40,2024-10-28,low
3863,Emeka,Halloran,emeka.halloran3862@example.com,Dunedin,NZ,39,2016-06-07,
3864,Nell,Novak,nell.novak3863@example.com,Leipzig,DE,25,2023-11-02,
3865,Ben,Larsen,ben.larsen3864@example.com,Freiburg,DE,2,2009-11-19,medium
3866,Emeka,Kowalski,emeka.kowalski3865@example.com,Halifax,CA,16,2011-04-18,
3867,Greta,Nyberg,greta.nyberg3866@example.com,Columbus,US,26,2018-04-07,medium
3868,Viktor,Ibrahim,viktor.ibrahim3867@example.com,Freiburg,DE,34,2011-06-26,
3869,Emeka,Cormack,emeka.cormack3868@example.com,Bologna,IT,33,2020-11-24,
3870,Idris,Dubois,idris.dubois3869@example.com,Montpellier,FR,1,2015-02-22,medium
3871,Fatima,Rossi,fatima.rossi3870@example.com,Victoria,CA,21,2008-08-04,
3872,Claire,Bergstrom,claire.bergstrom3871@example.com,Perth,AU,26,2011-01-22,
3873,Bianca,Achebe,bianca.achebe3872@example.com,Denver,US,2,2023-11-15,
3874,Fatima,Ricci,fatima.ricci3873@example.com,Adelaide,AU,14,2016-12-09,
3875,Lars,Rossi,lars.rossi3874@example.com,Uppsala,SE,19,2019-08-28,high
3876,Leila,Ricci,leila.ricci3875@example.com,Bologna,IT,18,2013-09-27,
3877,Arjun,Nakamura,arjun.nakamura3876@example.com,Bologna,IT,23,2023-04-03,
3878,Rafael,Hale,rafael.hale3877@example.com,Norwich,GB,13,2016-01-26,low
3879,Andres,Solberg,andres.solberg3878@example.com,Leipzig,DE,3,2018-03-02,
3880,Dmitri,Petrov,dmitri.petrov3879@example.com,Porto,PT,3,2009-01-28,
3881,Hugo,Larsen,hugo.larsen3880@example.com,Perth,AU,13,2019-08-02,low
3882,Samir,Achebe,samir.achebe3881@example.com,Cork,IE,20,2010-04-05,
3883,Felix,Thorne,felix.thorne3882@example.com,Toronto,CA,39,2020-05-05,
3884,Mateo,Renard,mateo.renard3883@example.com,Ljubljana,SI,21,2011-08-04,
3885,Solveig,Diaz,solveig.diaz3884@example.com,Tucson,US,31,2010-10-24,high
3886,Aoife,Mensah,aoife.mensah3885@example.com,Galway,IE,38,2013-10-12,
3887,Rafael,Lindqvist,rafael.lindqvist3886@example.com,Hobart,AU,18,2016-08-09,low
3888,Aoife,Osei,aoife.osei3887@example.com,Victoria,CA,33,2017-06-25,
3889,Hugo,Osei,hugo.osei3888@example.com,Aarhus,DK,24,2009-12-08,
3890,Yuki,Fischer,yuki.fischer3889@example.com,Montpellier,FR,26,2013-03-12,
3891,Jonas,Roy,jonas.roy3890@example.com,Victoria,CA,13,2014-04-13,
3892,Amara,Achebe,amara.achebe3891@example.com,Groningen,NL,36,2010-07-19,
3893,Camille,Bergstrom,camille.bergstrom3892@example.com,Ljubljana,SI,32,2023-08-26,medium
3894,Raj,Kaur,raj.kaur3893@example.com,Cork,IE,31,2024-04-12,medium
3895,Kiran,Sandoval,kiran.sandoval3894@example.com,Ljubljana,SI,8,2023-02-20,
3896,Josefina,Novak,josefina.novak3895@example.com,Austin,US,18,2025-02-09,
3897,Idris,Ellery,idris.ellery3896@example.com,Freiburg,DE,12,2021-12-13,
3898,Josefina,Sorensen,josefina.sorensen3897@example.com,Columbus,US,33,2011-05-02,
3899,Malik,Fischer,malik.fischer3898@example.com,Adelaide,AU,36,2019-11-04,
3900,Iris,Lund,iris.lund3899@example.com,Hobart,AU,2,2017-04-11,
3901,Maya,Ueda,maya.ueda3900@example.com,Groningen,NL,19,2009-04-03,
3902,Tarek,Rahman,tarek.rahman3901@example.com,Toronto,CA,33,2011-08-12,
3903,Camille,Lund,camille.lund3902@example.com,Dunedin,NZ,34,2022-04-23,
3904,Maya,Quinn,maya.quinn3903@example.com,Halifax,CA,21,2020-09-28,
3905,Amara,Moreau,amara.moreau3904@example.com,Uppsala,SE,17,2010-04-27,
3906,Tobias,Brennan,tobias.brennan3905@example.com,Halifax,CA,28,2009-03-12,
3907,Tarek,Kaur,tarek.kaur3906@example.com,Montpellier,FR,19,2020-09-22,
3908,Omar,Kirby,omar.kirby3907@example.com,Ljubljana,SI,35,2009-11-02,low
3909,Idris,Kirby,idris.kirby3908@example.com,Porto,PT,23,2011-01-14,
3910,Zara,Silva,zara.silva3909@example.com,Cork,IE,19,2025-06-26,
3911,Emeka,Marchetti,emeka.marchetti3910@example.com,Perth,AU,6,2023-02-08,
3912,Tom,Solberg,tom.solberg3911@example.com,Hobart,AU,33,2011-04-11,medium
3913,Delphine,Renard,delphine.renard3912@example.com,Porto,PT,29,2019-04-08,
3914,Omar,Achebe,omar.achebe3913@example.com,Auckland,NZ,18,2008-09-10,
3915,Jon,Ibrahim,jon.ibrahim3914@example.com,Galway,IE,25,2025-03-15,low
3916,Pieter,Cormack,pieter.cormack3915@example.com,Utrecht,NL,39,2013-07-19,
3917,Ingrid,Lund,ingrid.lund3916@example.com,Uppsala,SE,9,2022-01-09,
3918,Sara,Nakamura,sara.nakamura3917@example.com,Victoria,CA,4,2013-02-21,low
3919,Elena,Fischer,elena.fischer3918@example.com,Dunedin,NZ,14,2014-11-10,medium
3920,Yuki,Cole,yuki.cole3919@example.com,Tampere,FI,17,2013-07-20,low
3921,Kofi,Renard,kofi.renard3920@example.com,Valencia,ES,1,2020-08-10,
3922,Ingrid,Whitfield,ingrid.whitfield3921@example.com,Tampere,FI,38,2018-07-07,
3923,Ben,Novak,ben.novak3922@example.com,Auckland,NZ,40,2023-02-28,
3924,Andres,Ricci,andres.ricci3923@example.com,Nantes,FR,10,2021-02-17,
3925,Nell,Reed,nell.reed3924@example.com,Manchester,GB,32,2018-11-04,
3926,Greta,Lund,greta.lund3925@example.com,Portland,US,29,2013-07-07,
3927,Lars,Frost,lars.frost3926@example.com,Bergen,NO,32,2013-04-10,
3928,Kwame,Novak,kwame.novak3927@example.com,Denver,US,12,2025-02-15,
3929,Tobias,Quinn,tobias.quinn3928@example.com,Toronto,CA,21,2022-10-25,
3930,Delphine,Rossi,delphine.rossi3929@example.com,Tucson,US,29,2016-10-26,medium
3931,Felix,Fischer,felix.fischer3930@example.com,Freiburg,DE,14,2020-05-14,
3932,Noel,Kaur,noel.kaur3931@example.com,Aarhus,DK,22,2009-04-12,low
3933,Omar,Whitfield,omar.whitfield3932@example.com,Bologna,IT,30,2018-09-05,
3934,Tarek,Ashworth,tarek.ashworth3933@example.com,Hobart,AU,36,2022-08-15,low
3935,Raj,Sandoval,raj.sandoval3934@example.com,Aarhus,DK,1,2010-04-25,
3936,Rosa,Sorensen,rosa.sorensen3935@example.com,Aarhus,DK,20,2011-09-12,
3937,Maya,Delgado,maya.delgado3936@example.com,Norwich,GB,33,2011-11-16,
3938,Tarek,Sorensen,tarek.sorensen3937@example.com,Dunedin,NZ,17,2016-11-19,
3939,Leila,Bergstrom,leila.bergstrom3938@example.com,Victoria,CA,21,2019-11-22,
3940,Tom,Diaz,tom.diaz3939@example.com,Columbus,US,34,2008-08-03,
3941,Malik,Iqbal,malik.iqbal3940@example.com,Tucson,US,35,2009-06-18,
3942,Viktor,Vogt,viktor.vogt3941@example.com,Portland,US,6,2013-01-14,
3943,Kwame,Whitfield,kwame.whitfield3942@example.com,Ljubljana,SI,17,2014-10-06,
3944,Sean,Wexler,sean.wexler3943@example.com,Montpellier,FR,30,2014-09-10,
3945,Lena,Kirby,lena.kirby3944@example.com,Groningen,NL,11,2023-12-15,
3946,Josefina,Fischer,josefina.fischer3945@example.com,Nantes,FR,21,2010-04-21,
3947,Noel,Farrow,noel.farrow3946@example.com,Leipzig,DE,14,2019-04-14,medium
3948,Marta,Kowalski,marta.kowalski3947@example.com,Victoria,CA,15,2021-05-18,
3949,Rafael,Ibrahim,rafael.ibrahim3948@example.com,Cork,IE,21,2015-11-26,high
3950,Priya,Tan,priya.tan3949@example.com,Auckland,NZ,27,2017-12-12,
3951,Tobias,Delgado,tobias.delgado3950@example.com,Montpellier,FR,26,2016-02-02,
3952,Malik,Tan,malik.tan3951@example.com,Halifax,CA,12,2015-01-21,
3953,Tobias,Ashworth,tobias.ashworth3952@example.com,Manchester,GB,36,2014-08-27,
3954,Sean,Mwangi,sean.mwangi3953@example.com,Valencia,ES,14,2009-07-14,
3955,Hana,Moreau,hana.moreau3954@example.com,Columbus,US,6,2015-08-22,low
3956,Samir,Reed,samir.reed3955@example.com,Sheffield,GB,33,2016-10-15,
3957,Mateo,Mensah,mateo.mensah3956@example.com,Sheffield,GB,9,2015-11-19,
3958,Claire,Beaumont,claire.beaumont3957@example.com,Aarhus,DK,35,2008-02-06,low
3959,Sara,Farrow,sara.farrow3958@example.com,Aarhus,DK,38,2008-01-11,medium
3960,Alma,Silva,alma.silva3959@example.com,Groningen,NL,22,2022-05-08,
3961,Ingrid,Farrow,ingrid.farrow3960@example.com,Uppsala,SE,35,2025-08-19,
3962,Wren,Nyberg,wren.nyberg3961@example.com,Tucson,US,30,2021-02-06,
3963,Lena,Vogt,lena.vogt3962@example.com,Raleigh,US,18,2022-02-07,medium
3964,Delphine,Reed,delphine.reed3963@example.com,Norwich,GB,10,2017-12-16,
3965,Pieter,Nakamura,pieter.nakamura3964@example.com,Halifax,CA,11,2023-10-28,
3966,Josefina,Renard,josefina.renard3965@example.com,Norwich,GB,10,2022-05-20,low
3967,Samir,Quinn,samir.quinn3966@example.com,Tampere,FI,36,2015-04-04,
3968,Kwame,Farrow,kwame.farrow3967@example.com,Auckland,NZ,26,2011-09-15,
3969,Yuki,Rossi,yuki.rossi3968@example.com,Nantes,FR,1,2015-09-20,
3970,Nora,Baptiste,nora.baptiste3969@example.com,Norwich,GB,17,2009-10-26,
3971,Noel,Castellanos,noel.castellanos3970@example.com,Victoria,CA,29,2025-12-14,
3972,Ravi,Vance,ravi.vance3971@example.com,Auckland,NZ,20,2008-01-03,low
3973,Amara,Ashworth,amara.ashworth3972@example.com,Montpellier,FR,10,2018-09-15,
3974,Solveig,Kirby,solveig.kirby3973@example.com,Uppsala,SE,24,2025-10-23,
3975,Anton,Kowalski,anton.kowalski3974@example.com,Sheffield,GB,16,2023-04-06,
3976,Tom,Wexler,tom.wexler3975@example.com,Sheffield,GB,5,2019-10-07,
3977,Dmitri,Renard,dmitri.renard3976@example.com,Toronto,CA,3,2016-01-14,
3978,Ingrid,Whitfield,ingrid.whitfield3977@example.com,Porto,PT,35,2017-02-20,
3979,Aoife,Sandoval,aoife.sandoval3978@example.com,Halifax,CA,7,2015-12-24,
3980,Lena,Halloran,lena.halloran3979@example.com,Nantes,FR,3,2020-09-13,low
3981,Lars,Mensah,lars.mensah3980@example.com,Valencia,ES,37,2014-10-20,
3982,Yuki,Haddad,yuki.haddad3981@example.com,Manchester,GB,19,2020-05-07,high
3983,Jonas,Kirby,jonas.kirby3982@example.com,Leipzig,DE,23,2017-01-04,
3984,Signe,Kowalski,signe.kowalski3983@example.com,Galway,IE,8,2018-05-04,
3985,Leila,Reed,leila.reed3984@example.com,Halifax,CA,35,2020-01-16,
3986,Ravi,Brennan,ravi.brennan3985@example.com,Perth,AU,39,2013-11-03,
3987,Rafael,Thorne,rafael.thorne3986@example.com,Tampere,FI,27,2024-08-09,
3988,Noel,Park,noel.park3987@example.com,Uppsala,SE,33,2015-02-05,
3989,Rosa,Solberg,rosa.solberg3988@example.com,Norwich,GB,19,2020-02-04,medium
3990,Lars,Thorne,lars.thorne3989@example.com,Manchester,GB,22,2010-06-22,
3991,Yuki,Rahman,yuki.rahman3990@example.com,Tampere,FI,7,2009-01-08,
3992,Nell,Sorensen,nell.sorensen3991@example.com,Portland,US,26,2012-09-25,
3993,Tomas,Kirby,tomas.kirby3992@example.com,Norwich,GB,18,2022-05-16,low
3994,Tomas,Farrow,tomas.farrow3993@example.com,Denver,US,13,2024-09-17,
3995,Fatima,Lund,fatima.lund3994@example.com,Denver,US,22,2020-10-22,
3996,Claire,Vance,claire.vance3995@example.com,Halifax,CA,20,2015-11-22,
3997,Bruno,Lindqvist,bruno.lindqvist3996@example.com,Valencia,ES,11,2012-11-21,
3998,Kwame,Mwangi,kwame.mwangi3997@example.com,Tampere,FI,27,2009-12-17,
3999,Lars,Achebe,lars.achebe3998@example.com,Manchester,GB,27,2015-12-06,
4000,Raj,Kirby,raj.kirby3999@example.com,Denver,US,8,2012-02-05,
4001,Marta,Sorensen,marta.sorensen4000@example.com,Halifax,CA,5,2024-08-03,
4002,Pieter,Iqbal,pieter.iqbal4001@example.com,Tucson,US,10,2015-12-01,low
4003,Claire,Hale,claire.hale4002@example.com,Bergen,NO,3,2021-11-06,
4004,Hugo,Solberg,hugo.solberg4003@example.com,Uppsala,SE,23,2025-03-08,
4005,Lars,Ashworth,lars.ashworth4004@example.com,Hobart,AU,17,2025-12-01,low
4006,Yuki,Park,yuki.park4005@example.com,Tampere,FI,31,2023-07-23,
4007,Priya,Whitfield,priya.whitfield4006@example.com,Perth,AU,36,2013-09-24,
4008,Lars,Castellanos,lars.castellanos4007@example.com,Porto,PT,19,2014-01-21,
4009,Sara,Cormack,sara.cormack4008@example.com,Austin,US,34,2017-03-11,
4010,Idris,Okafor,idris.okafor4009@example.com,Montpellier,FR,5,2012-05-12,
4011,Hana,Halloran,hana.halloran4010@example.com,Bologna,IT,2,2025-09-05,
4012,Rafael,Hale,rafael.hale4011@example.com,Tampere,FI,16,2019-10-03,low
4013,Josefina,Vogt,josefina.vogt4012@example.com,Ljubljana,SI,18,2023-04-21,low
4014,Sean,Tan,sean.tan4013@example.com,Porto,PT,19,2014-03-12,
4015,Delphine,Nakamura,delphine.nakamura4014@example.com,Toronto,CA,21,2015-05-17,
4016,Esme,Shah,esme.shah4015@example.com,Cork,IE,12,2022-11-20,
4017,Lena,Kirby,lena.kirby4016@example.com,Uppsala,SE,8,2011-04-07,medium
4018,Claire,Fischer,claire.fischer4017@example.com,Utrecht,NL,15,2014-09-07,
4019,Amara,Castellanos,amara.castellanos4018@example.com,Perth,AU,5,2014-09-23,
4020,Delphine,Sandoval,delphine.sandoval4019@example.com,Nantes,FR,32,2024-02-23,
4021,Samir,Kowalski,samir.kowalski4020@example.com,Bologna,IT,13,2021-05-26,
4022,Rosa,Nair,rosa.nair4021@example.com,Uppsala,SE,22,2015-10-27,
4023,Noel,Nakamura,noel.nakamura4022@example.com,Nantes,FR,16,2025-07-03,
4024,Lena,Farrow,lena.farrow4023@example.com,Utrecht,NL,5,2009-09-03,low
4025,Eli,Moreau,eli.moreau4024@example.com,Bergen,NO,29,2011-08-19,low
4026,Omar,Solberg,omar.solberg4025@example.com,Auckland,NZ,8,2015-04-07,
4027,Emeka,Kirby,emeka.kirby4026@example.com,Ljubljana,SI,26,2012-11-22,
4028,Rafael,Castellanos,rafael.castellanos4027@example.com,Galway,IE,27,2023-09-02,
4029,Eli,Quinn,eli.quinn4028@example.com,Cork,IE,13,2018-07-06,low
4030,Ravi,Kaur,ravi.kaur4029@example.com,Toronto,CA,26,2011-08-10,
4031,Solveig,Ricci,solveig.ricci4030@example.com,Utrecht,NL,21,2016-04-26,low
4032,Mateo,Delgado,mateo.delgado4031@example.com,Perth,AU,30,2017-05-10,low
4033,Marta,Hale,marta.hale4032@example.com,Denver,US,1,2010-03-15,
4034,Felix,Larsen,felix.larsen4033@example.com,Porto,PT,11,2015-09-24,
4035,Ana,Diaz,ana.diaz4034@example.com,Freiburg,DE,33,2023-12-25,
4036,Lena,Sandoval,lena.sandoval4035@example.com,Uppsala,SE,25,2011-04-14,
4037,Mateo,Reed,mateo.reed4036@example.com,Manchester,GB,30,2022-10-12,high
4038,Yuki,Larsen,yuki.larsen4037@example.com,Adelaide,AU,28,2022-12-27,low
4039,Zara,Osei,zara.osei4038@example.com,Toronto,CA,20,2021-04-14,
4040,Camille,Mwangi,camille.mwangi4039@example.com,Aarhus,DK,12,2013-07-09,
4041,Iris,Delgado,iris.delgado4040@example.com,Norwich,GB,6,2018-05-02,medium
4042,Pieter,Moreau,pieter.moreau4041@example.com,Bristol,GB,8,2016-04-21,
4043,Claire,Achebe,claire.achebe4042@example.com,Denver,US,36,2018-10-04,
4044,Kofi,Ueda,kofi.ueda4043@example.com,Manchester,GB,34,2015-10-12,
4045,Sara,Nakamura,sara.nakamura4044@example.com,Tampere,FI,25,2011-09-03,
4046,Camille,Farrow,camille.farrow4045@example.com,Tampere,FI,13,2008-07-01,
4047,Sofia,Vance,sofia.vance4046@example.com,Utrecht,NL,38,2024-02-05,
4048,Sean,Mensah,sean.mensah4047@example.com,Leipzig,DE,6,2010-12-22,
4049,Claire,Rossi,claire.rossi4048@example.com,Aarhus,DK,4,2024-05-09,
4050,Raj,Rahman,raj.rahman4049@example.com,Valencia,ES,15,2021-03-17,medium
4051,Arjun,Ueda,arjun.ueda4050@example.com,Bergen,NO,12,2011-02-20,medium
4052,Noel,Renard,noel.renard4051@example.com,Victoria,CA,8,2013-03-17,low
4053,Nora,Mwangi,nora.mwangi4052@example.com,Sheffield,GB,11,2016-04-14,
4054,Sofia,Hale,sofia.hale4053@example.com,Hobart,AU,25,2022-09-17,
4055,Yuki,Petrov,yuki.petrov4054@example.com,Bologna,IT,1,2024-08-02,low
4056,Priya,Petrov,priya.petrov4055@example.com,Leipzig,DE,10,2017-10-20,
4057,Ingrid,Osei,ingrid.osei4056@example.com,Perth,AU,39,2022-06-09,medium
4058,Alma,Fischer,alma.fischer4057@example.com,Utrecht,NL,9,2010-04-13,
4059,Ciara,Kaur,ciara.kaur4058@example.com,Austin,US,16,2022-01-03,
4060,Ravi,Mwangi,ravi.mwangi4059@example.com,Perth,AU,28,2012-07-25,
4061,Alma,Moreau,alma.moreau4060@example.com,Denver,US,14,2015-06-07,
4062,Camille,Baptiste,camille.baptiste4061@example.com,Portland,US,10,2014-04-05,medium
4063,Claire,Hale,claire.hale4062@example.com,Leipzig,DE,40,2017-10-17,low
4064,Wren,Ricci,wren.ricci4063@example.com,Uppsala,SE,15,2015-04-11,
4065,Tom,Quinn,tom.quinn4064@example.com,Leipzig,DE,2,2009-05-12,
4066,Greta,Thorne,greta.thorne4065@example.com,Manchester,GB,4,2009-11-13,
4067,Jon,Adeyemi,jon.adeyemi4066@example.com,Denver,US,14,2021-10-13,
4068,Sean,Quinn,sean.quinn4067@example.com,Galway,IE,13,2022-04-18,
4069,Arjun,Rahman,arjun.rahman4068@example.com,Aarhus,DK,3,2021-07-07,
4070,Solveig,Sandoval,solveig.sandoval4069@example.com,Cork,IE,15,2025-04-03,low
4071,Ingrid,Tan,ingrid.tan4070@example.com,Aarhus,DK,28,2022-05-22,
4072,Dmitri,Halloran,dmitri.halloran4071@example.com,Sheffield,GB,32,2014-02-11,
4073,Fatima,Diaz,fatima.diaz4072@example.com,Toronto,CA,15,2014-01-07,
4074,Omar,Mensah,omar.mensah4073@example.com,Columbus,US,12,2010-02-21,medium
4075,Alma,Castellanos,alma.castellanos4074@example.com,Aarhus,DK,6,2011-09-25,
4076,Jon,Sorensen,jon.sorensen4075@example.com,Manchester,GB,5,2015-07-18,low
4077,Hugo,Ashworth,hugo.ashworth4076@example.com,Bergen,NO,39,2015-02-16,
4078,Jon,Farrow,jon.farrow4077@example.com,Austin,US,19,2011-04-24,
4079,Ciara,Sandoval,ciara.sandoval4078@example.com,Utrecht,NL,28,2013-10-10,
4080,Iris,Beaumont,iris.beaumont4079@example.com,Norwich,GB,25,2011-10-15,
4081,Amara,Wexler,amara.wexler4080@example.com,Bologna,IT,5,2008-02-24,medium
4082,Sean,Rahman,sean.rahman4081@example.com,Montpellier,FR,22,2016-03-21,medium
4083,Priya,Ferreira,priya.ferreira4082@example.com,Tampere,FI,8,2021-12-04,
4084,Esme,Roy,esme.roy4083@example.com,Montpellier,FR,1,2018-05-06,
4085,Idris,Castellanos,idris.castellanos4084@example.com,Denver,US,15,2013-03-13,
4086,Ingrid,Kowalski,ingrid.kowalski4085@example.com,Manchester,GB,10,2022-08-02,
4087,Raj,Delgado,raj.delgado4086@example.com,Uppsala,SE,5,2009-12-18,
4088,Ravi,Whitfield,ravi.whitfield4087@example.com,Halifax,CA,35,2009-06-06,
4089,Omar,Ferreira,omar.ferreira4088@example.com,Hobart,AU,21,2013-12-15,
4090,Hana,Rahman,hana.rahman4089@example.com,Denver,US,31,2020-10-08,
4091,Delphine,Mwangi,delphine.mwangi4090@example.com,Bergen,NO,25,2016-06-11,
4092,Leila,Hale,leila.hale4091@example.com,Hobart,AU,24,2021-10-24,low
4093,Sara,Ricci,sara.ricci4092@example.com,Hobart,AU,16,2013-10-19,
4094,Idris,Rahman,idris.rahman4093@example.com,Aarhus,DK,7,2013-01-14,
4095,Iris,Kirby,iris.kirby4094@example.com,Nantes,FR,19,2024-05-02,
4096,Greta,Larsen,greta.larsen4095@example.com,Tucson,US,33,2024-11-24,
4097,Elena,Solberg,elena.solberg4096@example.com,Freiburg,DE,2,2012-03-08,
4098,Aoife,Sandoval,aoife.sandoval4097@example.com,Valencia,ES,38,2018-10-03,
4099,Noel,Rahman,noel.rahman4098@example.com,Raleigh,US,33,2016-02-11,
4100,Marta,Nyberg,marta.nyberg4099@example.com,Dunedin,NZ,31,2016-02-19,
4101,Leila,Nyberg,leila.nyberg4100@example.com,Ljubljana,SI,4,2024-11-26,
4102,Sofia,Tan,sofia.tan4101@example.com,Austin,US,1,2012-02-07,low
4103,Lars,Iqbal,lars.iqbal4102@example.com,Groningen,NL,17,2019-11-06,
4104,Aoife,Sorensen,aoife.sorensen4103@example.com,Bristol,GB,38,2017-10-05,
4105,Emeka,Silva,emeka.silva4104@example.com,Aarhus,DK,29,2022-02-18,
4106,Malik,Tan,malik.tan4105@example.com,Bergen,NO,28,2017-09-20,
4107,Emeka,Halloran,emeka.halloran4106@example.com,Adelaide,AU,18,2024-01-11,
4108,Ciara,Kirby,ciara.kirby4107@example.com,Freiburg,DE,17,2022-11-26,low
4109,Mateo,Vance,mateo.vance4108@example.com,Portland,US,25,2017-07-06,
4110,Ingrid,Vogt,ingrid.vogt4109@example.com,Perth,AU,21,2023-09-07,low
4111,Pieter,Reed,pieter.reed4110@example.com,Leipzig,DE,22,2012-09-28,low
4112,Tarek,Diaz,tarek.diaz4111@example.com,Victoria,CA,33,2021-07-20,low
4113,Felix,Diaz,felix.diaz4112@example.com,Dunedin,NZ,35,2009-01-14,
4114,Nadia,Roy,nadia.roy4113@example.com,Dunedin,NZ,33,2025-11-20,
4115,Emeka,Osei,emeka.osei4114@example.com,Raleigh,US,38,2012-07-23,low
4116,Fatima,Nakamura,fatima.nakamura4115@example.com,Toronto,CA,5,2025-08-07,low
4117,Nadia,Nyberg,nadia.nyberg4116@example.com,Leipzig,DE,37,2025-09-22,
4118,Noel,Halloran,noel.halloran4117@example.com,Dunedin,NZ,37,2014-08-22,low
4119,Priya,Mwangi,priya.mwangi4118@example.com,Cork,IE,2,2014-06-06,
4120,Lena,Ellery,lena.ellery4119@example.com,Austin,US,31,2019-08-16,
4121,Yuki,Ashworth,yuki.ashworth4120@example.com,Austin,US,22,2019-02-01,
4122,Anton,Thorne,anton.thorne4121@example.com,Auckland,NZ,9,2019-01-13,
4123,Andres,Roy,andres.roy4122@example.com,Bergen,NO,11,2009-04-27,low
4124,Ingrid,Halloran,ingrid.halloran4123@example.com,Halifax,CA,10,2016-07-04,low
4125,Hugo,Park,hugo.park4124@example.com,Freiburg,DE,8,2017-01-01,
4126,Nora,Bergstrom,nora.bergstrom4125@example.com,Porto,PT,2,2009-03-03,
4127,Iris,Lindqvist,iris.lindqvist4126@example.com,Columbus,US,27,2018-06-16,
4128,Delphine,Tan,delphine.tan4127@example.com,Toronto,CA,30,2015-10-17,low
4129,Jonas,Silva,jonas.silva4128@example.com,Uppsala,SE,40,2024-06-04,
4130,Wren,Zamora,wren.zamora4129@example.com,Uppsala,SE,36,2008-04-10,low
4131,Felix,Rossi,felix.rossi4130@example.com,Perth,AU,30,2017-06-07,low
4132,Dmitri,Achebe,dmitri.achebe4131@example.com,Victoria,CA,1,2017-12-02,medium
4133,Alma,Iqbal,alma.iqbal4132@example.com,Bologna,IT,8,2022-08-15,
4134,Alma,Farrow,alma.farrow4133@example.com,Hobart,AU,23,2019-10-11,
4135,Tom,Vogt,tom.vogt4134@example.com,Cork,IE,33,2012-02-24,medium
4136,Zara,Ashworth,zara.ashworth4135@example.com,Portland,US,2,2015-05-17,
4137,Sofia,Thorne,sofia.thorne4136@example.com,Victoria,CA,10,2021-06-13,
4138,Marta,Osei,marta.osei4137@example.com,Freiburg,DE,21,2014-09-19,
4139,Ana,Novak,ana.novak4138@example.com,Cork,IE,6,2009-06-16,medium
4140,Viktor,Mwangi,viktor.mwangi4139@example.com,Valencia,ES,5,2009-11-11,
4141,Raj,Roy,raj.roy4140@example.com,Auckland,NZ,33,2018-04-16,high
4142,Viktor,Nair,viktor.nair4141@example.com,Aarhus,DK,15,2023-01-02,
4143,Yuki,Wexler,yuki.wexler4142@example.com,Utrecht,NL,12,2012-04-24,
4144,Tobias,Rossi,tobias.rossi4143@example.com,Porto,PT,15,2014-02-01,
4145,Sean,Osei,sean.osei4144@example.com,Uppsala,SE,13,2010-04-19,
4146,Esme,Vogt,esme.vogt4145@example.com,Porto,PT,12,2008-07-21,low
4147,Leila,Novak,leila.novak4146@example.com,Cork,IE,17,2008-05-26,
4148,Raj,Ricci,raj.ricci4147@example.com,Utrecht,NL,25,2015-10-06,medium
4149,Hugo,Nakamura,hugo.nakamura4148@example.com,Austin,US,6,2025-07-11,
4150,Kiran,Dubois,kiran.dubois4149@example.com,Valencia,ES,20,2024-12-27,
4151,Anton,Hale,anton.hale4150@example.com,Leipzig,DE,32,2016-05-13,
4152,Elena,Nyberg,elena.nyberg4151@example.com,Aarhus,DK,30,2014-03-16,
4153,Alma,Nair,alma.nair4152@example.com,Galway,IE,35,2016-05-05,
4154,Idris,Reed,idris.reed4153@example.com,Nantes,FR,9,2019-12-04,
4155,Hugo,Sorensen,hugo.sorensen4154@example.com,Auckland,NZ,30,2009-11-18,low
4156,Wren,Vogt,wren.vogt4155@example.com,Tampere,FI,12,2012-12-12,
4157,Hugo,Moreau,hugo.moreau4156@example.com,Dunedin,NZ,5,2014-03-13,
4158,Samir,Thorne,samir.thorne4157@example.com,Raleigh,US,27,2021-08-03,
4159,Malik,Kaur,malik.kaur4158@example.com,Porto,PT,13,2015-04-04,
4160,Bruno,Osei,bruno.osei4159@example.com,Victoria,CA,6,2018-03-15,
4161,Hugo,Ferreira,hugo.ferreira4160@example.com,Austin,US,17,2011-07-24,medium
4162,Bianca,Beaumont,bianca.beaumont4161@example.com,Norwich,GB,1,2013-10-24,
4163,Tomas,Thorne,tomas.thorne4162@example.com,Nantes,FR,6,2023-12-12,
4164,Tomas,Tan,tomas.tan4163@example.com,Ljubljana,SI,32,2008-05-03,
4165,Andres,Adeyemi,andres.adeyemi4164@example.com,Austin,US,16,2016-07-11,
4166,Zara,Ashworth,zara.ashworth4165@example.com,Raleigh,US,2,2013-09-28,
4167,Zara,Hale,zara.hale4166@example.com,Victoria,CA,28,2021-08-21,
4168,Yuki,Kirby,yuki.kirby4167@example.com,Halifax,CA,27,2020-11-01,
4169,Eli,Halloran,eli.halloran4168@example.com,Bristol,GB,30,2023-07-18,
4170,Kiran,Nakamura,kiran.nakamura4169@example.com,Sheffield,GB,5,2023-07-04,
4171,Delphine,Farrow,delphine.farrow4170@example.com,Sheffield,GB,31,2022-02-07,
4172,Kwame,Kaur,kwame.kaur4171@example.com,Leipzig,DE,37,2008-09-22,high
4173,Eli,Haddad,eli.haddad4172@example.com,Galway,IE,20,2024-05-20,low
4174,Marta,Reed,marta.reed4173@example.com,Perth,AU,2,2024-02-07,
4175,Jonas,Vance,jonas.vance4174@example.com,Ljubljana,SI,29,2013-02-06,
4176,Elena,Roy,elena.roy4175@example.com,Manchester,GB,20,2016-02-10,medium
4177,Signe,Bergstrom,signe.bergstrom4176@example.com,Toronto,CA,24,2021-12-12,
4178,Fatima,Delgado,fatima.delgado4177@example.com,Hobart,AU,22,2013-06-03,low
4179,Elena,Ueda,elena.ueda4178@example.com,Denver,US,28,2021-12-16,
4180,Amara,Kaur,amara.kaur4179@example.com,Raleigh,US,5,2023-02-22,
4181,Felix,Fischer,felix.fischer4180@example.com,Porto,PT,20,2013-05-25,low
4182,Sean,Nakamura,sean.nakamura4181@example.com,Ljubljana,SI,33,2017-08-14,
4183,Sofia,Delgado,sofia.delgado4182@example.com,Valencia,ES,21,2017-07-28,low
4184,Ben,Voss,ben.voss4183@example.com,Raleigh,US,40,2018-11-26,
4185,Maya,Marchetti,maya.marchetti4184@example.com,Bristol,GB,17,2015-08-27,
4186,Ravi,Quinn,ravi.quinn4185@example.com,Victoria,CA,23,2022-05-26,
4187,Josefina,Beaumont,josefina.beaumont4186@example.com,Portland,US,24,2013-04-14,high
4188,Malik,Ibrahim,malik.ibrahim4187@example.com,Groningen,NL,27,2008-03-01,low
4189,Camille,Zamora,camille.zamora4188@example.com,Utrecht,NL,34,2023-07-12,
4190,Lena,Ibrahim,lena.ibrahim4189@example.com,Ljubljana,SI,1,2015-06-17,low
4191,Greta,Voss,greta.voss4190@example.com,Norwich,GB,12,2024-07-03,
4192,Zara,Petrov,zara.petrov4191@example.com,Freiburg,DE,32,2008-11-13,
4193,Tarek,Haddad,tarek.haddad4192@example.com,Perth,AU,28,2012-06-07,medium
4194,Solveig,Adeyemi,solveig.adeyemi4193@example.com,Dunedin,NZ,33,2010-09-21,low
4195,Tobias,Halloran,tobias.halloran4194@example.com,Montpellier,FR,25,2010-02-06,
4196,Idris,Lindqvist,idris.lindqvist4195@example.com,Montpellier,FR,7,2015-04-13,high
4197,Omar,Bauer,omar.bauer4196@example.com,Freiburg,DE,17,2013-06-04,
4198,Tarek,Iqbal,tarek.iqbal4197@example.com,Adelaide,AU,5,2019-08-26,high
4199,Rafael,Baptiste,rafael.baptiste4198@example.com,Norwich,GB,1,2019-08-24,medium
4200,Ben,Wexler,ben.wexler4199@example.com,Hobart,AU,17,2013-07-20,high
4201,Andres,Solberg,andres.solberg4200@example.com,Halifax,CA,26,2024-03-15,
4202,Raj,Novak,raj.novak4201@example.com,Freiburg,DE,29,2019-12-04,low
4203,Sara,Abbott,sara.abbott4202@example.com,Aarhus,DK,5,2011-11-03,
4204,Ciara,Moreau,ciara.moreau4203@example.com,Porto,PT,24,2014-05-10,
4205,Greta,Farrow,greta.farrow4204@example.com,Bergen,NO,30,2022-06-19,
4206,Nell,Achebe,nell.achebe4205@example.com,Austin,US,17,2010-05-28,
4207,Mateo,Achebe,mateo.achebe4206@example.com,Ljubljana,SI,35,2014-11-13,
4208,Jonas,Dubois,jonas.dubois4207@example.com,Uppsala,SE,22,2020-06-10,low
4209,Maya,Beaumont,maya.beaumont4208@example.com,Utrecht,NL,37,2022-04-05,
4210,Nora,Halloran,nora.halloran4209@example.com,Manchester,GB,9,2025-09-20,
4211,Omar,Petrov,omar.petrov4210@example.com,Montpellier,FR,1,2021-07-08,low
4212,Emeka,Park,emeka.park4211@example.com,Halifax,CA,26,2021-04-07,
4213,Amara,Renard,amara.renard4212@example.com,Bristol,GB,13,2015-07-27,
4214,Sara,Fischer,sara.fischer4213@example.com,Leipzig,DE,12,2023-08-17,
4215,Kwame,Wexler,kwame.wexler4214@example.com,Porto,PT,2,2018-08-20,
4216,Aoife,Solberg,aoife.solberg4215@example.com,Manchester,GB,20,2024-03-15,
4217,Idris,Diaz,idris.diaz4216@example.com,Auckland,NZ,6,2011-08-26,
4218,Leila,Mwangi,leila.mwangi4217@example.com,Hobart,AU,16,2009-10-04,
4219,Anton,Ashworth,anton.ashworth4218@example.com,Dunedin,NZ,37,2016-08-04,high
4220,Nell,Kowalski,nell.kowalski4219@example.com,Tucson,US,18,2021-07-21,medium
4221,Iris,Nair,iris.nair4220@example.com,Bristol,GB,34,2013-03-05,
4222,Andres,Ferreira,andres.ferreira4221@example.com,Cork,IE,34,2014-06-27,low
4223,Tobias,Silva,tobias.silva4222@example.com,Tampere,FI,23,2022-02-06,
4224,Aoife,Tan,aoife.tan4223@example.com,Bologna,IT,22,2011-01-20,
4225,Amara,Halloran,amara.halloran4224@example.com,Tampere,FI,8,2010-07-17,low
4226,Kofi,Moreau,kofi.moreau4225@example.com,Groningen,NL,19,2010-09-24,low
4227,Ana,Bauer,ana.bauer4226@example.com,Norwich,GB,37,2020-08-18,
4228,Jon,Kirby,jon.kirby4227@example.com,Manchester,GB,36,2019-07-25,
4229,Jon,Ibrahim,jon.ibrahim4228@example.com,Tucson,US,21,2008-04-28,
4230,Noel,Diaz,noel.diaz4229@example.com,Uppsala,SE,8,2009-07-18,
4231,Rosa,Mensah,rosa.mensah4230@example.com,Aarhus,DK,10,2014-01-22,low
4232,Noel,Lindqvist,noel.lindqvist4231@example.com,Bologna,IT,30,2014-10-08,
4233,Nadia,Cole,nadia.cole4232@example.com,Dunedin,NZ,1,2019-06-14,medium
4234,Ingrid,Osei,ingrid.osei4233@example.com,Aarhus,DK,25,2020-11-11,
4235,Viktor,Petrov,viktor.petrov4234@example.com,Cork,IE,37,2016-10-11,
4236,Solveig,Roy,solveig.roy4235@example.com,Bristol,GB,15,2017-05-19,low
4237,Kofi,Rossi,kofi.rossi4236@example.com,Bristol,GB,4,2019-02-03,medium
4238,Raj,Dubois,raj.dubois4237@example.com,Sheffield,GB,28,2019-11-22,
4239,Delphine,Delgado,delphine.delgado4238@example.com,Freiburg,DE,18,2024-02-14,low
4240,Signe,Bauer,signe.bauer4239@example.com,Dunedin,NZ,17,2011-04-05,
4241,Eli,Diaz,eli.diaz4240@example.com,Tampere,FI,8,2021-07-08,
4242,Mateo,Haddad,mateo.haddad4241@example.com,Auckland,NZ,2,2017-10-26,
4243,Zara,Rahman,zara.rahman4242@example.com,Cork,IE,14,2024-03-18,
4244,Greta,Ashworth,greta.ashworth4243@example.com,Leipzig,DE,38,2015-01-09,low
4245,Aoife,Iqbal,aoife.iqbal4244@example.com,Hobart,AU,16,2018-02-12,
4246,Tarek,Solberg,tarek.solberg4245@example.com,Auckland,NZ,14,2010-05-19,
4247,Camille,Halloran,camille.halloran4246@example.com,Montpellier,FR,27,2023-10-28,
4248,Lars,Bergstrom,lars.bergstrom4247@example.com,Bristol,GB,24,2011-10-03,
4249,Andres,Silva,andres.silva4248@example.com,Raleigh,US,12,2021-12-06,low
4250,Claire,Dubois,claire.dubois4249@example.com,Toronto,CA,20,2019-01-11,
4251,Hugo,Bauer,hugo.bauer4250@example.com,Tucson,US,23,2011-01-10,
4252,Fatima,Bergstrom,fatima.bergstrom4251@example.com,Columbus,US,11,2023-04-17,
4253,Ingrid,Cole,ingrid.cole4252@example.com,Freiburg,DE,39,2017-09-18,low
4254,Emeka,Mensah,emeka.mensah4253@example.com,Denver,US,37,2013-05-21,low
4255,Delphine,Ibrahim,delphine.ibrahim4254@example.com,Uppsala,SE,18,2023-07-10,
4256,Zara,Marchetti,zara.marchetti4255@example.com,Nantes,FR,2,2008-05-24,
4257,Arjun,Diaz,arjun.diaz4256@example.com,Norwich,GB,18,2022-04-05,
4258,Alma,Whitfield,alma.whitfield4257@example.com,Utrecht,NL,21,2012-09-28,
4259,Zara,Ashworth,zara.ashworth4258@example.com,Portland,US,11,2016-04-26,
4260,Mateo,Bauer,mateo.bauer4259@example.com,Groningen,NL,4,2009-04-14,
4261,Lena,Lindqvist,lena.lindqvist4260@example.com,Dunedin,NZ,38,2020-09-28,
4262,Priya,Park,priya.park4261@example.com,Porto,PT,18,2020-02-26,low
4263,Kiran,Whitfield,kiran.whitfield4262@example.com,Auckland,NZ,24,2018-03-22,
4264,Idris,Mensah,idris.mensah4263@example.com,Halifax,CA,17,2023-08-06,
4265,Claire,Bergstrom,claire.bergstrom4264@example.com,Denver,US,33,2008-07-21,
4266,Iris,Quinn,iris.quinn4265@example.com,Raleigh,US,25,2015-11-01,
4267,Eli,Lindqvist,eli.lindqvist4266@example.com,Tucson,US,15,2020-05-28,low
4268,Tomas,Vogt,tomas.vogt4267@example.com,Norwich,GB,9,2025-03-18,
4269,Rafael,Kirby,rafael.kirby4268@example.com,Groningen,NL,17,2012-03-25,
4270,Wren,Whitfield,wren.whitfield4269@example.com,Auckland,NZ,20,2022-09-10,low
4271,Idris,Achebe,idris.achebe4270@example.com,Utrecht,NL,34,2018-02-12,low
4272,Ravi,Lund,ravi.lund4271@example.com,Uppsala,SE,18,2018-05-17,medium
4273,Marta,Wexler,marta.wexler4272@example.com,Bologna,IT,29,2025-03-07,low
4274,Anton,Zamora,anton.zamora4273@example.com,Cork,IE,10,2014-11-17,
4275,Kwame,Silva,kwame.silva4274@example.com,Manchester,GB,3,2018-12-16,
4276,Delphine,Ferreira,delphine.ferreira4275@example.com,Dunedin,NZ,23,2021-06-11,
4277,Claire,Nyberg,claire.nyberg4276@example.com,Toronto,CA,19,2025-04-06,
4278,Nadia,Reed,nadia.reed4277@example.com,Bristol,GB,23,2009-11-11,
4279,Rafael,Nakamura,rafael.nakamura4278@example.com,Bergen,NO,36,2008-10-24,low
4280,Tarek,Baptiste,tarek.baptiste4279@example.com,Nantes,FR,1,2010-09-27,
4281,Signe,Beaumont,signe.beaumont4280@example.com,Groningen,NL,20,2013-03-01,
4282,Claire,Rahman,claire.rahman4281@example.com,Perth,AU,32,2017-01-06,medium
4283,Marta,Lindqvist,marta.lindqvist4282@example.com,Utrecht,NL,26,2013-11-21,
4284,Priya,Sandoval,priya.sandoval4283@example.com,Toronto,CA,36,2019-03-13,low
4285,Lena,Delgado,lena.delgado4284@example.com,Leipzig,DE,27,2025-01-08,low
4286,Leila,Castellanos,leila.castellanos4285@example.com,Tucson,US,28,2024-06-06,
4287,Elena,Solberg,elena.solberg4286@example.com,Denver,US,7,2016-05-24,
4288,Raj,Kirby,raj.kirby4287@example.com,Toronto,CA,22,2009-08-11,
4289,Ingrid,Bauer,ingrid.bauer4288@example.com,Norwich,GB,21,2012-10-14,
4290,Nadia,Zamora,nadia.zamora4289@example.com,Leipzig,DE,31,2018-07-14,
4291,Kwame,Okafor,kwame.okafor4290@example.com,Uppsala,SE,38,2010-08-24,
4292,Ravi,Nakamura,ravi.nakamura4291@example.com,Hobart,AU,24,2024-04-15,
4293,Kofi,Frost,kofi.frost4292@example.com,Cork,IE,31,2012-11-13,
4294,Tomas,Moreau,tomas.moreau4293@example.com,Tampere,FI,18,2019-03-10,
4295,Nadia,Cole,nadia.cole4294@example.com,Sheffield,GB,36,2015-10-07,
4296,Hugo,Ueda,hugo.ueda4295@example.com,Galway,IE,31,2019-06-08,
4297,Noel,Petrov,noel.petrov4296@example.com,Tampere,FI,9,2010-04-25,
4298,Maya,Ellery,maya.ellery4297@example.com,Bologna,IT,27,2009-04-05,low
4299,Ana,Kirby,ana.kirby4298@example.com,Freiburg,DE,3,2015-12-26,
4300,Tarek,Haddad,tarek.haddad4299@example.com,Nantes,FR,12,2024-09-12,
4301,Fatima,Kaur,fatima.kaur4300@example.com,Bologna,IT,30,2009-08-09,
4302,Lena,Shah,lena.shah4301@example.com,Nantes,FR,10,2009-07-14,medium
4303,Samir,Delgado,samir.delgado4302@example.com,Auckland,NZ,16,2011-01-07,
4304,Nora,Larsen,nora.larsen4303@example.com,Leipzig,DE,26,2012-11-01,
4305,Anton,Novak,anton.novak4304@example.com,Tucson,US,29,2024-09-02,
4306,Pieter,Mensah,pieter.mensah4305@example.com,Denver,US,6,2010-10-05,
4307,Yuki,Nakamura,yuki.nakamura4306@example.com,Tampere,FI,8,2023-07-08,
4308,Jon,Lindqvist,jon.lindqvist4307@example.com,Groningen,NL,21,2023-07-05,low
4309,Arjun,Thorne,arjun.thorne4308@example.com,Raleigh,US,31,2015-05-01,
4310,Esme,Okafor,esme.okafor4309@example.com,Utrecht,NL,20,2019-03-03,
4311,Ana,Farrow,ana.farrow4310@example.com,Hobart,AU,33,2021-02-14,
4312,Leila,Frost,leila.frost4311@example.com,Manchester,GB,6,2010-05-15,low
4313,Tomas,Rahman,tomas.rahman4312@example.com,Tampere,FI,14,2016-12-10,
4314,Josefina,Whitfield,josefina.whitfield4313@example.com,Portland,US,7,2013-09-06,
4315,Maya,Quinn,maya.quinn4314@example.com,Perth,AU,24,2013-06-03,
4316,Viktor,Adeyemi,viktor.adeyemi4315@example.com,Perth,AU,25,2014-10-09,
4317,Sofia,Larsen,sofia.larsen4316@example.com,Nantes,FR,15,2010-08-06,
4318,Alma,Ricci,alma.ricci4317@example.com,Norwich,GB,40,2013-07-27,high
4319,Anton,Nyberg,anton.nyberg4318@example.com,Groningen,NL,7,2017-06-06,
4320,Bianca,Ibrahim,bianca.ibrahim4319@example.com,Portland,US,7,2012-03-18,
4321,Delphine,Nakamura,delphine.nakamura4320@example.com,Manchester,GB,17,2010-04-26,
4322,Nadia,Fischer,nadia.fischer4321@example.com,Leipzig,DE,5,2012-06-04,
4323,Elena,Mwangi,elena.mwangi4322@example.com,Cork,IE,25,2023-07-05,
4324,Priya,Haddad,priya.haddad4323@example.com,Ljubljana,SI,19,2025-01-11,
4325,Kwame,Bauer,kwame.bauer4324@example.com,Cork,IE,12,2011-09-07,
4326,Nell,Vogt,nell.vogt4325@example.com,Leipzig,DE,5,2020-11-04,
4327,Yuki,Roy,yuki.roy4326@example.com,Columbus,US,15,2013-07-23,
4328,Rosa,Abbott,rosa.abbott4327@example.com,Denver,US,26,2025-07-01,
4329,Greta,Cole,greta.cole4328@example.com,Dunedin,NZ,33,2018-09-03,low
4330,Alma,Mwangi,alma.mwangi4329@example.com,Raleigh,US,6,2012-02-02,
4331,Tom,Nakamura,tom.nakamura4330@example.com,Montpellier,FR,34,2013-06-01,
4332,Leila,Fischer,leila.fischer4331@example.com,Dunedin,NZ,34,2024-05-04,low
4333,Noel,Hale,noel.hale4332@example.com,Adelaide,AU,27,2011-01-11,
4334,Mateo,Haddad,mateo.haddad4333@example.com,Columbus,US,25,2023-09-04,
4335,Signe,Wexler,signe.wexler4334@example.com,Toronto,CA,19,2011-06-02,
4336,Hugo,Abbott,hugo.abbott4335@example.com,Utrecht,NL,27,2012-12-16,
4337,Sara,Hale,sara.hale4336@example.com,Bristol,GB,11,2010-07-11,
4338,Emeka,Fischer,emeka.fischer4337@example.com,Victoria,CA,37,2019-12-17,
4339,Iris,Frost,iris.frost4338@example.com,Freiburg,DE,22,2025-10-22,
4340,Solveig,Vogt,solveig.vogt4339@example.com,Raleigh,US,12,2018-07-10,high
4341,Ravi,Mensah,ravi.mensah4340@example.com,Nantes,FR,4,2008-04-25,
4342,Maya,Voss,maya.voss4341@example.com,Auckland,NZ,37,2023-07-19,low
4343,Zara,Lund,zara.lund4342@example.com,Tucson,US,16,2009-04-14,
4344,Kiran,Voss,kiran.voss4343@example.com,Denver,US,9,2009-04-11,
4345,Malik,Dubois,malik.dubois4344@example.com,Montpellier,FR,38,2008-06-15,low
4346,Priya,Solberg,priya.solberg4345@example.com,Cork,IE,24,2017-02-27,low
4347,Kofi,Bergstrom,kofi.bergstrom4346@example.com,Austin,US,17,2017-04-26,
4348,Zara,Dubois,zara.dubois4347@example.com,Norwich,GB,1,2019-10-01,
4349,Emeka,Voss,emeka.voss4348@example.com,Uppsala,SE,16,2023-08-27,
4350,Eli,Larsen,eli.larsen4349@example.com,Nantes,FR,24,2012-06-11,
4351,Kiran,Okafor,kiran.okafor4350@example.com,Montpellier,FR,8,2023-02-22,
4352,Emeka,Ricci,emeka.ricci4351@example.com,Bergen,NO,37,2018-08-25,low
4353,Wren,Mwangi,wren.mwangi4352@example.com,Victoria,CA,17,2010-06-07,
4354,Leila,Lund,leila.lund4353@example.com,Utrecht,NL,27,2022-11-09,medium
4355,Anton,Solberg,anton.solberg4354@example.com,Montpellier,FR,36,2009-11-28,
4356,Lena,Larsen,lena.larsen4355@example.com,Utrecht,NL,19,2011-06-04,low
4357,Malik,Vance,malik.vance4356@example.com,Sheffield,GB,26,2008-10-19,
4358,Greta,Mensah,greta.mensah4357@example.com,Valencia,ES,32,2018-08-28,
4359,Idris,Kowalski,idris.kowalski4358@example.com,Norwich,GB,6,2012-08-01,
4360,Mateo,Rossi,mateo.rossi4359@example.com,Columbus,US,38,2021-05-25,
4361,Greta,Ricci,greta.ricci4360@example.com,Freiburg,DE,32,2012-04-17,low
4362,Arjun,Adeyemi,arjun.adeyemi4361@example.com,Aarhus,DK,18,2025-08-07,
4363,Pieter,Moreau,pieter.moreau4362@example.com,Dunedin,NZ,21,2012-07-24,low
4364,Tobias,Ellery,tobias.ellery4363@example.com,Austin,US,11,2011-08-04,low
4365,Delphine,Ellery,delphine.ellery4364@example.com,Adelaide,AU,11,2016-08-12,
4366,Ingrid,Abbott,ingrid.abbott4365@example.com,Aarhus,DK,26,2012-07-19,
4367,Sean,Solberg,sean.solberg4366@example.com,Freiburg,DE,16,2021-06-20,
4368,Emeka,Baptiste,emeka.baptiste4367@example.com,Bologna,IT,1,2021-08-11,high
4369,Alma,Vogt,alma.vogt4368@example.com,Freiburg,DE,7,2019-02-06,
4370,Sofia,Abbott,sofia.abbott4369@example.com,Auckland,NZ,8,2015-12-10,
4371,Noel,Hale,noel.hale4370@example.com,Raleigh,US,4,2023-07-28,
4372,Iris,Thorne,iris.thorne4371@example.com,Auckland,NZ,34,2022-07-10,
4373,Hana,Okafor,hana.okafor4372@example.com,Nantes,FR,5,2020-12-11,
4374,Ravi,Novak,ravi.novak4373@example.com,Auckland,NZ,39,2023-12-21,
4375,Kofi,Adeyemi,kofi.adeyemi4374@example.com,Nantes,FR,2,2008-08-28,
4376,Samir,Lund,samir.lund4375@example.com,Leipzig,DE,10,2014-02-01,
4377,Wren,Ueda,wren.ueda4376@example.com,Tucson,US,34,2015-10-05,
4378,Josefina,Ueda,josefina.ueda4377@example.com,Montpellier,FR,20,2017-08-13,
4379,Tobias,Mwangi,tobias.mwangi4378@example.com,Portland,US,8,2013-06-13,
4380,Aoife,Kaur,aoife.kaur4379@example.com,Bristol,GB,11,2021-02-28,medium
4381,Omar,Wexler,omar.wexler4380@example.com,Victoria,CA,11,2010-06-20,
4382,Camille,Rossi,camille.rossi4381@example.com,Montpellier,FR,19,2008-04-03,
4383,Rafael,Farrow,rafael.farrow4382@example.com,Porto,PT,37,2021-08-14,
4384,Kofi,Okafor,kofi.okafor4383@example.com,Nantes,FR,13,2019-03-21,low
4385,Ciara,Kowalski,ciara.kowalski4384@example.com,Victoria,CA,18,2011-09-16,low
4386,Pieter,Petrov,pieter.petrov4385@example.com,Halifax,CA,29,2022-06-08,
4387,Greta,Marchetti,greta.marchetti4386@example.com,Sheffield,GB,30,2014-12-02,medium
4388,Claire,Bauer,claire.bauer4387@example.com,Bologna,IT,25,2012-11-16,low
4389,Tarek,Reed,tarek.reed4388@example.com,Norwich,GB,16,2010-10-06,medium
4390,Elena,Mensah,elena.mensah4389@example.com,Galway,IE,39,2019-07-22,medium
4391,Ingrid,Renard,ingrid.renard4390@example.com,Aarhus,DK,26,2016-07-24,
4392,Viktor,Hale,viktor.hale4391@example.com,Tampere,FI,22,2010-06-03,
4393,Amara,Silva,amara.silva4392@example.com,Utrecht,NL,23,2021-06-07,
4394,Hana,Thorne,hana.thorne4393@example.com,Toronto,CA,28,2025-10-12,
4395,Elena,Shah,elena.shah4394@example.com,Utrecht,NL,26,2016-11-03,medium
4396,Kwame,Ashworth,kwame.ashworth4395@example.com,Tucson,US,8,2014-04-21,
4397,Viktor,Zamora,viktor.zamora4396@example.com,Sheffield,GB,40,2012-11-25,
4398,Ravi,Abbott,ravi.abbott4397@example.com,Austin,US,35,2010-07-13,low
4399,Mateo,Ellery,mateo.ellery4398@example.com,Montpellier,FR,32,2018-02-15,low
4400,Greta,Nyberg,greta.nyberg4399@example.com,Ljubljana,SI,22,2022-09-14,
4401,Elena,Rahman,elena.rahman4400@example.com,Halifax,CA,39,2011-06-15,medium
4402,Rafael,Fischer,rafael.fischer4401@example.com,Columbus,US,33,2010-03-19,
4403,Yuki,Petrov,yuki.petrov4402@example.com,Austin,US,30,2012-01-10,low
4404,Pieter,Vogt,pieter.vogt4403@example.com,Austin,US,10,2020-02-19,
4405,Lena,Rossi,lena.rossi4404@example.com,Austin,US,31,2022-01-27,low
4406,Viktor,Diaz,viktor.diaz4405@example.com,Montpellier,FR,12,2009-12-26,
4407,Viktor,Ibrahim,viktor.ibrahim4406@example.com,Ljubljana,SI,22,2019-08-14,low
4408,Lena,Farrow,lena.farrow4407@example.com,Cork,IE,40,2022-12-08,
4409,Elena,Cole,elena.cole4408@example.com,Montpellier,FR,18,2017-08-17,high
4410,Arjun,Achebe,arjun.achebe4409@example.com,Victoria,CA,9,2016-05-07,medium
4411,Delphine,Moreau,delphine.moreau4410@example.com,Tampere,FI,16,2016-12-12,
4412,Viktor,Iqbal,viktor.iqbal4411@example.com,Ljubljana,SI,23,2013-05-05,
4413,Ravi,Adeyemi,ravi.adeyemi4412@example.com,Galway,IE,31,2014-03-03,medium
4414,Esme,Cormack,esme.cormack4413@example.com,Valencia,ES,3,2016-04-26,
4415,Nadia,Fischer,nadia.fischer4414@example.com,Leipzig,DE,18,2020-08-03,
4416,Tobias,Renard,tobias.renard4415@example.com,Uppsala,SE,22,2018-09-01,
4417,Camille,Sandoval,camille.sandoval4416@example.com,Freiburg,DE,17,2014-09-07,
4418,Malik,Ferreira,malik.ferreira4417@example.com,Uppsala,SE,27,2019-04-13,
4419,Mateo,Mensah,mateo.mensah4418@example.com,Denver,US,28,2010-09-15,low
4420,Viktor,Park,viktor.park4419@example.com,Hobart,AU,31,2013-03-14,medium
4421,Mateo,Novak,mateo.novak4420@example.com,Denver,US,38,2016-10-12,
4422,Bianca,Brennan,bianca.brennan4421@example.com,Nantes,FR,38,2021-09-21,
4423,Elena,Quinn,elena.quinn4422@example.com,Denver,US,35,2023-07-21,
4424,Nadia,Brennan,nadia.brennan4423@example.com,Valencia,ES,32,2023-04-22,
4425,Hana,Sorensen,hana.sorensen4424@example.com,Sheffield,GB,29,2022-10-11,
4426,Jonas,Dubois,jonas.dubois4425@example.com,Raleigh,US,34,2013-05-09,low
4427,Mateo,Zamora,mateo.zamora4426@example.com,Columbus,US,6,2015-12-25,
4428,Alma,Larsen,alma.larsen4427@example.com,Nantes,FR,21,2021-07-20,
4429,Priya,Achebe,priya.achebe4428@example.com,Porto,PT,2,2016-10-02,
4430,Omar,Baptiste,omar.baptiste4429@example.com,Nantes,FR,20,2018-11-10,low
4431,Claire,Whitfield,claire.whitfield4430@example.com,Manchester,GB,40,2011-02-07,low
4432,Viktor,Zamora,viktor.zamora4431@example.com,Raleigh,US,9,2025-11-04,low
4433,Leila,Thorne,leila.thorne4432@example.com,Tampere,FI,18,2024-06-23,
4434,Pieter,Lund,pieter.lund4433@example.com,Adelaide,AU,18,2017-06-05,
4435,Sara,Nair,sara.nair4434@example.com,Porto,PT,16,2009-02-05,
4436,Marta,Beaumont,marta.beaumont4435@example.com,Valencia,ES,21,2020-12-10,
4437,Nora,Castellanos,nora.castellanos4436@example.com,Tucson,US,12,2016-04-27,
4438,Felix,Iqbal,felix.iqbal4437@example.com,Tucson,US,27,2025-12-25,medium
4439,Rafael,Lindqvist,rafael.lindqvist4438@example.com,Porto,PT,19,2020-11-07,low
4440,Aoife,Voss,aoife.voss4439@example.com,Columbus,US,23,2015-05-13,
4441,Kwame,Kowalski,kwame.kowalski4440@example.com,Galway,IE,5,2019-10-16,
4442,Hugo,Bauer,hugo.bauer4441@example.com,Tucson,US,23,2015-11-06,
4443,Jonas,Reed,jonas.reed4442@example.com,Bergen,NO,31,2023-05-10,
4444,Sara,Ferreira,sara.ferreira4443@example.com,Adelaide,AU,39,2008-11-01,
4445,Tarek,Bergstrom,tarek.bergstrom4444@example.com,Uppsala,SE,29,2014-03-18,
4446,Lena,Nair,lena.nair4445@example.com,Freiburg,DE,3,2019-09-04,
4447,Arjun,Moreau,arjun.moreau4446@example.com,Raleigh,US,26,2010-03-08,medium
4448,Fatima,Wexler,fatima.wexler4447@example.com,Perth,AU,3,2018-12-05,low
4449,Sofia,Bergstrom,sofia.bergstrom4448@example.com,Porto,PT,7,2017-07-09,
4450,Josefina,Frost,josefina.frost4449@example.com,Uppsala,SE,7,2011-04-18,medium
4451,Ingrid,Farrow,ingrid.farrow4450@example.com,Tampere,FI,13,2017-11-10,
4452,Andres,Marchetti,andres.marchetti4451@example.com,Manchester,GB,6,2020-02-03,
4453,Tom,Sorensen,tom.sorensen4452@example.com,Groningen,NL,31,2009-10-18,
4454,Andres,Shah,andres.shah4453@example.com,Sheffield,GB,31,2018-04-20,low
4455,Jonas,Ricci,jonas.ricci4454@example.com,Leipzig,DE,37,2009-10-24,
4456,Iris,Rossi,iris.rossi4455@example.com,Utrecht,NL,36,2009-03-22,
4457,Ciara,Rahman,ciara.rahman4456@example.com,Valencia,ES,32,2009-11-22,
4458,Sara,Cormack,sara.cormack4457@example.com,Victoria,CA,14,2021-01-03,
4459,Marta,Wexler,marta.wexler4458@example.com,Tucson,US,36,2012-02-19,
4460,Kofi,Silva,kofi.silva4459@example.com,Norwich,GB,3,2010-03-19,
4461,Omar,Mwangi,omar.mwangi4460@example.com,Halifax,CA,15,2018-05-26,
4462,Esme,Beaumont,esme.beaumont4461@example.com,Toronto,CA,24,2009-08-20,
4463,Rafael,Zamora,rafael.zamora4462@example.com,Freiburg,DE,12,2020-07-13,
4464,Elena,Mensah,elena.mensah4463@example.com,Valencia,ES,11,2014-01-10,
4465,Wren,Roy,wren.roy4464@example.com,Uppsala,SE,17,2017-05-07,
4466,Marta,Fischer,marta.fischer4465@example.com,Galway,IE,16,2016-09-03,
4467,Ana,Park,ana.park4466@example.com,Aarhus,DK,39,2019-01-24,
4468,Marta,Sorensen,marta.sorensen4467@example.com,Uppsala,SE,40,2025-07-13,
4469,Emeka,Bauer,emeka.bauer4468@example.com,Bologna,IT,17,2021-12-07,low
4470,Bianca,Reed,bianca.reed4469@example.com,Groningen,NL,17,2008-02-24,
4471,Hana,Rahman,hana.rahman4470@example.com,Columbus,US,1,2018-10-15,
4472,Nell,Shah,nell.shah4471@example.com,Manchester,GB,27,2011-03-08,
4473,Bruno,Brennan,bruno.brennan4472@example.com,Portland,US,2,2010-02-17,
4474,Arjun,Renard,arjun.renard4473@example.com,Auckland,NZ,32,2012-02-07,
4475,Esme,Ferreira,esme.ferreira4474@example.com,Perth,AU,22,2023-12-16,
4476,Zara,Tan,zara.tan4475@example.com,Groningen,NL,1,2020-12-17,
4477,Ciara,Moreau,ciara.moreau4476@example.com,Valencia,ES,4,2014-04-17,
4478,Lena,Brennan,lena.brennan4477@example.com,Galway,IE,5,2013-08-15,
4479,Rafael,Rahman,rafael.rahman4478@example.com,Perth,AU,38,2012-08-06,
4480,Samir,Sandoval,samir.sandoval4479@example.com,Adelaide,AU,28,2025-09-23,
4481,Felix,Frost,felix.frost4480@example.com,Galway,IE,7,2012-09-15,low
4482,Nadia,Cole,nadia.cole4481@example.com,Bristol,GB,18,2023-10-19,medium
4483,Eli,Lund,eli.lund4482@example.com,Bergen,NO,7,2025-10-28,low
4484,Josefina,Delgado,josefina.delgado4483@example.com,Austin,US,6,2021-08-23,low
4485,Anton,Moreau,anton.moreau4484@example.com,Valencia,ES,23,2018-04-14,
4486,Rosa,Rossi,rosa.rossi4485@example.com,Valencia,ES,36,2024-09-28,low
4487,Marta,Kowalski,marta.kowalski4486@example.com,Auckland,NZ,4,2009-10-25,
4488,Ciara,Rahman,ciara.rahman4487@example.com,Victoria,CA,18,2010-02-05,high
4489,Wren,Solberg,wren.solberg4488@example.com,Auckland,NZ,24,2019-08-14,
4490,Eli,Petrov,eli.petrov4489@example.com,Victoria,CA,14,2025-10-19,
4491,Omar,Voss,omar.voss4490@example.com,Sheffield,GB,8,2023-10-12,
4492,Andres,Beaumont,andres.beaumont4491@example.com,Valencia,ES,14,2024-01-08,
4493,Viktor,Brennan,viktor.brennan4492@example.com,Montpellier,FR,17,2013-06-06,
4494,Lars,Kaur,lars.kaur4493@example.com,Bristol,GB,11,2025-02-23,low
4495,Arjun,Lund,arjun.lund4494@example.com,Galway,IE,4,2009-09-22,medium
4496,Alma,Osei,alma.osei4495@example.com,Galway,IE,23,2014-08-21,
4497,Nell,Brennan,nell.brennan4496@example.com,Tampere,FI,10,2021-07-22,
4498,Fatima,Kirby,fatima.kirby4497@example.com,Valencia,ES,30,2025-04-15,
4499,Claire,Vance,claire.vance4498@example.com,Bristol,GB,19,2017-08-20,low
4500,Malik,Moreau,malik.moreau4499@example.com,Leipzig,DE,21,2013-08-07,
4501,Greta,Nair,greta.nair4500@example.com,Uppsala,SE,22,2013-09-06,low
4502,Nora,Roy,nora.roy4501@example.com,Ljubljana,SI,14,2024-01-28,
4503,Tom,Ricci,tom.ricci4502@example.com,Nantes,FR,21,2008-05-25,
4504,Esme,Hale,esme.hale4503@example.com,Auckland,NZ,39,2017-05-04,
4505,Greta,Kowalski,greta.kowalski4504@example.com,Raleigh,US,34,2025-09-13,
4506,Omar,Silva,omar.silva4505@example.com,Bristol,GB,9,2008-02-11,low
4507,Raj,Abbott,raj.abbott4506@example.com,Leipzig,DE,24,2025-12-02,
4508,Amara,Castellanos,amara.castellanos4507@example.com,Tucson,US,40,2011-02-02,
4509,Nora,Renard,nora.renard4508@example.com,Columbus,US,23,2015-07-21,
4510,Noel,Baptiste,noel.baptiste4509@example.com,Tucson,US,21,2023-02-24,
4511,Jonas,Vogt,jonas.vogt4510@example.com,Victoria,CA,1,2021-03-13,low
4512,Ana,Iqbal,ana.iqbal4511@example.com,Columbus,US,33,2010-10-25,
4513,Esme,Cole,esme.cole4512@example.com,Bergen,NO,19,2016-06-26,
4514,Rafael,Kowalski,rafael.kowalski4513@example.com,Galway,IE,19,2022-08-08,
4515,Kwame,Ashworth,kwame.ashworth4514@example.com,Auckland,NZ,3,2023-01-20,
4516,Alma,Sorensen,alma.sorensen4515@example.com,Dunedin,NZ,34,2017-10-06,
4517,Maya,Beaumont,maya.beaumont4516@example.com,Nantes,FR,19,2013-01-17,low
4518,Pieter,Marchetti,pieter.marchetti4517@example.com,Hobart,AU,25,2022-10-20,
4519,Maya,Mensah,maya.mensah4518@example.com,Portland,US,39,2010-02-06,medium
4520,Zara,Marchetti,zara.marchetti4519@example.com,Raleigh,US,30,2017-11-21,
4521,Ravi,Frost,ravi.frost4520@example.com,Toronto,CA,11,2020-06-28,
4522,Raj,Rossi,raj.rossi4521@example.com,Perth,AU,25,2020-06-18,
4523,Alma,Nakamura,alma.nakamura4522@example.com,Austin,US,2,2012-09-22,
4524,Kiran,Halloran,kiran.halloran4523@example.com,Valencia,ES,13,2010-07-25,
4525,Rafael,Silva,rafael.silva4524@example.com,Tampere,FI,39,2018-06-24,
4526,Lena,Roy,lena.roy4525@example.com,Hobart,AU,27,2018-11-28,
4527,Emeka,Beaumont,emeka.beaumont4526@example.com,Utrecht,NL,27,2025-05-19,
4528,Yuki,Haddad,yuki.haddad4527@example.com,Leipzig,DE,26,2010-08-19,
4529,Jonas,Voss,jonas.voss4528@example.com,Victoria,CA,18,2019-02-15,
4530,Bruno,Kaur,bruno.kaur4529@example.com,Freiburg,DE,35,2014-12-08,low
4531,Solveig,Rossi,solveig.rossi4530@example.com,Hobart,AU,20,2016-02-14,low
4532,Marta,Zamora,marta.zamora4531@example.com,Groningen,NL,36,2011-09-19,
4533,Leila,Achebe,leila.achebe4532@example.com,Victoria,CA,22,2022-05-02,low
4534,Idris,Ferreira,idris.ferreira4533@example.com,Tampere,FI,24,2016-03-24,
4535,Jon,Renard,jon.renard4534@example.com,Tucson,US,23,2013-05-06,
4536,Rosa,Roy,rosa.roy4535@example.com,Cork,IE,18,2023-09-19,
4537,Hugo,Achebe,hugo.achebe4536@example.com,Raleigh,US,18,2020-06-28,
4538,Hana,Whitfield,hana.whitfield4537@example.com,Galway,IE,40,2009-02-24,low
4539,Nora,Achebe,nora.achebe4538@example.com,Perth,AU,37,2016-06-24,low
4540,Wren,Haddad,wren.haddad4539@example.com,Bristol,GB,20,2012-03-26,
4541,Viktor,Sandoval,viktor.sandoval4540@example.com,Perth,AU,33,2017-12-12,
4542,Kwame,Quinn,kwame.quinn4541@example.com,Nantes,FR,26,2015-02-09,
4543,Andres,Moreau,andres.moreau4542@example.com,Ljubljana,SI,14,2009-12-06,low
4544,Pieter,Baptiste,pieter.baptiste4543@example.com,Leipzig,DE,37,2013-03-03,
4545,Aoife,Park,aoife.park4544@example.com,Utrecht,NL,5,2015-10-05,
4546,Hana,Shah,hana.shah4545@example.com,Austin,US,14,2025-11-04,
4547,Signe,Larsen,signe.larsen4546@example.com,Auckland,NZ,29,2015-03-02,medium
4548,Idris,Voss,idris.voss4547@example.com,Perth,AU,5,2011-05-14,
4549,Zara,Achebe,zara.achebe4548@example.com,Toronto,CA,4,2024-06-02,
4550,Solveig,Baptiste,solveig.baptiste4549@example.com,Galway,IE,10,2025-08-17,
4551,Mateo,Roy,mateo.roy4550@example.com,Valencia,ES,33,2017-08-17,low
4552,Aoife,Marchetti,aoife.marchetti4551@example.com,Ljubljana,SI,27,2012-05-14,
4553,Idris,Wexler,idris.wexler4552@example.com,Bologna,IT,14,2013-01-03,
4554,Pieter,Ricci,pieter.ricci4553@example.com,Bergen,NO,2,2016-09-01,
4555,Raj,Shah,raj.shah4554@example.com,Auckland,NZ,36,2019-02-01,low
4556,Camille,Larsen,camille.larsen4555@example.com,Sheffield,GB,26,2011-04-13,
4557,Rafael,Rahman,rafael.rahman4556@example.com,Leipzig,DE,2,2024-11-06,
4558,Kwame,Ellery,kwame.ellery4557@example.com,Denver,US,38,2011-11-26,
4559,Greta,Fischer,greta.fischer4558@example.com,Nantes,FR,26,2009-10-22,
4560,Emeka,Castellanos,emeka.castellanos4559@example.com,Dunedin,NZ,3,2018-08-03,
4561,Signe,Quinn,signe.quinn4560@example.com,Montpellier,FR,23,2013-07-18,
4562,Jon,Diaz,jon.diaz4561@example.com,Ljubljana,SI,29,2013-05-19,low
4563,Jon,Tan,jon.tan4562@example.com,Sheffield,GB,14,2022-11-16,low
4564,Aoife,Cole,aoife.cole4563@example.com,Halifax,CA,7,2019-02-09,
4565,Andres,Frost,andres.frost4564@example.com,Aarhus,DK,6,2009-05-02,
4566,Ciara,Adeyemi,ciara.adeyemi4565@example.com,Cork,IE,34,2009-02-05,
4567,Sofia,Farrow,sofia.farrow4566@example.com,Victoria,CA,17,2024-10-22,
4568,Amara,Dubois,amara.dubois4567@example.com,Raleigh,US,12,2014-06-09,
4569,Nora,Frost,nora.frost4568@example.com,Portland,US,9,2021-08-03,low
4570,Jon,Ibrahim,jon.ibrahim4569@example.com,Aarhus,DK,28,2013-08-28,
4571,Lars,Zamora,lars.zamora4570@example.com,Austin,US,1,2014-08-15,high
4572,Tomas,Kirby,tomas.kirby4571@example.com,Columbus,US,36,2013-05-24,high
4573,Esme,Vance,esme.vance4572@example.com,Sheffield,GB,39,2016-02-19,
4574,Amara,Mwangi,amara.mwangi4573@example.com,Valencia,ES,24,2021-03-12,
4575,Ciara,Vance,ciara.vance4574@example.com,Portland,US,40,2019-11-07,
4576,Delphine,Kaur,delphine.kaur4575@example.com,Sheffield,GB,34,2022-09-14,
4577,Wren,Sandoval,wren.sandoval4576@example.com,Leipzig,DE,5,2022-09-14,medium
4578,Viktor,Shah,viktor.shah4577@example.com,Toronto,CA,19,2022-03-06,
4579,Solveig,Sorensen,solveig.sorensen4578@example.com,Aarhus,DK,14,2023-04-25,
4580,Ben,Rahman,ben.rahman4579@example.com,Freiburg,DE,9,2022-02-12,
4581,Tomas,Thorne,tomas.thorne4580@example.com,Portland,US,3,2008-12-14,
4582,Viktor,Abbott,viktor.abbott4581@example.com,Adelaide,AU,20,2022-03-21,
4583,Elena,Okafor,elena.okafor4582@example.com,Hobart,AU,9,2022-02-14,
4584,Raj,Kirby,raj.kirby4583@example.com,Groningen,NL,26,2008-10-26,
4585,Jonas,Solberg,jonas.solberg4584@example.com,Porto,PT,4,2010-06-23,
4586,Sofia,Okafor,sofia.okafor4585@example.com,Ljubljana,SI,30,2017-12-24,
4587,Eli,Hale,eli.hale4586@example.com,Norwich,GB,25,2025-12-02,
4588,Aoife,Adeyemi,aoife.adeyemi4587@example.com,Leipzig,DE,31,2018-11-15,low
4589,Hana,Ricci,hana.ricci4588@example.com,Victoria,CA,15,2015-02-12,
4590,Wren,Beaumont,wren.beaumont4589@example.com,Galway,IE,25,2011-02-05,
4591,Idris,Rahman,idris.rahman4590@example.com,Montpellier,FR,29,2011-05-17,
4592,Rafael,Rahman,rafael.rahman4591@example.com,Leipzig,DE,16,2009-10-22,
4593,Priya,Voss,priya.voss4592@example.com,Hobart,AU,2,2019-11-21,
4594,Iris,Rossi,iris.rossi4593@example.com,Manchester,GB,28,2008-01-19,low
4595,Kwame,Marchetti,kwame.marchetti4594@example.com,Manchester,GB,10,2014-02-17,
4596,Tobias,Cole,tobias.cole4595@example.com,Auckland,NZ,1,2024-03-14,high
4597,Nell,Kaur,nell.kaur4596@example.com,Aarhus,DK,2,2020-12-14,
4598,Sara,Frost,sara.frost4597@example.com,Cork,IE,28,2008-09-23,
4599,Wren,Cormack,wren.cormack4598@example.com,Raleigh,US,39,2011-01-10,
4600,Nell,Lindqvist,nell.lindqvist4599@example.com,Utrecht,NL,22,2019-02-04,
4601,Rafael,Ibrahim,rafael.ibrahim4600@example.com,Tucson,US,2,2025-10-11,
4602,Tobias,Bergstrom,tobias.bergstrom4601@example.com,Leipzig,DE,33,2009-05-12,
4603,Maya,Thorne,maya.thorne4602@example.com,Cork,IE,11,2011-09-18,
4604,Malik,Larsen,malik.larsen4603@example.com,Leipzig,DE,8,2024-02-06,
4605,Arjun,Reed,arjun.reed4604@example.com,Perth,AU,31,2014-08-06,
4606,Andres,Baptiste,andres.baptiste4605@example.com,Valencia,ES,22,2009-01-05,
4607,Alma,Larsen,alma.larsen4606@example.com,Dunedin,NZ,39,2016-05-10,
4608,Sean,Roy,sean.roy4607@example.com,Bristol,GB,18,2011-04-08,
4609,Kofi,Moreau,kofi.moreau4608@example.com,Freiburg,DE,32,2017-07-06,
4610,Kofi,Beaumont,kofi.beaumont4609@example.com,Hobart,AU,12,2010-02-26,
4611,Leila,Hale,leila.hale4610@example.com,Auckland,NZ,29,2009-05-03,
4612,Leila,Cole,leila.cole4611@example.com,Nantes,FR,23,2015-03-19,
4613,Esme,Haddad,esme.haddad4612@example.com,Groningen,NL,7,2025-10-23,
4614,Raj,Ibrahim,raj.ibrahim4613@example.com,Bristol,GB,27,2022-10-23,
4615,Lena,Marchetti,lena.marchetti4614@example.com,Valencia,ES,22,2014-12-05,
4616,Esme,Brennan,esme.brennan4615@example.com,Denver,US,10,2010-04-06,medium
4617,Rosa,Marchetti,rosa.marchetti4616@example.com,Manchester,GB,37,2025-10-28,
4618,Greta,Ferreira,greta.ferreira4617@example.com,Groningen,NL,33,2016-04-12,
4619,Alma,Shah,alma.shah4618@example.com,Denver,US,34,2025-10-16,low
4620,Ravi,Ellery,ravi.ellery4619@example.com,Perth,AU,21,2013-08-07,
4621,Yuki,Petrov,yuki.petrov4620@example.com,Austin,US,6,2023-09-17,
4622,Emeka,Voss,emeka.voss4621@example.com,Valencia,ES,34,2022-02-13,low
4623,Tom,Ashworth,tom.ashworth4622@example.com,Porto,PT,26,2018-06-03,medium
4624,Delphine,Cole,delphine.cole4623@example.com,Hobart,AU,27,2022-12-17,
4625,Anton,Farrow,anton.farrow4624@example.com,Montpellier,FR,2,2023-02-05,
4626,Hugo,Marchetti,hugo.marchetti4625@example.com,Nantes,FR,39,2020-08-07,
4627,Raj,Moreau,raj.moreau4626@example.com,Montpellier,FR,30,2023-07-16,
4628,Aoife,Kaur,aoife.kaur4627@example.com,Utrecht,NL,33,2015-10-11,low
4629,Signe,Tan,signe.tan4628@example.com,Bologna,IT,7,2022-06-05,
4630,Zara,Iqbal,zara.iqbal4629@example.com,Halifax,CA,23,2020-09-01,high
4631,Bruno,Voss,bruno.voss4630@example.com,Aarhus,DK,3,2021-04-18,
4632,Aoife,Kowalski,aoife.kowalski4631@example.com,Bologna,IT,16,2019-11-21,
4633,Wren,Ricci,wren.ricci4632@example.com,Halifax,CA,9,2025-11-24,medium
4634,Felix,Silva,felix.silva4633@example.com,Tucson,US,29,2010-12-09,
4635,Sofia,Hale,sofia.hale4634@example.com,Freiburg,DE,16,2016-07-21,low
4636,Sofia,Haddad,sofia.haddad4635@example.com,Columbus,US,35,2020-08-03,
4637,Noel,Lindqvist,noel.lindqvist4636@example.com,Leipzig,DE,40,2015-10-24,
4638,Sean,Kowalski,sean.kowalski4637@example.com,Raleigh,US,5,2021-04-02,low
4639,Felix,Novak,felix.novak4638@example.com,Uppsala,SE,23,2013-03-01,low
4640,Mateo,Ricci,mateo.ricci4639@example.com,Cork,IE,3,2010-03-04,
4641,Rafael,Quinn,rafael.quinn4640@example.com,Dunedin,NZ,19,2017-04-08,
4642,Rafael,Dubois,rafael.dubois4641@example.com,Bologna,IT,5,2016-09-17,low
4643,Alma,Lund,alma.lund4642@example.com,Freiburg,DE,18,2021-01-25,
4644,Iris,Halloran,iris.halloran4643@example.com,Bergen,NO,35,2015-02-24,
4645,Greta,Kirby,greta.kirby4644@example.com,Bologna,IT,22,2020-03-25,medium
4646,Jonas,Park,jonas.park4645@example.com,Norwich,GB,25,2023-05-17,
4647,Camille,Novak,camille.novak4646@example.com,Columbus,US,31,2019-03-12,
4648,Camille,Cole,camille.cole4647@example.com,Tucson,US,38,2009-02-27,
4649,Esme,Sandoval,esme.sandoval4648@example.com,Nantes,FR,27,2018-05-16,
4650,Dmitri,Marchetti,dmitri.marchetti4649@example.com,Sheffield,GB,37,2018-01-12,low
4651,Tom,Delgado,tom.delgado4650@example.com,Leipzig,DE,6,2008-02-07,
4652,Rosa,Kaur,rosa.kaur4651@example.com,Porto,PT,8,2014-01-09,
4653,Ciara,Kowalski,ciara.kowalski4652@example.com,Toronto,CA,37,2019-07-05,
4654,Claire,Vogt,claire.vogt4653@example.com,Dunedin,NZ,25,2019-07-23,
4655,Signe,Novak,signe.novak4654@example.com,Sheffield,GB,39,2014-06-08,low
4656,Josefina,Silva,josefina.silva4655@example.com,Dunedin,NZ,36,2020-05-01,medium
4657,Tom,Abbott,tom.abbott4656@example.com,Manchester,GB,5,2008-09-16,
4658,Tomas,Brennan,tomas.brennan4657@example.com,Nantes,FR,18,2008-10-11,low
4659,Idris,Ricci,idris.ricci4658@example.com,Perth,AU,4,2023-02-27,low
4660,Ravi,Solberg,ravi.solberg4659@example.com,Galway,IE,8,2012-09-05,
4661,Mateo,Tan,mateo.tan4660@example.com,Aarhus,DK,27,2023-11-16,low
4662,Amara,Bauer,amara.bauer4661@example.com,Perth,AU,22,2016-07-01,low
4663,Zara,Nair,zara.nair4662@example.com,Tampere,FI,18,2009-01-17,low
4664,Ravi,Ashworth,ravi.ashworth4663@example.com,Aarhus,DK,30,2014-04-13,low
4665,Raj,Achebe,raj.achebe4664@example.com,Adelaide,AU,27,2017-07-01,
4666,Nora,Sorensen,nora.sorensen4665@example.com,Columbus,US,29,2016-02-28,
4667,Sean,Reed,sean.reed4666@example.com,Bologna,IT,21,2015-11-24,
4668,Sean,Frost,sean.frost4667@example.com,Tucson,US,28,2008-12-22,high
4669,Ingrid,Mensah,ingrid.mensah4668@example.com,Halifax,CA,4,2012-02-13,
4670,Noel,Ueda,noel.ueda4669@example.com,Tucson,US,24,2015-10-18,
4671,Nora,Brennan,nora.brennan4670@example.com,Ljubljana,SI,35,2023-05-21,low
4672,Bruno,Reed,bruno.reed4671@example.com,Bergen,NO,24,2019-04-13,high
4673,Felix,Ricci,felix.ricci4672@example.com,Perth,AU,11,2011-01-14,low
4674,Leila,Lund,leila.lund4673@example.com,Nantes,FR,40,2016-03-14,
4675,Kwame,Ashworth,kwame.ashworth4674@example.com,Bologna,IT,11,2021-06-18,medium
4676,Marta,Vogt,marta.vogt4675@example.com,Aarhus,DK,29,2017-04-19,low
4677,Arjun,Frost,arjun.frost4676@example.com,Montpellier,FR,30,2018-05-19,
4678,Nora,Nair,nora.nair4677@example.com,Denver,US,18,2012-08-19,low
4679,Kiran,Kirby,kiran.kirby4678@example.com,Raleigh,US,13,2012-05-28,
4680,Wren,Brennan,wren.brennan4679@example.com,Tucson,US,30,2011-02-20,
4681,Delphine,Renard,delphine.renard4680@example.com,Porto,PT,15,2008-08-28,
4682,Sara,Nair,sara.nair4681@example.com,Victoria,CA,8,2022-04-01,low
4683,Noel,Bauer,noel.bauer4682@example.com,Ljubljana,SI,21,2022-04-28,
4684,Iris,Kirby,iris.kirby4683@example.com,Bristol,GB,10,2020-06-24,
4685,Tom,Solberg,tom.solberg4684@example.com,Aarhus,DK,30,2008-10-01,
4686,Sean,Renard,sean.renard4685@example.com,Victoria,CA,30,2015-12-17,low
4687,Lena,Park,lena.park4686@example.com,Uppsala,SE,4,2015-06-21,
4688,Ciara,Thorne,ciara.thorne4687@example.com,Bergen,NO,18,2012-12-18,low
4689,Ingrid,Ashworth,ingrid.ashworth4688@example.com,Columbus,US,15,2024-06-06,
4690,Delphine,Frost,delphine.frost4689@example.com,Montpellier,FR,20,2009-04-15,
4691,Arjun,Ibrahim,arjun.ibrahim4690@example.com,Aarhus,DK,32,2019-08-09,
4692,Jon,Lund,jon.lund4691@example.com,Bristol,GB,7,2013-02-18,
4693,Felix,Dubois,felix.dubois4692@example.com,Bristol,GB,14,2025-07-23,
4694,Pieter,Nair,pieter.nair4693@example.com,Porto,PT,7,2010-12-27,
4695,Delphine,Achebe,delphine.achebe4694@example.com,Bologna,IT,40,2012-04-01,
4696,Lena,Nakamura,lena.nakamura4695@example.com,Manchester,GB,27,2023-06-16,
4697,Sofia,Halloran,sofia.halloran4696@example.com,Auckland,NZ,23,2017-08-21,
4698,Bianca,Ashworth,bianca.ashworth4697@example.com,Uppsala,SE,23,2014-05-25,
4699,Mateo,Rahman,mateo.rahman4698@example.com,Galway,IE,31,2017-10-23,
4700,Rafael,Tan,rafael.tan4699@example.com,Cork,IE,21,2016-10-21,
4701,Nadia,Moreau,nadia.moreau4700@example.com,Utrecht,NL,27,2012-10-05,low
4702,Claire,Ueda,claire.ueda4701@example.com,Groningen,NL,15,2008-04-05,
4703,Ben,Vance,ben.vance4702@example.com,Perth,AU,27,2010-07-01,low
4704,Amara,Nyberg,amara.nyberg4703@example.com,Nantes,FR,1,2021-08-27,
4705,Alma,Fischer,alma.fischer4704@example.com,Denver,US,30,2008-02-25,
4706,Signe,Sandoval,signe.sandoval4705@example.com,Groningen,NL,33,2023-07-09,
4707,Elena,Brennan,elena.brennan4706@example.com,Perth,AU,6,2015-12-26,
4708,Kofi,Hale,kofi.hale4707@example.com,Montpellier,FR,32,2016-01-26,
4709,Jon,Sorensen,jon.sorensen4708@example.com,Austin,US,10,2014-03-16,
4710,Leila,Quinn,leila.quinn4709@example.com,Porto,PT,28,2012-01-16,
4711,Pieter,Ueda,pieter.ueda4710@example.com,Porto,PT,35,2023-03-17,
4712,Sean,Lund,sean.lund4711@example.com,Bologna,IT,15,2010-02-19,medium
4713,Ana,Beaumont,ana.beaumont4712@example.com,Toronto,CA,37,2015-08-22,low
4714,Leila,Sandoval,leila.sandoval4713@example.com,Porto,PT,3,2023-09-14,
4715,Aoife,Okafor,aoife.okafor4714@example.com,Bergen,NO,9,2024-08-16,
4716,Iris,Ellery,iris.ellery4715@example.com,Halifax,CA,37,2019-06-02,low
4717,Felix,Ueda,felix.ueda4716@example.com,Victoria,CA,39,2012-05-19,
4718,Claire,Nakamura,claire.nakamura4717@example.com,Tampere,FI,1,2017-03-23,low
4719,Ingrid,Ferreira,ingrid.ferreira4718@example.com,Montpellier,FR,35,2021-08-11,low
4720,Malik,Thorne,malik.thorne4719@example.com,Perth,AU,2,2013-11-22,
4721,Tom,Whitfield,tom.whitfield4720@example.com,Nantes,FR,26,2021-06-05,
4722,Mateo,Abbott,mateo.abbott4721@example.com,Uppsala,SE,5,2025-01-05,
4723,Hugo,Ueda,hugo.ueda4722@example.com,Manchester,GB,23,2010-09-19,
4724,Maya,Achebe,maya.achebe4723@example.com,Ljubljana,SI,32,2024-05-18,
4725,Felix,Nyberg,felix.nyberg4724@example.com,Perth,AU,38,2025-05-24,medium
4726,Sara,Shah,sara.shah4725@example.com,Uppsala,SE,36,2008-11-05,
4727,Tom,Osei,tom.osei4726@example.com,Aarhus,DK,27,2015-03-01,
4728,Sara,Vance,sara.vance4727@example.com,Toronto,CA,34,2024-08-25,
4729,Alma,Sandoval,alma.sandoval4728@example.com,Tucson,US,18,2016-07-01,low
4730,Leila,Renard,leila.renard4729@example.com,Montpellier,FR,3,2014-05-04,
4731,Solveig,Ueda,solveig.ueda4730@example.com,Adelaide,AU,19,2023-05-21,low
4732,Ben,Sandoval,ben.sandoval4731@example.com,Victoria,CA,16,2025-07-20,
4733,Marta,Voss,marta.voss4732@example.com,Bergen,NO,2,2023-07-19,
4734,Kiran,Adeyemi,kiran.adeyemi4733@example.com,Portland,US,21,2018-08-24,
4735,Wren,Ibrahim,wren.ibrahim4734@example.com,Victoria,CA,2,2012-04-28,
4736,Aoife,Brennan,aoife.brennan4735@example.com,Aarhus,DK,31,2018-03-26,low
4737,Tomas,Ricci,tomas.ricci4736@example.com,Galway,IE,35,2009-02-02,
4738,Mateo,Diaz,mateo.diaz4737@example.com,Victoria,CA,39,2012-08-28,
4739,Raj,Ellery,raj.ellery4738@example.com,Valencia,ES,30,2011-08-26,
4740,Anton,Haddad,anton.haddad4739@example.com,Bologna,IT,2,2024-07-06,
4741,Tom,Fischer,tom.fischer4740@example.com,Tampere,FI,33,2018-01-01,
4742,Yuki,Voss,yuki.voss4741@example.com,Tucson,US,20,2011-05-20,low
4743,Sofia,Thorne,sofia.thorne4742@example.com,Denver,US,30,2025-01-27,low
4744,Ravi,Renard,ravi.renard4743@example.com,Aarhus,DK,39,2021-02-05,
4745,Priya,Halloran,priya.halloran4744@example.com,Tampere,FI,1,2008-01-28,
4746,Tobias,Mwangi,tobias.mwangi4745@example.com,Bologna,IT,12,2009-05-15,
4747,Josefina,Ricci,josefina.ricci4746@example.com,Utrecht,NL,18,2025-04-09,low
4748,Sean,Lindqvist,sean.lindqvist4747@example.com,Perth,AU,13,2008-03-25,
4749,Anton,Lindqvist,anton.lindqvist4748@example.com,Norwich,GB,27,2025-07-04,
4750,Nell,Zamora,nell.zamora4749@example.com,Manchester,GB,19,2018-04-23,medium
4751,Kiran,Silva,kiran.silva4750@example.com,Portland,US,14,2014-08-06,
4752,Bianca,Sandoval,bianca.sandoval4751@example.com,Porto,PT,40,2010-05-26,
4753,Raj,Marchetti,raj.marchetti4752@example.com,Porto,PT,22,2009-04-05,
4754,Samir,Ueda,samir.ueda4753@example.com,Montpellier,FR,3,2010-10-10,
4755,Leila,Ibrahim,leila.ibrahim4754@example.com,Adelaide,AU,7,2009-11-28,
4756,Signe,Ellery,signe.ellery4755@example.com,Perth,AU,20,2018-06-09,
4757,Arjun,Lund,arjun.lund4756@example.com,Columbus,US,29,2020-10-03,
4758,Raj,Haddad,raj.haddad4757@example.com,Groningen,NL,19,2011-10-19,
4759,Idris,Reed,idris.reed4758@example.com,Freiburg,DE,1,2011-11-21,
4760,Sara,Ferreira,sara.ferreira4759@example.com,Toronto,CA,33,2019-01-25,
4761,Ravi,Nakamura,ravi.nakamura4760@example.com,Auckland,NZ,17,2010-12-16,
4762,Tom,Halloran,tom.halloran4761@example.com,Norwich,GB,3,2021-05-24,
4763,Elena,Thorne,elena.thorne4762@example.com,Auckland,NZ,1,2015-12-26,
4764,Leila,Sandoval,leila.sandoval4763@example.com,Adelaide,AU,12,2012-05-05,
4765,Leila,Mensah,leila.mensah4764@example.com,Bergen,NO,28,2024-03-23,low
4766,Josefina,Ashworth,josefina.ashworth4765@example.com,Perth,AU,34,2022-05-23,medium
4767,Rosa,Brennan,rosa.brennan4766@example.com,Utrecht,NL,3,2013-03-09,
4768,Lena,Kaur,lena.kaur4767@example.com,Utrecht,NL,11,2019-12-14,medium
4769,Emeka,Larsen,emeka.larsen4768@example.com,Norwich,GB,27,2010-03-16,
4770,Greta,Reed,greta.reed4769@example.com,Toronto,CA,9,2017-02-06,
4771,Jonas,Marchetti,jonas.marchetti4770@example.com,Toronto,CA,8,2020-01-10,low
4772,Jonas,Silva,jonas.silva4771@example.com,Portland,US,17,2018-06-02,
4773,Nell,Brennan,nell.brennan4772@example.com,Auckland,NZ,39,2017-03-07,
4774,Bruno,Lindqvist,bruno.lindqvist4773@example.com,Tampere,FI,4,2023-01-26,
4775,Idris,Novak,idris.novak4774@example.com,Aarhus,DK,27,2009-06-06,
4776,Eli,Vogt,eli.vogt4775@example.com,Halifax,CA,21,2024-09-02,
4777,Tomas,Shah,tomas.shah4776@example.com,Aarhus,DK,4,2011-11-27,low
4778,Hugo,Shah,hugo.shah4777@example.com,Norwich,GB,27,2015-04-26,low
4779,Ingrid,Wexler,ingrid.wexler4778@example.com,Norwich,GB,32,2017-11-15,
4780,Tobias,Achebe,tobias.achebe4779@example.com,Bergen,NO,14,2017-05-02,
4781,Nadia,Cormack,nadia.cormack4780@example.com,Hobart,AU,31,2016-03-23,
4782,Iris,Halloran,iris.halloran4781@example.com,Portland,US,28,2013-08-27,low
4783,Bianca,Bergstrom,bianca.bergstrom4782@example.com,Columbus,US,4,2012-07-17,
4784,Zara,Castellanos,zara.castellanos4783@example.com,Adelaide,AU,32,2012-03-05,
4785,Jonas,Mensah,jonas.mensah4784@example.com,Montpellier,FR,15,2021-06-12,
4786,Omar,Farrow,omar.farrow4785@example.com,Bristol,GB,31,2018-09-24,low
4787,Priya,Frost,priya.frost4786@example.com,Porto,PT,12,2010-08-14,high
4788,Yuki,Diaz,yuki.diaz4787@example.com,Manchester,GB,25,2009-08-12,
4789,Nora,Petrov,nora.petrov4788@example.com,Norwich,GB,37,2014-07-20,
4790,Sara,Thorne,sara.thorne4789@example.com,Denver,US,33,2023-11-24,
4791,Hana,Cole,hana.cole4790@example.com,Manchester,GB,6,2019-01-22,
4792,Josefina,Nyberg,josefina.nyberg4791@example.com,Porto,PT,40,2025-06-09,
4793,Josefina,Thorne,josefina.thorne4792@example.com,Norwich,GB,39,2024-06-10,
4794,Alma,Osei,alma.osei4793@example.com,Denver,US,32,2014-03-01,low
4795,Ciara,Vogt,ciara.vogt4794@example.com,Uppsala,SE,16,2021-01-09,low
4796,Tom,Larsen,tom.larsen4795@example.com,Porto,PT,32,2020-07-10,
4797,Kofi,Roy,kofi.roy4796@example.com,Portland,US,36,2017-04-26,
4798,Tarek,Cormack,tarek.cormack4797@example.com,Cork,IE,39,2023-06-17,
4799,Greta,Bergstrom,greta.bergstrom4798@example.com,Cork,IE,16,2013-09-10,
4800,Tomas,Dubois,tomas.dubois4799@example.com,Manchester,GB,32,2011-12-24,
4801,Andres,Bergstrom,andres.bergstrom4800@example.com,Hobart,AU,6,2019-10-24,
4802,Nadia,Thorne,nadia.thorne4801@example.com,Toronto,CA,4,2019-08-22,
4803,Kiran,Zamora,kiran.zamora4802@example.com,Galway,IE,21,2013-12-16,high
4804,Ravi,Ashworth,ravi.ashworth4803@example.com,Tucson,US,30,2022-05-08,
4805,Hana,Wexler,hana.wexler4804@example.com,Freiburg,DE,4,2023-09-28,low
4806,Fatima,Farrow,fatima.farrow4805@example.com,Tampere,FI,25,2018-01-15,
4807,Fatima,Ashworth,fatima.ashworth4806@example.com,Sheffield,GB,12,2012-10-05,
4808,Leila,Voss,leila.voss4807@example.com,Toronto,CA,34,2012-02-05,
4809,Esme,Iqbal,esme.iqbal4808@example.com,Valencia,ES,7,2022-11-09,
4810,Ciara,Haddad,ciara.haddad4809@example.com,Valencia,ES,27,2021-03-16,
4811,Malik,Moreau,malik.moreau4810@example.com,Tampere,FI,26,2024-06-24,
4812,Kofi,Kirby,kofi.kirby4811@example.com,Bergen,NO,23,2019-12-23,
4813,Sofia,Voss,sofia.voss4812@example.com,Auckland,NZ,29,2014-12-16,
4814,Tomas,Osei,tomas.osei4813@example.com,Tampere,FI,13,2016-10-06,
4815,Dmitri,Haddad,dmitri.haddad4814@example.com,Norwich,GB,31,2020-04-18,
4816,Fatima,Nyberg,fatima.nyberg4815@example.com,Austin,US,25,2023-09-24,
4817,Andres,Lindqvist,andres.lindqvist4816@example.com,Groningen,NL,10,2010-05-20,
4818,Fatima,Haddad,fatima.haddad4817@example.com,Bergen,NO,22,2011-10-19,
4819,Kiran,Ibrahim,kiran.ibrahim4818@example.com,Austin,US,14,2009-04-04,medium
4820,Josefina,Solberg,josefina.solberg4819@example.com,Columbus,US,16,2020-06-05,
4821,Lena,Okafor,lena.okafor4820@example.com,Austin,US,38,2020-04-21,high
4822,Tarek,Cormack,tarek.cormack4821@example.com,Adelaide,AU,5,2024-01-25,
4823,Viktor,Ferreira,viktor.ferreira4822@example.com,Bologna,IT,8,2009-06-20,low
4824,Ben,Iqbal,ben.iqbal4823@example.com,Perth,AU,17,2022-08-22,
4825,Viktor,Cole,viktor.cole4824@example.com,Norwich,GB,7,2009-04-08,
4826,Tobias,Novak,tobias.novak4825@example.com,Bologna,IT,30,2015-12-08,
4827,Ravi,Brennan,ravi.brennan4826@example.com,Austin,US,7,2013-04-05,low
4828,Bianca,Halloran,bianca.halloran4827@example.com,Tucson,US,29,2019-08-02,
4829,Esme,Kaur,esme.kaur4828@example.com,Austin,US,28,2022-03-11,
4830,Kwame,Whitfield,kwame.whitfield4829@example.com,Perth,AU,34,2010-07-15,low
4831,Delphine,Marchetti,delphine.marchetti4830@example.com,Norwich,GB,31,2010-09-18,medium
4832,Signe,Cole,signe.cole4831@example.com,Manchester,GB,16,2014-12-04,
4833,Signe,Nyberg,signe.nyberg4832@example.com,Auckland,NZ,13,2023-07-11,
4834,Anton,Ferreira,anton.ferreira4833@example.com,Tucson,US,24,2018-11-02,low
4835,Sofia,Mwangi,sofia.mwangi4834@example.com,Cork,IE,35,2012-03-01,
4836,Ana,Beaumont,ana.beaumont4835@example.com,Aarhus,DK,25,2015-02-13,
4837,Rafael,Delgado,rafael.delgado4836@example.com,Auckland,NZ,4,2012-02-12,
4838,Hana,Kirby,hana.kirby4837@example.com,Adelaide,AU,27,2011-06-25,
4839,Ben,Rossi,ben.rossi4838@example.com,Tucson,US,29,2010-06-12,medium
4840,Kwame,Farrow,kwame.farrow4839@example.com,Austin,US,10,2018-01-24,low
4841,Wren,Mensah,wren.mensah4840@example.com,Uppsala,SE,17,2017-01-07,low
4842,Anton,Bauer,anton.bauer4841@example.com,Bristol,GB,21,2009-04-15,
4843,Leila,Kaur,leila.kaur4842@example.com,Hobart,AU,4,2015-02-07,
4844,Ben,Delgado,ben.delgado4843@example.com,Austin,US,2,2022-03-25,
4845,Leila,Ricci,leila.ricci4844@example.com,Montpellier,FR,3,2023-01-21,
4846,Nora,Dubois,nora.dubois4845@example.com,Toronto,CA,31,2013-10-02,
4847,Fatima,Hale,fatima.hale4846@example.com,Portland,US,20,2012-06-20,
4848,Tomas,Nair,tomas.nair4847@example.com,Norwich,GB,33,2024-01-05,
4849,Dmitri,Ferreira,dmitri.ferreira4848@example.com,Bergen,NO,38,2008-11-16,low
4850,Claire,Mwangi,claire.mwangi4849@example.com,Toronto,CA,1,2013-03-21,
4851,Elena,Roy,elena.roy4850@example.com,Nantes,FR,12,2020-01-24,
4852,Bianca,Novak,bianca.novak4851@example.com,Columbus,US,37,2017-03-09,
4853,Sara,Tan,sara.tan4852@example.com,Victoria,CA,1,2018-12-07,
4854,Marta,Kirby,marta.kirby4853@example.com,Ljubljana,SI,1,2015-08-10,low
4855,Nadia,Lund,nadia.lund4854@example.com,Austin,US,3,2015-05-20,
4856,Andres,Dubois,andres.dubois4855@example.com,Toronto,CA,38,2010-01-16,
4857,Dmitri,Kaur,dmitri.kaur4856@example.com,Uppsala,SE,18,2013-06-02,
4858,Ravi,Baptiste,ravi.baptiste4857@example.com,Galway,IE,12,2015-09-24,
4859,Claire,Diaz,claire.diaz4858@example.com,Groningen,NL,39,2009-01-26,
4860,Sara,Bergstrom,sara.bergstrom4859@example.com,Austin,US,36,2021-01-05,
4861,Amara,Cormack,amara.cormack4860@example.com,Auckland,NZ,7,2019-03-10,
4862,Malik,Kirby,malik.kirby4861@example.com,Raleigh,US,32,2014-02-18,
4863,Ingrid,Farrow,ingrid.farrow4862@example.com,Sheffield,GB,6,2023-11-13,
4864,Omar,Osei,omar.osei4863@example.com,Dunedin,NZ,3,2015-06-19,
4865,Emeka,Lund,emeka.lund4864@example.com,Aarhus,DK,39,2008-05-06,
4866,Leila,Halloran,leila.halloran4865@example.com,Bologna,IT,7,2023-02-05,low
4867,Lena,Kowalski,lena.kowalski4866@example.com,Ljubljana,SI,11,2009-07-18,low
4868,Tarek,Nyberg,tarek.nyberg4867@example.com,Leipzig,DE,8,2008-01-20,
4869,Iris,Whitfield,iris.whitfield4868@example.com,Dunedin,NZ,24,2010-07-07,
4870,Delphine,Marchetti,delphine.marchetti4869@example.com,Bergen,NO,16,2015-08-25,
4871,Jon,Zamora,jon.zamora4870@example.com,Nantes,FR,10,2018-06-21,
4872,Emeka,Beaumont,emeka.beaumont4871@example.com,Norwich,GB,35,2022-03-16,
4873,Ravi,Vogt,ravi.vogt4872@example.com,Cork,IE,20,2009-01-20,
4874,Andres,Ashworth,andres.ashworth4873@example.com,Norwich,GB,27,2010-07-16,
4875,Felix,Delgado,felix.delgado4874@example.com,Groningen,NL,29,2021-01-17,low
4876,Priya,Halloran,priya.halloran4875@example.com,Raleigh,US,18,2015-05-15,
4877,Fatima,Quinn,fatima.quinn4876@example.com,Freiburg,DE,18,2021-04-05,
4878,Omar,Sandoval,omar.sandoval4877@example.com,Nantes,FR,3,2021-02-02,medium
4879,Idris,Bergstrom,idris.bergstrom4878@example.com,Aarhus,DK,10,2013-02-16,
4880,Sara,Osei,sara.osei4879@example.com,Columbus,US,6,2014-11-15,
4881,Malik,Ashworth,malik.ashworth4880@example.com,Auckland,NZ,17,2011-03-06,
4882,Sara,Silva,sara.silva4881@example.com,Uppsala,SE,9,2020-08-06,medium
4883,Esme,Beaumont,esme.beaumont4882@example.com,Bologna,IT,37,2017-12-15,
4884,Ingrid,Quinn,ingrid.quinn4883@example.com,Nantes,FR,7,2025-01-06,high
4885,Hana,Kaur,hana.kaur4884@example.com,Freiburg,DE,13,2009-07-09,
4886,Malik,Haddad,malik.haddad4885@example.com,Denver,US,18,2008-02-08,
4887,Yuki,Zamora,yuki.zamora4886@example.com,Bologna,IT,2,2010-10-13,
4888,Greta,Rahman,greta.rahman4887@example.com,Ljubljana,SI,6,2015-12-11,
4889,Emeka,Halloran,emeka.halloran4888@example.com,Tampere,FI,36,2025-02-07,
4890,Tarek,Tan,tarek.tan4889@example.com,Portland,US,38,2010-12-27,
4891,Claire,Sandoval,claire.sandoval4890@example.com,Utrecht,NL,37,2018-01-20,
4892,Malik,Bergstrom,malik.bergstrom4891@example.com,Adelaide,AU,4,2021-09-16,
4893,Priya,Thorne,priya.thorne4892@example.com,Porto,PT,40,2022-05-18,
4894,Tomas,Roy,tomas.roy4893@example.com,Auckland,NZ,34,2023-04-25,low
4895,Emeka,Nair,emeka.nair4894@example.com,Tampere,FI,26,2022-02-14,
4896,Nora,Lund,nora.lund4895@example.com,Freiburg,DE,8,2014-12-13,
4897,Lars,Shah,lars.shah4896@example.com,Denver,US,13,2019-02-22,high
4898,Priya,Kowalski,priya.kowalski4897@example.com,Uppsala,SE,16,2016-03-20,high
4899,Tomas,Ferreira,tomas.ferreira4898@example.com,Tucson,US,11,2019-04-01,
4900,Samir,Cole,samir.cole4899@example.com,Raleigh,US,39,2009-06-16,
4901,Hana,Mwangi,hana.mwangi4900@example.com,Bologna,IT,36,2017-03-19,low
4902,Rafael,Delgado,rafael.delgado4901@example.com,Aarhus,DK,38,2017-02-06,
4903,Fatima,Delgado,fatima.delgado4902@example.com,Columbus,US,39,2023-04-16,
4904,Samir,Baptiste,samir.baptiste4903@example.com,Raleigh,US,12,2008-03-18,
4905,Felix,Delgado,felix.delgado4904@example.com,Auckland,NZ,31,2020-08-23,
4906,Sara,Petrov,sara.petrov4905@example.com,Ljubljana,SI,6,2019-02-14,
4907,Delphine,Nakamura,delphine.nakamura4906@example.com,Portland,US,37,2012-01-22,medium
4908,Esme,Adeyemi,esme.adeyemi4907@example.com,Montpellier,FR,36,2011-12-16,
4909,Maya,Silva,maya.silva4908@example.com,Manchester,GB,27,2020-06-24,
4910,Marta,Kirby,marta.kirby4909@example.com,Galway,IE,30,2025-06-01,high
4911,Jon,Solberg,jon.solberg4910@example.com,Manchester,GB,5,2024-05-09,
4912,Tarek,Nakamura,tarek.nakamura4911@example.com,Nantes,FR,22,2017-07-25,
4913,Malik,Ibrahim,malik.ibrahim4912@example.com,Dunedin,NZ,4,2008-04-12,low
4914,Bruno,Nair,bruno.nair4913@example.com,Sheffield,GB,22,2013-01-23,
4915,Dmitri,Dubois,dmitri.dubois4914@example.com,Porto,PT,7,2018-06-08,
4916,Rosa,Lund,rosa.lund4915@example.com,Norwich,GB,35,2019-06-25,
4917,Hugo,Sorensen,hugo.sorensen4916@example.com,Utrecht,NL,17,2016-03-13,low
4918,Felix,Bauer,felix.bauer4917@example.com,Portland,US,14,2008-02-01,
4919,Ingrid,Mwangi,ingrid.mwangi4918@example.com,Dunedin,NZ,8,2012-12-17,
4920,Sofia,Halloran,sofia.halloran4919@example.com,Freiburg,DE,40,2017-08-02,low
4921,Tobias,Kowalski,tobias.kowalski4920@example.com,Galway,IE,17,2020-06-15,
4922,Hana,Kowalski,hana.kowalski4921@example.com,Galway,IE,21,2014-03-04,
4923,Rosa,Baptiste,rosa.baptiste4922@example.com,Columbus,US,16,2020-11-21,medium
4924,Arjun,Osei,arjun.osei4923@example.com,Bologna,IT,24,2021-06-25,low
4925,Felix,Dubois,felix.dubois4924@example.com,Leipzig,DE,10,2021-11-23,
4926,Marta,Okafor,marta.okafor4925@example.com,Groningen,NL,17,2010-10-07,
4927,Priya,Reed,priya.reed4926@example.com,Denver,US,8,2016-11-15,medium
4928,Malik,Mensah,malik.mensah4927@example.com,Perth,AU,27,2014-07-13,
4929,Fatima,Halloran,fatima.halloran4928@example.com,Manchester,GB,13,2017-02-23,
4930,Delphine,Rahman,delphine.rahman4929@example.com,Uppsala,SE,30,2008-11-02,
4931,Bruno,Beaumont,bruno.beaumont4930@example.com,Montpellier,FR,19,2021-05-25,
4932,Nadia,Brennan,nadia.brennan4931@example.com,Dunedin,NZ,17,2021-09-08,
4933,Josefina,Park,josefina.park4932@example.com,Perth,AU,22,2011-05-06,high
4934,Samir,Larsen,samir.larsen4933@example.com,Valencia,ES,8,2013-04-20,
4935,Yuki,Sandoval,yuki.sandoval4934@example.com,Leipzig,DE,10,2016-04-28,
4936,Jon,Silva,jon.silva4935@example.com,Groningen,NL,36,2010-05-12,
4937,Esme,Haddad,esme.haddad4936@example.com,Dunedin,NZ,14,2025-03-22,
4938,Sofia,Park,sofia.park4937@example.com,Portland,US,35,2008-02-07,
4939,Raj,Lindqvist,raj.lindqvist4938@example.com,Adelaide,AU,38,2009-01-02,
4940,Dmitri,Osei,dmitri.osei4939@example.com,Dunedin,NZ,4,2023-03-28,low
4941,Fatima,Petrov,fatima.petrov4940@example.com,Tampere,FI,9,2020-06-08,
4942,Felix,Ricci,felix.ricci4941@example.com,Halifax,CA,36,2009-12-17,
4943,Ben,Delgado,ben.delgado4942@example.com,Porto,PT,23,2020-02-05,low
4944,Bianca,Petrov,bianca.petrov4943@example.com,Perth,AU,29,2018-01-06,
4945,Ingrid,Ashworth,ingrid.ashworth4944@example.com,Raleigh,US,18,2012-08-01,
4946,Sofia,Larsen,sofia.larsen4945@example.com,Adelaide,AU,7,2014-05-28,low
4947,Felix,Park,felix.park4946@example.com,Uppsala,SE,40,2014-05-05,
4948,Anton,Larsen,anton.larsen4947@example.com,Dunedin,NZ,38,2010-05-19,
4949,Bianca,Baptiste,bianca.baptiste4948@example.com,Porto,PT,14,2025-05-27,high
4950,Sean,Cole,sean.cole4949@example.com,Adelaide,AU,14,2018-08-16,high
4951,Esme,Nair,esme.nair4950@example.com,Adelaide,AU,27,2020-12-10,low
4952,Lars,Abbott,lars.abbott4951@example.com,Montpellier,FR,28,2022-04-28,
4953,Ravi,Wexler,ravi.wexler4952@example.com,Freiburg,DE,16,2014-01-18,
4954,Hugo,Rahman,hugo.rahman4953@example.com,Auckland,NZ,2,2021-10-25,
4955,Andres,Ferreira,andres.ferreira4954@example.com,Halifax,CA,36,2024-01-21,
4956,Samir,Voss,samir.voss4955@example.com,Bergen,NO,1,2019-09-27,
4957,Eli,Ellery,eli.ellery4956@example.com,Uppsala,SE,8,2008-12-20,
4958,Zara,Park,zara.park4957@example.com,Valencia,ES,1,2012-04-16,
4959,Tobias,Beaumont,tobias.beaumont4958@example.com,Dunedin,NZ,20,2012-02-27,
4960,Bianca,Kowalski,bianca.kowalski4959@example.com,Columbus,US,32,2023-07-12,
4961,Malik,Bergstrom,malik.bergstrom4960@example.com,Bologna,IT,30,2025-05-26,low
4962,Emeka,Ricci,emeka.ricci4961@example.com,Victoria,CA,9,2013-06-21,high
4963,Rafael,Vogt,rafael.vogt4962@example.com,Portland,US,29,2022-04-01,high
4964,Delphine,Voss,delphine.voss4963@example.com,Perth,AU,34,2018-01-27,
4965,Kofi,Voss,kofi.voss4964@example.com,Bristol,GB,21,2018-12-09,
4966,Idris,Ferreira,idris.ferreira4965@example.com,Tampere,FI,32,2018-05-26,
4967,Ciara,Ferreira,ciara.ferreira4966@example.com,Bergen,NO,29,2015-10-10,
4968,Yuki,Vogt,yuki.vogt4967@example.com,Manchester,GB,24,2024-04-26,
4969,Emeka,Mwangi,emeka.mwangi4968@example.com,Adelaide,AU,15,2013-08-10,
4970,Hana,Park,hana.park4969@example.com,Austin,US,40,2008-02-26,
4971,Tom,Hale,tom.hale4970@example.com,Manchester,GB,2,2011-11-25,
4972,Leila,Ellery,leila.ellery4971@example.com,Austin,US,8,2021-08-01,
4973,Bruno,Achebe,bruno.achebe4972@example.com,Dunedin,NZ,40,2012-10-18,
4974,Fatima,Dubois,fatima.dubois4973@example.com,Bergen,NO,17,2013-11-06,
4975,Marta,Shah,marta.shah4974@example.com,Toronto,CA,17,2008-07-03,
4976,Ingrid,Halloran,ingrid.halloran4975@example.com,Toronto,CA,30,2009-08-18,
4977,Idris,Fischer,idris.fischer4976@example.com,Freiburg,DE,1,2014-09-18,
4978,Lars,Ricci,lars.ricci4977@example.com,Norwich,GB,29,2015-04-23,
4979,Claire,Bauer,claire.bauer4978@example.com,Uppsala,SE,32,2017-04-06,low
4980,Claire,Baptiste,claire.baptiste4979@example.com,Halifax,CA,2,2020-10-14,
4981,Pieter,Delgado,pieter.delgado4980@example.com,Portland,US,21,2025-02-08,
4982,Idris,Halloran,idris.halloran4981@example.com,Galway,IE,18,2016-12-22,
4983,Kofi,Frost,kofi.frost4982@example.com,Tampere,FI,32,2017-06-28,low
4984,Raj,Roy,raj.roy4983@example.com,Utrecht,NL,11,2010-09-24,
4985,Nora,Osei,nora.osei4984@example.com,Columbus,US,30,2015-11-10,
4986,Esme,Halloran,esme.halloran4985@example.com,Cork,IE,14,2014-10-06,low
4987,Felix,Thorne,felix.thorne4986@example.com,Bristol,GB,27,2020-02-28,
4988,Ciara,Cormack,ciara.cormack4987@example.com,Tucson,US,30,2008-01-01,
4989,Hana,Cole,hana.cole4988@example.com,Freiburg,DE,3,2025-01-18,
4990,Pieter,Shah,pieter.shah4989@example.com,Bristol,GB,9,2009-09-25,medium
4991,Mateo,Okafor,mateo.okafor4990@example.com,Bergen,NO,27,2015-12-19,
4992,Yuki,Abbott,yuki.abbott4991@example.com,Raleigh,US,25,2017-02-09,
4993,Solveig,Ueda,solveig.ueda4992@example.com,Halifax,CA,8,2010-10-24,
4994,Lars,Rossi,lars.rossi4993@example.com,Victoria,CA,30,2008-07-02,
4995,Sofia,Zamora,sofia.zamora4994@example.com,Freiburg,DE,1,2022-03-01,
4996,Malik,Ferreira,malik.ferreira4995@example.com,Groningen,NL,29,2019-01-03,
4997,Nora,Ueda,nora.ueda4996@example.com,Dunedin,NZ,39,2010-02-08,
4998,Delphine,Cole,delphine.cole4997@example.com,Nantes,FR,22,2021-05-09,medium
4999,Sean,Ibrahim,sean.ibrahim4998@example.com,Denver,US,20,2022-10-13,
5000,Kwame,Mensah,kwame.mensah4999@example.com,Freiburg,DE,6,2017-05-16,
5001,Ana,Nakamura,ana.nakamura5000@example.com,Montpellier,FR,35,2016-08-15,low
5002,Andres,Iqbal,andres.iqbal5001@example.com,Perth,AU,6,2021-05-17,low
5003,Maya,Nyberg,maya.nyberg5002@example.com,Auckland,NZ,12,2025-01-02,
5004,Tobias,Silva,tobias.silva5003@example.com,Porto,PT,8,2013-03-07,
5005,Delphine,Castellanos,delphine.castellanos5004@example.com,Bergen,NO,32,2020-02-09,
5006,Tobias,Dubois,tobias.dubois5005@example.com,Utrecht,NL,28,2012-12-10,
5007,Delphine,Tan,delphine.tan5006@example.com,Adelaide,AU,15,2014-03-18,
5008,Yuki,Fischer,yuki.fischer5007@example.com,Dunedin,NZ,20,2022-07-13,medium
5009,Bianca,Renard,bianca.renard5008@example.com,Adelaide,AU,29,2023-06-09,
5010,Anton,Roy,anton.roy5009@example.com,Adelaide,AU,8,2021-04-17,
5011,Ravi,Ellery,ravi.ellery5010@example.com,Leipzig,DE,29,2008-01-22,
5012,Sofia,Baptiste,sofia.baptiste5011@example.com,Toronto,CA,12,2024-08-05,
5013,Elena,Iqbal,elena.iqbal5012@example.com,Valencia,ES,25,2015-12-09,
5014,Maya,Shah,maya.shah5013@example.com,Manchester,GB,5,2018-03-14,
5015,Delphine,Nair,delphine.nair5014@example.com,Portland,US,4,2024-08-22,
5016,Josefina,Ueda,josefina.ueda5015@example.com,Groningen,NL,6,2013-12-19,low
5017,Ana,Cormack,ana.cormack5016@example.com,Victoria,CA,2,2014-02-27,low
5018,Arjun,Wexler,arjun.wexler5017@example.com,Victoria,CA,9,2017-01-14,
5019,Esme,Ellery,esme.ellery5018@example.com,Norwich,GB,32,2013-07-09,low
5020,Aoife,Castellanos,aoife.castellanos5019@example.com,Dunedin,NZ,21,2009-04-16,
5021,Rosa,Haddad,rosa.haddad5020@example.com,Porto,PT,37,2017-01-11,
5022,Priya,Achebe,priya.achebe5021@example.com,Cork,IE,37,2011-03-28,
5023,Iris,Lund,iris.lund5022@example.com,Leipzig,DE,30,2014-11-11,medium
5024,Eli,Rahman,eli.rahman5023@example.com,Victoria,CA,18,2014-01-16,
5025,Sofia,Bergstrom,sofia.bergstrom5024@example.com,Aarhus,DK,19,2011-06-24,medium
5026,Priya,Rahman,priya.rahman5025@example.com,Galway,IE,20,2021-07-10,
5027,Ingrid,Iqbal,ingrid.iqbal5026@example.com,Austin,US,35,2013-04-15,
5028,Bruno,Ueda,bruno.ueda5027@example.com,Toronto,CA,22,2023-06-18,
5029,Jonas,Castellanos,jonas.castellanos5028@example.com,Ljubljana,SI,3,2011-01-08,
5030,Arjun,Voss,arjun.voss5029@example.com,Bologna,IT,26,2022-01-21,
5031,Priya,Nakamura,priya.nakamura5030@example.com,Valencia,ES,40,2020-08-22,
5032,Nell,Thorne,nell.thorne5031@example.com,Utrecht,NL,15,2019-06-28,low
5033,Dmitri,Frost,dmitri.frost5032@example.com,Austin,US,11,2016-11-02,
5034,Elena,Moreau,elena.moreau5033@example.com,Adelaide,AU,9,2018-12-03,
5035,Alma,Mwangi,alma.mwangi5034@example.com,Victoria,CA,31,2018-10-13,
5036,Iris,Baptiste,iris.baptiste5035@example.com,Columbus,US,16,2024-04-01,
5037,Iris,Haddad,iris.haddad5036@example.com,Bologna,IT,4,2009-10-04,
5038,Emeka,Dubois,emeka.dubois5037@example.com,Porto,PT,4,2020-08-01,low
5039,Leila,Silva,leila.silva5038@example.com,Hobart,AU,15,2012-10-07,
5040,Alma,Bergstrom,alma.bergstrom5039@example.com,Columbus,US,2,2011-01-12,
5041,Ben,Nair,ben.nair5040@example.com,Victoria,CA,39,2013-07-09,
5042,Wren,Mensah,wren.mensah5041@example.com,Ljubljana,SI,3,2013-09-11,medium
5043,Hugo,Sorensen,hugo.sorensen5042@example.com,Adelaide,AU,20,2025-02-23,low
5044,Iris,Vogt,iris.vogt5043@example.com,Adelaide,AU,17,2020-09-25,
5045,Bruno,Marchetti,bruno.marchetti5044@example.com,Bristol,GB,40,2011-11-01,
5046,Solveig,Tan,solveig.tan5045@example.com,Nantes,FR,33,2020-07-22,
5047,Lena,Ricci,lena.ricci5046@example.com,Leipzig,DE,22,2015-10-23,
5048,Jon,Dubois,jon.dubois5047@example.com,Auckland,NZ,11,2018-09-08,
5049,Delphine,Sorensen,delphine.sorensen5048@example.com,Utrecht,NL,20,2025-06-16,
5050,Ana,Solberg,ana.solberg5049@example.com,Toronto,CA,11,2014-12-26,medium
5051,Greta,Tan,greta.tan5050@example.com,Galway,IE,14,2012-02-12,low
5052,Mateo,Castellanos,mateo.castellanos5051@example.com,Utrecht,NL,5,2025-02-25,
5053,Samir,Adeyemi,samir.adeyemi5052@example.com,Leipzig,DE,29,2014-04-12,medium
5054,Bianca,Frost,bianca.frost5053@example.com,Porto,PT,15,2016-09-15,
5055,Tobias,Solberg,tobias.solberg5054@example.com,Aarhus,DK,19,2010-02-10,low
5056,Ciara,Mensah,ciara.mensah5055@example.com,Bristol,GB,36,2025-06-21,
5057,Rafael,Rahman,rafael.rahman5056@example.com,Austin,US,24,2024-01-20,
5058,Rosa,Renard,rosa.renard5057@example.com,Toronto,CA,9,2013-02-14,low
5059,Delphine,Ashworth,delphine.ashworth5058@example.com,Valencia,ES,28,2010-05-04,
5060,Dmitri,Bauer,dmitri.bauer5059@example.com,Bristol,GB,32,2008-06-10,high
5061,Ravi,Frost,ravi.frost5060@example.com,Valencia,ES,24,2018-09-08,medium
5062,Tomas,Adeyemi,tomas.adeyemi5061@example.com,Victoria,CA,35,2013-12-23,
5063,Omar,Iqbal,omar.iqbal5062@example.com,Dunedin,NZ,21,2013-04-01,low
5064,Lars,Baptiste,lars.baptiste5063@example.com,Auckland,NZ,21,2019-10-09,
5065,Amara,Osei,amara.osei5064@example.com,Toronto,CA,9,2020-05-10,high
5066,Jon,Mwangi,jon.mwangi5065@example.com,Bergen,NO,15,2021-12-06,
5067,Maya,Adeyemi,maya.adeyemi5066@example.com,Freiburg,DE,13,2024-05-13,medium
5068,Nadia,Sorensen,nadia.sorensen5067@example.com,Valencia,ES,10,2022-09-24,
5069,Anton,Cormack,anton.cormack5068@example.com,Sheffield,GB,5,2010-11-09,low
5070,Noel,Park,noel.park5069@example.com,Dunedin,NZ,19,2008-06-27,high
5071,Arjun,Beaumont,arjun.beaumont5070@example.com,Halifax,CA,7,2009-03-14,low
5072,Felix,Rossi,felix.rossi5071@example.com,Bristol,GB,33,2019-06-08,
5073,Kiran,Whitfield,kiran.whitfield5072@example.com,Valencia,ES,33,2023-01-27,
5074,Bruno,Dubois,bruno.dubois5073@example.com,Halifax,CA,6,2015-12-10,
5075,Iris,Nair,iris.nair5074@example.com,Valencia,ES,16,2013-08-22,
5076,Hugo,Sandoval,hugo.sandoval5075@example.com,Groningen,NL,29,2020-11-03,low
5077,Kiran,Shah,kiran.shah5076@example.com,Norwich,GB,25,2010-08-09,
5078,Zara,Bergstrom,zara.bergstrom5077@example.com,Galway,IE,28,2025-02-10,
5079,Dmitri,Sorensen,dmitri.sorensen5078@example.com,Austin,US,18,2017-04-03,
5080,Idris,Rossi,idris.rossi5079@example.com,Austin,US,18,2010-08-15,
5081,Nora,Novak,nora.novak5080@example.com,Bologna,IT,26,2020-03-26,medium
5082,Camille,Thorne,camille.thorne5081@example.com,Columbus,US,39,2016-10-02,low
5083,Viktor,Shah,viktor.shah5082@example.com,Galway,IE,27,2016-12-24,
5084,Amara,Wexler,amara.wexler5083@example.com,Porto,PT,7,2014-07-28,
5085,Lars,Abbott,lars.abbott5084@example.com,Halifax,CA,11,2021-01-19,
5086,Lena,Mwangi,lena.mwangi5085@example.com,Hobart,AU,37,2020-03-08,
5087,Felix,Dubois,felix.dubois5086@example.com,Groningen,NL,23,2020-05-13,medium
5088,Pieter,Kowalski,pieter.kowalski5087@example.com,Sheffield,GB,34,2019-02-23,
5089,Nora,Brennan,nora.brennan5088@example.com,Halifax,CA,37,2024-10-19,
5090,Arjun,Ashworth,arjun.ashworth5089@example.com,Groningen,NL,14,2017-11-27,
5091,Delphine,Roy,delphine.roy5090@example.com,Bergen,NO,35,2019-02-05,
5092,Nell,Mwangi,nell.mwangi5091@example.com,Tucson,US,8,2015-01-20,
5093,Elena,Rahman,elena.rahman5092@example.com,Montpellier,FR,13,2017-11-26,low
5094,Camille,Larsen,camille.larsen5093@example.com,Halifax,CA,16,2022-01-28,
5095,Bruno,Adeyemi,bruno.adeyemi5094@example.com,Adelaide,AU,10,2012-08-26,
5096,Rosa,Vance,rosa.vance5095@example.com,Tampere,FI,15,2011-05-05,
5097,Felix,Vogt,felix.vogt5096@example.com,Porto,PT,16,2024-02-18,
5098,Josefina,Shah,josefina.shah5097@example.com,Nantes,FR,34,2018-04-27,
5099,Lena,Bergstrom,lena.bergstrom5098@example.com,Denver,US,23,2017-01-05,medium
5100,Ben,Silva,ben.silva5099@example.com,Galway,IE,14,2011-01-11,
5101,Ravi,Ferreira,ravi.ferreira5100@example.com,Aarhus,DK,22,2023-11-28,
5102,Dmitri,Brennan,dmitri.brennan5101@example.com,Bologna,IT,25,2016-08-03,medium
5103,Solveig,Bauer,solveig.bauer5102@example.com,Dunedin,NZ,40,2014-04-24,high
5104,Noel,Petrov,noel.petrov5103@example.com,Montpellier,FR,3,2025-04-09,
5105,Lena,Ellery,lena.ellery5104@example.com,Bologna,IT,31,2018-01-10,
5106,Esme,Vance,esme.vance5105@example.com,Dunedin,NZ,32,2016-10-23,
5107,Mateo,Delgado,mateo.delgado5106@example.com,Porto,PT,19,2008-07-05,
5108,Nell,Novak,nell.novak5107@example.com,Uppsala,SE,27,2018-03-25,low
5109,Wren,Vance,wren.vance5108@example.com,Sheffield,GB,4,2023-08-27,
5110,Sofia,Ueda,sofia.ueda5109@example.com,Columbus,US,18,2009-02-10,medium
5111,Sofia,Nyberg,sofia.nyberg5110@example.com,Portland,US,8,2018-01-05,
5112,Jonas,Bauer,jonas.bauer5111@example.com,Hobart,AU,2,2024-12-17,
5113,Tomas,Ashworth,tomas.ashworth5112@example.com,Adelaide,AU,6,2010-05-20,high
5114,Ravi,Ricci,ravi.ricci5113@example.com,Halifax,CA,6,2015-04-17,
5115,Wren,Haddad,wren.haddad5114@example.com,Victoria,CA,15,2025-06-18,
5116,Signe,Sandoval,signe.sandoval5115@example.com,Portland,US,19,2019-08-10,
5117,Leila,Castellanos,leila.castellanos5116@example.com,Montpellier,FR,6,2020-01-24,
5118,Wren,Nyberg,wren.nyberg5117@example.com,Manchester,GB,10,2020-01-15,
5119,Hana,Ueda,hana.ueda5118@example.com,Aarhus,DK,1,2024-04-19,
5120,Bianca,Bauer,bianca.bauer5119@example.com,Sheffield,GB,37,2013-10-04,low
5121,Ingrid,Novak,ingrid.novak5120@example.com,Freiburg,DE,19,2025-03-27,low
5122,Pieter,Marchetti,pieter.marchetti5121@example.com,Denver,US,15,2008-10-22,low
5123,Leila,Abbott,leila.abbott5122@example.com,Austin,US,14,2017-12-12,low
5124,Solveig,Ibrahim,solveig.ibrahim5123@example.com,Columbus,US,4,2017-02-27,low
5125,Aoife,Ibrahim,aoife.ibrahim5124@example.com,Portland,US,4,2013-02-03,
5126,Ana,Fischer,ana.fischer5125@example.com,Leipzig,DE,6,2018-08-24,
5127,Leila,Zamora,leila.zamora5126@example.com,Groningen,NL,36,2024-08-22,
5128,Idris,Nakamura,idris.nakamura5127@example.com,Austin,US,15,2010-11-28,
5129,Nadia,Ibrahim,nadia.ibrahim5128@example.com,Manchester,GB,35,2019-11-14,
5130,Nadia,Beaumont,nadia.beaumont5129@example.com,Tucson,US,22,2012-04-18,
5131,Yuki,Adeyemi,yuki.adeyemi5130@example.com,Denver,US,37,2010-07-14,
5132,Claire,Zamora,claire.zamora5131@example.com,Bristol,GB,10,2021-10-03,
5133,Kofi,Ricci,kofi.ricci5132@example.com,Leipzig,DE,28,2010-08-24,
5134,Nora,Wexler,nora.wexler5133@example.com,Nantes,FR,14,2011-04-28,low
5135,Sean,Bauer,sean.bauer5134@example.com,Porto,PT,38,2012-05-11,medium
5136,Ana,Nair,ana.nair5135@example.com,Raleigh,US,27,2008-03-09,
5137,Mateo,Castellanos,mateo.castellanos5136@example.com,Bologna,IT,25,2015-01-22,
5138,Tarek,Abbott,tarek.abbott5137@example.com,Columbus,US,11,2015-06-14,low
5139,Pieter,Halloran,pieter.halloran5138@example.com,Freiburg,DE,39,2020-11-18,
5140,Eli,Hale,eli.hale5139@example.com,Raleigh,US,22,2009-10-22,
5141,Nadia,Kaur,nadia.kaur5140@example.com,Nantes,FR,22,2010-10-28,
5142,Kofi,Iqbal,kofi.iqbal5141@example.com,Porto,PT,1,2022-10-28,medium
5143,Kiran,Sandoval,kiran.sandoval5142@example.com,Dunedin,NZ,1,2023-11-21,
5144,Aoife,Ricci,aoife.ricci5143@example.com,Montpellier,FR,37,2023-02-16,low
5145,Lena,Park,lena.park5144@example.com,Porto,PT,9,2017-02-10,
5146,Elena,Brennan,elena.brennan5145@example.com,Hobart,AU,38,2008-10-10,
5147,Anton,Tan,anton.tan5146@example.com,Uppsala,SE,1,2009-08-25,
5148,Idris,Whitfield,idris.whitfield5147@example.com,Montpellier,FR,38,2023-02-01,
5149,Mateo,Baptiste,mateo.baptiste5148@example.com,Adelaide,AU,32,2025-05-08,
5150,Bianca,Ellery,bianca.ellery5149@example.com,Montpellier,FR,25,2015-12-13,
5151,Tobias,Novak,tobias.novak5150@example.com,Tucson,US,15,2023-06-23,
5152,Idris,Rahman,idris.rahman5151@example.com,Denver,US,14,2012-09-05,
5153,Jonas,Lund,jonas.lund5152@example.com,Dunedin,NZ,27,2019-06-04,
5154,Ana,Zamora,ana.zamora5153@example.com,Columbus,US,20,2019-08-28,low
5155,Delphine,Cole,delphine.cole5154@example.com,Bergen,NO,34,2022-01-23,
5156,Greta,Nyberg,greta.nyberg5155@example.com,Porto,PT,12,2020-02-20,
5157,Hugo,Okafor,hugo.okafor5156@example.com,Valencia,ES,13,2015-03-01,
5158,Dmitri,Haddad,dmitri.haddad5157@example.com,Cork,IE,36,2009-09-04,
5159,Alma,Nair,alma.nair5158@example.com,Halifax,CA,13,2025-02-13,
5160,Maya,Quinn,maya.quinn5159@example.com,Halifax,CA,26,2011-03-23,
5161,Bruno,Zamora,bruno.zamora5160@example.com,Tucson,US,20,2020-12-22,
5162,Tom,Rahman,tom.rahman5161@example.com,Leipzig,DE,36,2012-11-20,
5163,Pieter,Reed,pieter.reed5162@example.com,Freiburg,DE,31,2013-12-04,low
5164,Kofi,Petrov,kofi.petrov5163@example.com,Toronto,CA,11,2008-02-14,high
5165,Fatima,Reed,fatima.reed5164@example.com,Sheffield,GB,9,2018-06-10,medium
5166,Josefina,Lund,josefina.lund5165@example.com,Columbus,US,30,2018-08-18,
5167,Amara,Reed,amara.reed5166@example.com,Norwich,GB,34,2023-01-17,low
5168,Emeka,Moreau,emeka.moreau5167@example.com,Manchester,GB,14,2017-01-02,
5169,Bruno,Halloran,bruno.halloran5168@example.com,Adelaide,AU,23,2015-12-12,
5170,Arjun,Sandoval,arjun.sandoval5169@example.com,Utrecht,NL,2,2020-11-27,
5171,Nadia,Thorne,nadia.thorne5170@example.com,Sheffield,GB,15,2016-05-10,medium
5172,Maya,Diaz,maya.diaz5171@example.com,Perth,AU,26,2018-05-15,
5173,Kofi,Solberg,kofi.solberg5172@example.com,Porto,PT,26,2010-06-10,
5174,Jon,Baptiste,jon.baptiste5173@example.com,Raleigh,US,28,2011-11-25,low
5175,Rafael,Larsen,rafael.larsen5174@example.com,Auckland,NZ,9,2015-02-19,
5176,Tomas,Bergstrom,tomas.bergstrom5175@example.com,Austin,US,24,2012-09-15,
5177,Eli,Dubois,eli.dubois5176@example.com,Tampere,FI,33,2020-10-27,
5178,Bruno,Iqbal,bruno.iqbal5177@example.com,Bristol,GB,28,2021-03-07,
5179,Idris,Ibrahim,idris.ibrahim5178@example.com,Bergen,NO,16,2021-01-22,high
5180,Ravi,Sandoval,ravi.sandoval5179@example.com,Columbus,US,7,2022-04-19,low
5181,Omar,Whitfield,omar.whitfield5180@example.com,Tampere,FI,30,2014-05-05,
5182,Greta,Brennan,greta.brennan5181@example.com,Nantes,FR,6,2024-02-17,
5183,Nell,Zamora,nell.zamora5182@example.com,Norwich,GB,40,2015-09-26,medium
5184,Anton,Cormack,anton.cormack5183@example.com,Auckland,NZ,6,2019-01-13,
5185,Ana,Ferreira,ana.ferreira5184@example.com,Nantes,FR,22,2022-10-13,
5186,Raj,Reed,raj.reed5185@example.com,Aarhus,DK,31,2013-08-17,
5187,Amara,Bauer,amara.bauer5186@example.com,Tucson,US,26,2018-04-14,
5188,Ingrid,Roy,ingrid.roy5187@example.com,Auckland,NZ,39,2021-10-09,low
5189,Bruno,Zamora,bruno.zamora5188@example.com,Denver,US,33,2020-09-05,
5190,Amara,Iqbal,amara.iqbal5189@example.com,Groningen,NL,32,2009-02-12,
5191,Delphine,Nair,delphine.nair5190@example.com,Manchester,GB,6,2019-04-24,
5192,Claire,Kaur,claire.kaur5191@example.com,Ljubljana,SI,7,2011-10-19,
5193,Idris,Sandoval,idris.sandoval5192@example.com,Columbus,US,17,2017-08-24,
5194,Priya,Delgado,priya.delgado5193@example.com,Porto,PT,25,2019-09-18,
5195,Nadia,Novak,nadia.novak5194@example.com,Uppsala,SE,34,2020-08-17,
5196,Greta,Abbott,greta.abbott5195@example.com,Auckland,NZ,35,2008-10-05,
5197,Rosa,Silva,rosa.silva5196@example.com,Bristol,GB,29,2010-08-05,medium
5198,Zara,Roy,zara.roy5197@example.com,Portland,US,25,2024-01-23,
5199,Omar,Shah,omar.shah5198@example.com,Manchester,GB,6,2015-03-02,
5200,Yuki,Kowalski,yuki.kowalski5199@example.com,Galway,IE,5,2011-08-15,
5201,Idris,Haddad,idris.haddad5200@example.com,Portland,US,40,2010-04-23,low
5202,Bruno,Park,bruno.park5201@example.com,Hobart,AU,19,2015-07-28,low
5203,Nadia,Rossi,nadia.rossi5202@example.com,Ljubljana,SI,21,2025-04-27,low
5204,Idris,Marchetti,idris.marchetti5203@example.com,Norwich,GB,19,2019-10-07,
5205,Fatima,Brennan,fatima.brennan5204@example.com,Freiburg,DE,40,2008-12-28,
5206,Nell,Wexler,nell.wexler5205@example.com,Manchester,GB,35,2019-11-20,
5207,Ben,Abbott,ben.abbott5206@example.com,Manchester,GB,33,2020-02-12,
5208,Nell,Park,nell.park5207@example.com,Valencia,ES,12,2020-12-26,low
5209,Claire,Dubois,claire.dubois5208@example.com,Galway,IE,22,2011-08-14,
5210,Malik,Voss,malik.voss5209@example.com,Portland,US,19,2008-11-04,
5211,Amara,Petrov,amara.petrov5210@example.com,Auckland,NZ,34,2015-08-10,low
5212,Samir,Thorne,samir.thorne5211@example.com,Uppsala,SE,27,2018-07-25,
5213,Rosa,Okafor,rosa.okafor5212@example.com,Leipzig,DE,1,2019-02-04,
5214,Emeka,Frost,emeka.frost5213@example.com,Adelaide,AU,18,2020-02-16,
5215,Maya,Shah,maya.shah5214@example.com,Toronto,CA,35,2008-06-20,
5216,Kiran,Mensah,kiran.mensah5215@example.com,Uppsala,SE,15,2016-11-03,
5217,Idris,Okafor,idris.okafor5216@example.com,Columbus,US,32,2010-06-06,medium
5218,Sara,Zamora,sara.zamora5217@example.com,Uppsala,SE,26,2012-11-15,
5219,Tarek,Dubois,tarek.dubois5218@example.com,Perth,AU,27,2019-12-28,medium
5220,Wren,Abbott,wren.abbott5219@example.com,Raleigh,US,31,2022-09-25,
5221,Tom,Lindqvist,tom.lindqvist5220@example.com,Bologna,IT,30,2023-03-13,
5222,Arjun,Roy,arjun.roy5221@example.com,Utrecht,NL,33,2017-04-08,high
5223,Ciara,Kowalski,ciara.kowalski5222@example.com,Nantes,FR,12,2021-07-03,low
5224,Kiran,Baptiste,kiran.baptiste5223@example.com,Portland,US,35,2015-10-16,
5225,Pieter,Mensah,pieter.mensah5224@example.com,Victoria,CA,19,2023-12-03,low
5226,Iris,Baptiste,iris.baptiste5225@example.com,Norwich,GB,29,2017-12-26,
5227,Samir,Haddad,samir.haddad5226@example.com,Raleigh,US,6,2017-09-22,
5228,Kofi,Petrov,kofi.petrov5227@example.com,Austin,US,9,2013-06-04,
5229,Pieter,Sandoval,pieter.sandoval5228@example.com,Auckland,NZ,24,2015-05-18,
5230,Tom,Ibrahim,tom.ibrahim5229@example.com,Bologna,IT,15,2013-07-28,
5231,Nora,Cole,nora.cole5230@example.com,Adelaide,AU,31,2011-09-16,low
5232,Wren,Adeyemi,wren.adeyemi5231@example.com,Austin,US,20,2015-04-20,
5233,Signe,Zamora,signe.zamora5232@example.com,Dunedin,NZ,21,2018-10-16,medium
5234,Lena,Mensah,lena.mensah5233@example.com,Ljubljana,SI,33,2021-01-24,
5235,Hana,Frost,hana.frost5234@example.com,Montpellier,FR,29,2025-07-09,
5236,Signe,Voss,signe.voss5235@example.com,Valencia,ES,13,2011-09-19,
5237,Wren,Mensah,wren.mensah5236@example.com,Victoria,CA,40,2015-06-03,
5238,Samir,Abbott,samir.abbott5237@example.com,Adelaide,AU,3,2025-11-24,
5239,Emeka,Nair,emeka.nair5238@example.com,Auckland,NZ,8,2013-11-24,
5240,Jon,Thorne,jon.thorne5239@example.com,Denver,US,23,2012-01-04,low
5241,Hana,Petrov,hana.petrov5240@example.com,Bologna,IT,8,2008-02-05,
5242,Sean,Lund,sean.lund5241@example.com,Victoria,CA,1,2024-05-07,high
5243,Greta,Novak,greta.novak5242@example.com,Ljubljana,SI,15,2011-11-06,
5244,Delphine,Halloran,delphine.halloran5243@example.com,Portland,US,6,2021-11-02,
5245,Hugo,Okafor,hugo.okafor5244@example.com,Uppsala,SE,25,2015-01-22,
5246,Bruno,Hale,bruno.hale5245@example.com,Leipzig,DE,5,2017-03-10,
5247,Viktor,Farrow,viktor.farrow5246@example.com,Groningen,NL,36,2018-08-14,medium
5248,Josefina,Sorensen,josefina.sorensen5247@example.com,Tampere,FI,1,2008-03-09,
5249,Sara,Park,sara.park5248@example.com,Leipzig,DE,31,2016-04-17,
5250,Kofi,Nyberg,kofi.nyberg5249@example.com,Porto,PT,36,2012-08-15,
5251,Jonas,Farrow,jonas.farrow5250@example.com,Hobart,AU,23,2016-03-06,
5252,Arjun,Nair,arjun.nair5251@example.com,Bristol,GB,37,2010-10-25,
5253,Leila,Nyberg,leila.nyberg5252@example.com,Toronto,CA,35,2018-08-21,
5254,Pieter,Ellery,pieter.ellery5253@example.com,Utrecht,NL,13,2013-07-12,
5255,Maya,Baptiste,maya.baptiste5254@example.com,Raleigh,US,32,2013-02-07,low
5256,Wren,Fischer,wren.fischer5255@example.com,Victoria,CA,27,2013-09-09,
5257,Nadia,Ueda,nadia.ueda5256@example.com,Utrecht,NL,27,2023-04-19,
5258,Felix,Nair,felix.nair5257@example.com,Tucson,US,19,2016-05-14,low
5259,Tom,Sorensen,tom.sorensen5258@example.com,Hobart,AU,7,2008-07-16,low
5260,Aoife,Shah,aoife.shah5259@example.com,Dunedin,NZ,8,2016-12-13,
5261,Josefina,Rossi,josefina.rossi5260@example.com,Tampere,FI,36,2015-10-05,
5262,Rafael,Osei,rafael.osei5261@example.com,Auckland,NZ,6,2024-06-24,low
5263,Alma,Nakamura,alma.nakamura5262@example.com,Porto,PT,38,2021-01-11,
5264,Signe,Shah,signe.shah5263@example.com,Portland,US,2,2023-12-02,low
5265,Tom,Cormack,tom.cormack5264@example.com,Groningen,NL,9,2009-06-13,
5266,Rosa,Quinn,rosa.quinn5265@example.com,Ljubljana,SI,9,2021-05-03,
5267,Hugo,Mwangi,hugo.mwangi5266@example.com,Bristol,GB,4,2017-05-22,
5268,Ciara,Ueda,ciara.ueda5267@example.com,Bergen,NO,18,2019-11-24,medium
5269,Tobias,Brennan,tobias.brennan5268@example.com,Leipzig,DE,4,2025-05-02,
5270,Delphine,Adeyemi,delphine.adeyemi5269@example.com,Bologna,IT,6,2025-03-23,
5271,Eli,Thorne,eli.thorne5270@example.com,Sheffield,GB,30,2008-04-07,
5272,Fatima,Nair,fatima.nair5271@example.com,Groningen,NL,19,2021-08-09,low
5273,Claire,Vogt,claire.vogt5272@example.com,Tampere,FI,26,2009-03-06,medium
5274,Viktor,Farrow,viktor.farrow5273@example.com,Columbus,US,2,2021-03-13,medium
5275,Nora,Voss,nora.voss5274@example.com,Hobart,AU,3,2018-09-28,
5276,Andres,Abbott,andres.abbott5275@example.com,Tampere,FI,38,2020-07-04,
5277,Camille,Ellery,camille.ellery5276@example.com,Porto,PT,28,2018-08-02,high
5278,Hana,Voss,hana.voss5277@example.com,Sheffield,GB,28,2009-02-10,high
5279,Samir,Ellery,samir.ellery5278@example.com,Montpellier,FR,18,2012-06-24,
5280,Felix,Achebe,felix.achebe5279@example.com,Bologna,IT,26,2013-02-25,
5281,Aoife,Nyberg,aoife.nyberg5280@example.com,Bergen,NO,33,2015-11-20,
5282,Fatima,Moreau,fatima.moreau5281@example.com,Halifax,CA,30,2018-01-13,
5283,Pieter,Bauer,pieter.bauer5282@example.com,Utrecht,NL,5,2020-11-15,
5284,Emeka,Kirby,emeka.kirby5283@example.com,Cork,IE,17,2021-08-10,
5285,Solveig,Haddad,solveig.haddad5284@example.com,Manchester,GB,37,2021-02-16,
5286,Claire,Ueda,claire.ueda5285@example.com,Dunedin,NZ,27,2024-03-06,
5287,Yuki,Iqbal,yuki.iqbal5286@example.com,Bologna,IT,34,2017-10-17,high
5288,Omar,Ricci,omar.ricci5287@example.com,Portland,US,8,2014-04-12,
5289,Nadia,Sorensen,nadia.sorensen5288@example.com,Austin,US,34,2010-06-19,high
5290,Nora,Zamora,nora.zamora5289@example.com,Dunedin,NZ,29,2019-03-10,
5291,Sean,Quinn,sean.quinn5290@example.com,Nantes,FR,39,2022-03-07,
5292,Priya,Mensah,priya.mensah5291@example.com,Toronto,CA,3,2021-04-16,
5293,Bianca,Vance,bianca.vance5292@example.com,Columbus,US,5,2021-07-19,
5294,Delphine,Thorne,delphine.thorne5293@example.com,Leipzig,DE,4,2011-09-18,
5295,Alma,Lindqvist,alma.lindqvist5294@example.com,Tucson,US,35,2013-04-17,
5296,Ingrid,Tan,ingrid.tan5295@example.com,Austin,US,31,2024-02-10,
5297,Priya,Moreau,priya.moreau5296@example.com,Adelaide,AU,16,2013-04-24,
5298,Sean,Nyberg,sean.nyberg5297@example.com,Raleigh,US,37,2013-03-21,
5299,Tom,Cormack,tom.cormack5298@example.com,Halifax,CA,3,2014-09-06,
5300,Kiran,Moreau,kiran.moreau5299@example.com,Nantes,FR,8,2020-02-09,
5301,Hugo,Osei,hugo.osei5300@example.com,Cork,IE,5,2020-07-25,
5302,Pieter,Iqbal,pieter.iqbal5301@example.com,Hobart,AU,1,2013-09-28,medium
5303,Malik,Petrov,malik.petrov5302@example.com,Nantes,FR,37,2017-09-11,low
5304,Josefina,Bauer,josefina.bauer5303@example.com,Columbus,US,20,2015-07-16,
5305,Jon,Shah,jon.shah5304@example.com,Tampere,FI,29,2016-01-05,low
5306,Lena,Wexler,lena.wexler5305@example.com,Galway,IE,27,2009-08-12,
5307,Jonas,Diaz,jonas.diaz5306@example.com,Sheffield,GB,34,2015-09-15,low
5308,Amara,Marchetti,amara.marchetti5307@example.com,Porto,PT,4,2016-08-14,
5309,Amara,Mensah,amara.mensah5308@example.com,Manchester,GB,8,2023-03-27,
5310,Marta,Brennan,marta.brennan5309@example.com,Toronto,CA,5,2010-01-21,
5311,Wren,Renard,wren.renard5310@example.com,Ljubljana,SI,14,2015-05-17,
5312,Solveig,Haddad,solveig.haddad5311@example.com,Aarhus,DK,15,2017-09-07,
5313,Nell,Osei,nell.osei5312@example.com,Perth,AU,13,2015-03-09,
5314,Felix,Vogt,felix.vogt5313@example.com,Cork,IE,36,2019-06-11,
5315,Maya,Mensah,maya.mensah5314@example.com,Utrecht,NL,39,2015-02-19,low
5316,Amara,Beaumont,amara.beaumont5315@example.com,Freiburg,DE,28,2023-04-26,
5317,Greta,Farrow,greta.farrow5316@example.com,Aarhus,DK,2,2020-08-03,
5318,Dmitri,Mensah,dmitri.mensah5317@example.com,Halifax,CA,34,2017-08-26,
5319,Delphine,Ricci,delphine.ricci5318@example.com,Bristol,GB,36,2021-09-11,
5320,Felix,Novak,felix.novak5319@example.com,Halifax,CA,12,2014-11-19,
5321,Iris,Tan,iris.tan5320@example.com,Sheffield,GB,30,2010-07-04,medium
5322,Kofi,Bauer,kofi.bauer5321@example.com,Auckland,NZ,22,2010-12-04,
5323,Lars,Renard,lars.renard5322@example.com,Porto,PT,11,2008-02-16,
5324,Leila,Rossi,leila.rossi5323@example.com,Bologna,IT,16,2011-04-21,
5325,Kiran,Sorensen,kiran.sorensen5324@example.com,Bergen,NO,35,2014-06-07,
5326,Ciara,Whitfield,ciara.whitfield5325@example.com,Nantes,FR,31,2011-10-19,
5327,Bruno,Iqbal,bruno.iqbal5326@example.com,Adelaide,AU,32,2008-05-19,
5328,Hana,Quinn,hana.quinn5327@example.com,Utrecht,NL,14,2015-06-21,low
5329,Alma,Larsen,alma.larsen5328@example.com,Leipzig,DE,36,2008-06-26,
5330,Solveig,Larsen,solveig.larsen5329@example.com,Manchester,GB,38,2021-09-19,low
5331,Ben,Vogt,ben.vogt5330@example.com,Dunedin,NZ,32,2019-03-24,
5332,Kiran,Voss,kiran.voss5331@example.com,Galway,IE,2,2024-11-08,
5333,Pieter,Tan,pieter.tan5332@example.com,Auckland,NZ,35,2019-06-19,
5334,Alma,Novak,alma.novak5333@example.com,Manchester,GB,14,2021-07-09,
5335,Dmitri,Nair,dmitri.nair5334@example.com,Aarhus,DK,15,2024-12-03,high
5336,Jon,Rossi,jon.rossi5335@example.com,Portland,US,35,2023-03-08,low
5337,Dmitri,Bergstrom,dmitri.bergstrom5336@example.com,Aarhus,DK,27,2009-11-09,
5338,Nadia,Rossi,nadia.rossi5337@example.com,Auckland,NZ,14,2010-08-02,medium
5339,Jonas,Larsen,jonas.larsen5338@example.com,Perth,AU,28,2024-10-28,
5340,Jon,Shah,jon.shah5339@example.com,Halifax,CA,10,2018-08-12,
5341,Yuki,Voss,yuki.voss5340@example.com,Leipzig,DE,11,2024-08-15,
5342,Emeka,Ibrahim,emeka.ibrahim5341@example.com,Austin,US,5,2021-05-11,
5343,Maya,Zamora,maya.zamora5342@example.com,Leipzig,DE,27,2012-05-05,
5344,Lena,Quinn,lena.quinn5343@example.com,Tucson,US,34,2025-03-18,
5345,Viktor,Lund,viktor.lund5344@example.com,Columbus,US,16,2012-07-22,
5346,Jonas,Kowalski,jonas.kowalski5345@example.com,Denver,US,26,2019-05-18,
5347,Tarek,Nyberg,tarek.nyberg5346@example.com,Leipzig,DE,38,2015-09-02,
5348,Solveig,Kaur,solveig.kaur5347@example.com,Tucson,US,19,2024-08-10,
5349,Zara,Kirby,zara.kirby5348@example.com,Hobart,AU,6,2016-01-17,
5350,Hugo,Ashworth,hugo.ashworth5349@example.com,Columbus,US,36,2015-07-20,
5351,Aoife,Cormack,aoife.cormack5350@example.com,Utrecht,NL,39,2023-04-05,
5352,Ciara,Osei,ciara.osei5351@example.com,Austin,US,25,2023-05-19,
5353,Anton,Moreau,anton.moreau5352@example.com,Adelaide,AU,24,2020-11-10,
5354,Ben,Cormack,ben.cormack5353@example.com,Bergen,NO,10,2014-09-10,
5355,Sean,Baptiste,sean.baptiste5354@example.com,Toronto,CA,4,2025-04-12,low
5356,Kiran,Okafor,kiran.okafor5355@example.com,Tucson,US,30,2020-08-10,low
5357,Camille,Ueda,camille.ueda5356@example.com,Porto,PT,17,2024-04-12,
5358,Iris,Abbott,iris.abbott5357@example.com,Ljubljana,SI,9,2024-09-16,
5359,Aoife,Farrow,aoife.farrow5358@example.com,Valencia,ES,26,2016-11-15,high
5360,Felix,Quinn,felix.quinn5359@example.com,Bologna,IT,7,2016-01-13,
5361,Camille,Zamora,camille.zamora5360@example.com,Tampere,FI,2,2010-06-01,
5362,Kofi,Kowalski,kofi.kowalski5361@example.com,Ljubljana,SI,18,2008-10-13,low
5363,Ravi,Cormack,ravi.cormack5362@example.com,Freiburg,DE,33,2015-07-26,
5364,Delphine,Zamora,delphine.zamora5363@example.com,Hobart,AU,24,2013-08-23,
5365,Omar,Roy,omar.roy5364@example.com,Bristol,GB,2,2024-06-05,
5366,Aoife,Haddad,aoife.haddad5365@example.com,Adelaide,AU,21,2018-10-16,
5367,Dmitri,Lund,dmitri.lund5366@example.com,Uppsala,SE,20,2023-02-27,
5368,Maya,Solberg,maya.solberg5367@example.com,Cork,IE,13,2016-02-21,
5369,Eli,Osei,eli.osei5368@example.com,Adelaide,AU,36,2009-10-13,medium
5370,Jon,Petrov,jon.petrov5369@example.com,Cork,IE,35,2013-10-02,
5371,Jon,Iqbal,jon.iqbal5370@example.com,Manchester,GB,6,2011-07-13,
5372,Aoife,Marchetti,aoife.marchetti5371@example.com,Halifax,CA,2,2010-11-07,medium
5373,Rosa,Park,rosa.park5372@example.com,Manchester,GB,19,2014-09-28,
5374,Mateo,Park,mateo.park5373@example.com,Bologna,IT,9,2009-08-24,
5375,Bruno,Hale,bruno.hale5374@example.com,Bristol,GB,14,2016-05-10,
5376,Eli,Vance,eli.vance5375@example.com,Halifax,CA,16,2012-07-12,
5377,Ravi,Reed,ravi.reed5376@example.com,Aarhus,DK,8,2021-07-24,
5378,Signe,Castellanos,signe.castellanos5377@example.com,Tampere,FI,33,2023-01-06,
5379,Claire,Moreau,claire.moreau5378@example.com,Tucson,US,31,2017-12-02,low
5380,Tomas,Kirby,tomas.kirby5379@example.com,Adelaide,AU,28,2021-05-13,low
5381,Lars,Nair,lars.nair5380@example.com,Columbus,US,18,2021-06-09,
5382,Camille,Novak,camille.novak5381@example.com,Galway,IE,9,2019-03-14,
5383,Mateo,Diaz,mateo.diaz5382@example.com,Galway,IE,16,2017-09-28,
5384,Arjun,Renard,arjun.renard5383@example.com,Porto,PT,6,2015-12-19,
5385,Esme,Vance,esme.vance5384@example.com,Leipzig,DE,30,2024-03-13,
5386,Felix,Lindqvist,felix.lindqvist5385@example.com,Portland,US,10,2008-09-23,
5387,Ben,Kowalski,ben.kowalski5386@example.com,Portland,US,34,2014-12-06,low
5388,Greta,Vogt,greta.vogt5387@example.com,Denver,US,8,2016-01-19,
5389,Noel,Sandoval,noel.sandoval5388@example.com,Groningen,NL,26,2016-08-09,
5390,Rafael,Kirby,rafael.kirby5389@example.com,Manchester,GB,38,2009-12-01,
5391,Ravi,Vogt,ravi.vogt5390@example.com,Perth,AU,2,2020-02-16,
5392,Raj,Mensah,raj.mensah5391@example.com,Freiburg,DE,16,2013-09-05,
5393,Nell,Rossi,nell.rossi5392@example.com,Hobart,AU,9,2019-08-14,
5394,Jonas,Moreau,jonas.moreau5393@example.com,Galway,IE,30,2023-10-03,
5395,Marta,Lindqvist,marta.lindqvist5394@example.com,Freiburg,DE,18,2011-02-21,
5396,Hugo,Lindqvist,hugo.lindqvist5395@example.com,Bristol,GB,6,2016-05-28,medium
5397,Aoife,Ellery,aoife.ellery5396@example.com,Bristol,GB,20,2018-10-27,
5398,Viktor,Renard,viktor.renard5397@example.com,Hobart,AU,21,2011-12-17,
5399,Claire,Kirby,claire.kirby5398@example.com,Bologna,IT,19,2015-05-15,
5400,Andres,Osei,andres.osei5399@example.com,Denver,US,35,2022-02-02,
5401,Elena,Bauer,elena.bauer5400@example.com,Freiburg,DE,2,2024-06-19,
5402,Raj,Castellanos,raj.castellanos5401@example.com,Manchester,GB,33,2020-08-03,
5403,Wren,Solberg,wren.solberg5402@example.com,Porto,PT,25,2020-07-01,
5404,Dmitri,Vance,dmitri.vance5403@example.com,Bristol,GB,38,2016-07-22,
5405,Viktor,Wexler,viktor.wexler5404@example.com,Cork,IE,16,2014-08-17,low
5406,Ravi,Ashworth,ravi.ashworth5405@example.com,Cork,IE,27,2011-01-23,
5407,Lars,Bergstrom,lars.bergstrom5406@example.com,Raleigh,US,40,2022-03-09,
5408,Greta,Ibrahim,greta.ibrahim5407@example.com,Porto,PT,15,2017-10-16,
5409,Aoife,Mwangi,aoife.mwangi5408@example.com,Valencia,ES,10,2015-03-15,
5410,Nora,Cole,nora.cole5409@example.com,Bologna,IT,39,2010-07-08,low
5411,Rafael,Adeyemi,rafael.adeyemi5410@example.com,Groningen,NL,37,2015-10-13,
5412,Sara,Zamora,sara.zamora5411@example.com,Columbus,US,25,2009-01-05,
5413,Iris,Novak,iris.novak5412@example.com,Sheffield,GB,19,2015-02-13,
5414,Tomas,Sandoval,tomas.sandoval5413@example.com,Denver,US,31,2012-07-20,
5415,Delphine,Frost,delphine.frost5414@example.com,Cork,IE,37,2017-09-06,medium
5416,Tarek,Iqbal,tarek.iqbal5415@example.com,Galway,IE,31,2011-07-19,
5417,Tomas,Ellery,tomas.ellery5416@example.com,Raleigh,US,5,2014-11-19,
5418,Wren,Iqbal,wren.iqbal5417@example.com,Galway,IE,10,2017-04-16,medium
5419,Hugo,Quinn,hugo.quinn5418@example.com,Tampere,FI,40,2009-08-02,medium
5420,Samir,Baptiste,samir.baptiste5419@example.com,Portland,US,14,2024-01-26,low
5421,Nadia,Osei,nadia.osei5420@example.com,Aarhus,DK,11,2021-11-05,
5422,Nora,Fischer,nora.fischer5421@example.com,Nantes,FR,4,2020-05-01,
5423,Iris,Vance,iris.vance5422@example.com,Adelaide,AU,28,2010-09-16,
5424,Hana,Frost,hana.frost5423@example.com,Utrecht,NL,23,2023-11-19,
5425,Ciara,Haddad,ciara.haddad5424@example.com,Montpellier,FR,24,2020-07-28,
5426,Aoife,Bergstrom,aoife.bergstrom5425@example.com,Raleigh,US,3,2009-05-03,
5427,Rafael,Wexler,rafael.wexler5426@example.com,Austin,US,1,2012-11-26,
5428,Leila,Rahman,leila.rahman5427@example.com,Freiburg,DE,26,2011-01-08,medium
5429,Delphine,Zamora,delphine.zamora5428@example.com,Uppsala,SE,36,2022-09-10,
5430,Samir,Haddad,samir.haddad5429@example.com,Sheffield,GB,33,2010-05-27,medium
5431,Tom,Marchetti,tom.marchetti5430@example.com,Porto,PT,38,2016-03-15,
5432,Amara,Ricci,amara.ricci5431@example.com,Raleigh,US,8,2024-11-15,medium
5433,Ingrid,Cole,ingrid.cole5432@example.com,Victoria,CA,32,2024-06-06,
5434,Ben,Okafor,ben.okafor5433@example.com,Groningen,NL,4,2009-12-02,low
5435,Ana,Brennan,ana.brennan5434@example.com,Hobart,AU,21,2012-08-14,
5436,Hana,Sandoval,hana.sandoval5435@example.com,Denver,US,24,2008-07-09,
5437,Marta,Ricci,marta.ricci5436@example.com,Columbus,US,34,2021-10-22,
5438,Andres,Kowalski,andres.kowalski5437@example.com,Perth,AU,7,2022-08-21,
5439,Viktor,Beaumont,viktor.beaumont5438@example.com,Galway,IE,3,2021-07-13,
5440,Omar,Kirby,omar.kirby5439@example.com,Utrecht,NL,15,2024-10-14,
5441,Omar,Thorne,omar.thorne5440@example.com,Galway,IE,18,2017-04-28,high
5442,Marta,Larsen,marta.larsen5441@example.com,Columbus,US,1,2011-08-18,
5443,Iris,Whitfield,iris.whitfield5442@example.com,Ljubljana,SI,21,2008-10-21,medium
5444,Mateo,Halloran,mateo.halloran5443@example.com,Denver,US,21,2023-09-22,
5445,Greta,Bergstrom,greta.bergstrom5444@example.com,Raleigh,US,23,2016-02-26,
5446,Nell,Quinn,nell.quinn5445@example.com,Montpellier,FR,19,2012-06-13,
5447,Lena,Mwangi,lena.mwangi5446@example.com,Galway,IE,24,2025-09-19,low
5448,Mateo,Vogt,mateo.vogt5447@example.com,Perth,AU,22,2010-08-22,
5449,Raj,Baptiste,raj.baptiste5448@example.com,Raleigh,US,15,2011-08-23,low
5450,Nadia,Haddad,nadia.haddad5449@example.com,Auckland,NZ,23,2021-01-15,
5451,Elena,Lund,elena.lund5450@example.com,Halifax,CA,22,2013-04-10,
5452,Noel,Lund,noel.lund5451@example.com,Freiburg,DE,15,2022-08-26,
5453,Sofia,Farrow,sofia.farrow5452@example.com,Toronto,CA,2,2008-11-19,low
5454,Dmitri,Petrov,dmitri.petrov5453@example.com,Tampere,FI,34,2015-01-14,
5455,Arjun,Halloran,arjun.halloran5454@example.com,Norwich,GB,33,2020-07-21,
5456,Jon,Mensah,jon.mensah5455@example.com,Bristol,GB,25,2012-09-07,
5457,Arjun,Ellery,arjun.ellery5456@example.com,Portland,US,17,2019-08-01,
5458,Signe,Wexler,signe.wexler5457@example.com,Nantes,FR,16,2021-08-19,low
5459,Esme,Cormack,esme.cormack5458@example.com,Dunedin,NZ,1,2020-11-01,
5460,Kwame,Marchetti,kwame.marchetti5459@example.com,Aarhus,DK,21,2018-09-20,low
5461,Arjun,Farrow,arjun.farrow5460@example.com,Utrecht,NL,2,2018-06-22,low
5462,Maya,Osei,maya.osei5461@example.com,Bologna,IT,24,2021-06-01,low
5463,Camille,Renard,camille.renard5462@example.com,Bristol,GB,29,2010-06-24,low
5464,Hugo,Roy,hugo.roy5463@example.com,Aarhus,DK,7,2010-08-26,
5465,Dmitri,Sorensen,dmitri.sorensen5464@example.com,Halifax,CA,25,2014-09-11,
5466,Amara,Ferreira,amara.ferreira5465@example.com,Utrecht,NL,20,2012-07-04,
5467,Signe,Kowalski,signe.kowalski5466@example.com,Tampere,FI,18,2011-09-10,
5468,Jon,Renard,jon.renard5467@example.com,Victoria,CA,23,2025-04-06,low
5469,Leila,Adeyemi,leila.adeyemi5468@example.com,Auckland,NZ,24,2012-02-06,medium
5470,Camille,Okafor,camille.okafor5469@example.com,Leipzig,DE,34,2016-09-27,
5471,Tomas,Haddad,tomas.haddad5470@example.com,Adelaide,AU,22,2019-02-17,low
5472,Esme,Lindqvist,esme.lindqvist5471@example.com,Adelaide,AU,20,2011-05-08,
5473,Wren,Iqbal,wren.iqbal5472@example.com,Ljubljana,SI,8,2016-05-06,
5474,Raj,Petrov,raj.petrov5473@example.com,Toronto,CA,4,2011-04-20,
5475,Elena,Adeyemi,elena.adeyemi5474@example.com,Sheffield,GB,11,2025-10-01,
5476,Arjun,Nakamura,arjun.nakamura5475@example.com,Sheffield,GB,24,2025-12-27,
5477,Claire,Nakamura,claire.nakamura5476@example.com,Victoria,CA,32,2012-11-01,
5478,Greta,Ueda,greta.ueda5477@example.com,Utrecht,NL,15,2008-01-11,medium
5479,Viktor,Delgado,viktor.delgado5478@example.com,Perth,AU,40,2023-06-18,
5480,Esme,Cormack,esme.cormack5479@example.com,Toronto,CA,9,2020-10-22,
5481,Esme,Kowalski,esme.kowalski5480@example.com,Cork,IE,10,2015-10-26,
5482,Elena,Petrov,elena.petrov5481@example.com,Victoria,CA,32,2020-03-02,
5483,Bruno,Achebe,bruno.achebe5482@example.com,Manchester,GB,11,2009-07-24,
5484,Josefina,Reed,josefina.reed5483@example.com,Austin,US,35,2021-04-25,
5485,Ana,Fischer,ana.fischer5484@example.com,Tampere,FI,35,2022-12-21,
5486,Bruno,Rossi,bruno.rossi5485@example.com,Norwich,GB,7,2012-06-17,
5487,Greta,Moreau,greta.moreau5486@example.com,Utrecht,NL,15,2019-10-05,low
5488,Jonas,Voss,jonas.voss5487@example.com,Groningen,NL,16,2025-11-12,
5489,Signe,Marchetti,signe.marchetti5488@example.com,Victoria,CA,6,2009-11-03,
5490,Kiran,Baptiste,kiran.baptiste5489@example.com,Raleigh,US,6,2022-05-26,
5491,Bruno,Vogt,bruno.vogt5490@example.com,Austin,US,18,2018-01-04,
5492,Elena,Solberg,elena.solberg5491@example.com,Utrecht,NL,36,2020-10-01,
5493,Bruno,Bergstrom,bruno.bergstrom5492@example.com,Groningen,NL,38,2011-05-25,low
5494,Esme,Ellery,esme.ellery5493@example.com,Perth,AU,38,2012-03-15,
5495,Sofia,Marchetti,sofia.marchetti5494@example.com,Bristol,GB,28,2020-11-07,
5496,Tom,Castellanos,tom.castellanos5495@example.com,Tampere,FI,9,2023-04-17,
5497,Samir,Zamora,samir.zamora5496@example.com,Perth,AU,26,2025-08-02,
5498,Pieter,Fischer,pieter.fischer5497@example.com,Valencia,ES,33,2017-08-26,low
5499,Viktor,Sorensen,viktor.sorensen5498@example.com,Bergen,NO,26,2012-08-20,
5500,Dmitri,Mensah,dmitri.mensah5499@example.com,Austin,US,6,2013-03-11,
5501,Andres,Ellery,andres.ellery5500@example.com,Tampere,FI,28,2013-06-19,low
5502,Noel,Vance,noel.vance5501@example.com,Porto,PT,25,2021-09-17,low
5503,Greta,Fischer,greta.fischer5502@example.com,Montpellier,FR,37,2019-11-18,
5504,Idris,Wexler,idris.wexler5503@example.com,Groningen,NL,22,2025-10-02,
5505,Ben,Iqbal,ben.iqbal5504@example.com,Utrecht,NL,9,2018-05-05,
5506,Ana,Delgado,ana.delgado5505@example.com,Freiburg,DE,31,2009-11-01,low
5507,Josefina,Delgado,josefina.delgado5506@example.com,Bristol,GB,23,2014-05-05,
5508,Leila,Cormack,leila.cormack5507@example.com,Adelaide,AU,28,2024-09-08,medium
5509,Elena,Park,elena.park5508@example.com,Porto,PT,14,2024-06-02,
5510,Tom,Bauer,tom.bauer5509@example.com,Raleigh,US,20,2018-07-18,low
5511,Rafael,Marchetti,rafael.marchetti5510@example.com,Dunedin,NZ,9,2015-01-14,
5512,Nell,Diaz,nell.diaz5511@example.com,Tampere,FI,32,2017-08-14,low
5513,Kofi,Marchetti,kofi.marchetti5512@example.com,Hobart,AU,37,2009-04-09,
5514,Marta,Nakamura,marta.nakamura5513@example.com,Toronto,CA,28,2009-02-15,
5515,Felix,Tan,felix.tan5514@example.com,Utrecht,NL,3,2009-01-03,
5516,Marta,Lindqvist,marta.lindqvist5515@example.com,Porto,PT,34,2019-10-10,
5517,Pieter,Baptiste,pieter.baptiste5516@example.com,Uppsala,SE,31,2010-05-14,
5518,Tarek,Ibrahim,tarek.ibrahim5517@example.com,Denver,US,25,2008-09-09,low
5519,Anton,Novak,anton.novak5518@example.com,Toronto,CA,16,2022-01-09,
5520,Tomas,Ueda,tomas.ueda5519@example.com,Columbus,US,15,2013-03-28,medium
5521,Andres,Ibrahim,andres.ibrahim5520@example.com,Denver,US,3,2016-02-24,
5522,Jonas,Renard,jonas.renard5521@example.com,Galway,IE,40,2023-04-26,
5523,Bianca,Zamora,bianca.zamora5522@example.com,Norwich,GB,26,2022-05-02,
5524,Sean,Solberg,sean.solberg5523@example.com,Dunedin,NZ,39,2012-03-07,
5525,Kiran,Renard,kiran.renard5524@example.com,Raleigh,US,31,2008-09-21,high
5526,Hugo,Vance,hugo.vance5525@example.com,Freiburg,DE,6,2011-01-24,low
5527,Sara,Novak,sara.novak5526@example.com,Freiburg,DE,3,2011-02-08,low
5528,Nora,Lund,nora.lund5527@example.com,Groningen,NL,16,2009-06-10,
5529,Emeka,Cormack,emeka.cormack5528@example.com,Bristol,GB,3,2022-04-17,
5530,Greta,Kirby,greta.kirby5529@example.com,Valencia,ES,1,2014-05-14,
5531,Arjun,Osei,arjun.osei5530@example.com,Auckland,NZ,26,2014-03-26,
5532,Andres,Rahman,andres.rahman5531@example.com,Toronto,CA,19,2012-04-17,high
5533,Camille,Castellanos,camille.castellanos5532@example.com,Freiburg,DE,32,2024-11-09,
5534,Idris,Marchetti,idris.marchetti5533@example.com,Utrecht,NL,38,2009-11-07,
5535,Lars,Thorne,lars.thorne5534@example.com,Galway,IE,12,2013-12-11,low
5536,Ingrid,Castellanos,ingrid.castellanos5535@example.com,Bergen,NO,6,2017-12-13,
5537,Anton,Fischer,anton.fischer5536@example.com,Austin,US,2,2021-06-02,
5538,Iris,Petrov,iris.petrov5537@example.com,Freiburg,DE,40,2025-06-23,low
5539,Malik,Reed,malik.reed5538@example.com,Nantes,FR,11,2024-11-08,low
5540,Viktor,Voss,viktor.voss5539@example.com,Tampere,FI,23,2020-04-04,
5541,Felix,Reed,felix.reed5540@example.com,Manchester,GB,26,2024-09-20,
5542,Iris,Beaumont,iris.beaumont5541@example.com,Dunedin,NZ,5,2012-01-28,high
5543,Rosa,Shah,rosa.shah5542@example.com,Norwich,GB,9,2008-02-16,low
5544,Ingrid,Vogt,ingrid.vogt5543@example.com,Victoria,CA,15,2016-12-09,
5545,Yuki,Nyberg,yuki.nyberg5544@example.com,Adelaide,AU,12,2023-03-06,
5546,Camille,Thorne,camille.thorne5545@example.com,Leipzig,DE,25,2018-12-15,
5547,Malik,Abbott,malik.abbott5546@example.com,Valencia,ES,6,2009-10-11,
5548,Bianca,Baptiste,bianca.baptiste5547@example.com,Toronto,CA,2,2014-05-10,medium
5549,Lars,Frost,lars.frost5548@example.com,Porto,PT,29,2025-07-01,
5550,Claire,Hale,claire.hale5549@example.com,Austin,US,35,2024-10-20,low
5551,Yuki,Bauer,yuki.bauer5550@example.com,Halifax,CA,6,2015-03-21,
5552,Ingrid,Zamora,ingrid.zamora5551@example.com,Victoria,CA,39,2016-04-23,
5553,Aoife,Ricci,aoife.ricci5552@example.com,Sheffield,GB,37,2011-09-05,high
5554,Josefina,Vance,josefina.vance5553@example.com,Freiburg,DE,1,2013-06-03,
5555,Andres,Vance,andres.vance5554@example.com,Portland,US,2,2013-05-18,
5556,Ingrid,Tan,ingrid.tan5555@example.com,Victoria,CA,11,2018-07-12,
5557,Solveig,Bergstrom,solveig.bergstrom5556@example.com,Utrecht,NL,6,2020-08-07,
5558,Aoife,Vogt,aoife.vogt5557@example.com,Dunedin,NZ,21,2021-03-04,
5559,Tomas,Fischer,tomas.fischer5558@example.com,Valencia,ES,14,2014-06-23,
5560,Eli,Ricci,eli.ricci5559@example.com,Perth,AU,14,2025-08-19,
5561,Kwame,Mensah,kwame.mensah5560@example.com,Freiburg,DE,9,2017-07-01,
5562,Arjun,Voss,arjun.voss5561@example.com,Columbus,US,30,2022-01-06,low
5563,Camille,Diaz,camille.diaz5562@example.com,Toronto,CA,31,2019-01-08,
5564,Noel,Nair,noel.nair5563@example.com,Galway,IE,18,2024-09-23,low
5565,Omar,Tan,omar.tan5564@example.com,Bergen,NO,18,2025-07-16,medium
5566,Ben,Wexler,ben.wexler5565@example.com,Norwich,GB,8,2022-12-10,
5567,Kwame,Bergstrom,kwame.bergstrom5566@example.com,Manchester,GB,10,2020-01-02,low
5568,Nadia,Shah,nadia.shah5567@example.com,Bergen,NO,24,2019-04-26,
5569,Elena,Wexler,elena.wexler5568@example.com,Tucson,US,10,2017-11-26,
5570,Ciara,Dubois,ciara.dubois5569@example.com,Halifax,CA,32,2010-07-22,medium
5571,Emeka,Ricci,emeka.ricci5570@example.com,Galway,IE,2,2015-08-03,low
5572,Ben,Ferreira,ben.ferreira5571@example.com,Perth,AU,8,2008-03-18,
5573,Jon,Mwangi,jon.mwangi5572@example.com,Norwich,GB,29,2020-11-24,medium
5574,Claire,Renard,claire.renard5573@example.com,Tampere,FI,6,2023-06-08,
5575,Dmitri,Haddad,dmitri.haddad5574@example.com,Utrecht,NL,2,2008-05-08,
5576,Bianca,Reed,bianca.reed5575@example.com,Raleigh,US,18,2015-03-20,
5577,Sofia,Petrov,sofia.petrov5576@example.com,Victoria,CA,37,2009-07-11,
5578,Elena,Bauer,elena.bauer5577@example.com,Manchester,GB,26,2017-08-27,low
5579,Zara,Cormack,zara.cormack5578@example.com,Dunedin,NZ,18,2017-10-06,low
5580,Marta,Diaz,marta.diaz5579@example.com,Montpellier,FR,37,2025-08-17,
5581,Josefina,Ricci,josefina.ricci5580@example.com,Sheffield,GB,12,2010-10-01,
5582,Felix,Wexler,felix.wexler5581@example.com,Bristol,GB,38,2012-11-23,
5583,Priya,Baptiste,priya.baptiste5582@example.com,Valencia,ES,27,2012-04-12,
5584,Delphine,Moreau,delphine.moreau5583@example.com,Denver,US,12,2015-05-22,
5585,Leila,Vogt,leila.vogt5584@example.com,Groningen,NL,29,2009-02-20,
5586,Delphine,Brennan,delphine.brennan5585@example.com,Norwich,GB,9,2008-01-09,
5587,Ingrid,Novak,ingrid.novak5586@example.com,Valencia,ES,27,2023-02-16,
5588,Emeka,Farrow,emeka.farrow5587@example.com,Bristol,GB,33,2023-12-10,medium
5589,Eli,Rahman,eli.rahman5588@example.com,Galway,IE,29,2018-04-23,
5590,Iris,Park,iris.park5589@example.com,Norwich,GB,13,2023-11-17,low
5591,Idris,Roy,idris.roy5590@example.com,Perth,AU,35,2019-07-12,
5592,Sofia,Renard,sofia.renard5591@example.com,Nantes,FR,6,2016-07-25,
5593,Tarek,Brennan,tarek.brennan5592@example.com,Utrecht,NL,14,2010-06-07,
5594,Esme,Haddad,esme.haddad5593@example.com,Toronto,CA,35,2025-04-25,
5595,Nora,Bergstrom,nora.bergstrom5594@example.com,Nantes,FR,32,2017-01-04,
5596,Solveig,Halloran,solveig.halloran5595@example.com,Perth,AU,22,2025-02-17,
5597,Samir,Beaumont,samir.beaumont5596@example.com,Austin,US,12,2008-12-03,
5598,Dmitri,Halloran,dmitri.halloran5597@example.com,Austin,US,18,2019-10-10,
5599,Delphine,Mensah,delphine.mensah5598@example.com,Raleigh,US,19,2022-07-14,
5600,Amara,Shah,amara.shah5599@example.com,Toronto,CA,12,2017-11-09,
5601,Viktor,Shah,viktor.shah5600@example.com,Tucson,US,9,2019-04-10,
5602,Ingrid,Kaur,ingrid.kaur5601@example.com,Bergen,NO,23,2008-04-22,
5603,Samir,Farrow,samir.farrow5602@example.com,Sheffield,GB,8,2009-12-24,
5604,Iris,Moreau,iris.moreau5603@example.com,Valencia,ES,6,2023-11-08,low
5605,Claire,Zamora,claire.zamora5604@example.com,Denver,US,27,2013-03-17,low
5606,Omar,Zamora,omar.zamora5605@example.com,Cork,IE,10,2008-05-06,
5607,Kwame,Achebe,kwame.achebe5606@example.com,Valencia,ES,5,2023-03-27,low
5608,Nora,Solberg,nora.solberg5607@example.com,Victoria,CA,20,2009-03-05,low
5609,Kwame,Ferreira,kwame.ferreira5608@example.com,Austin,US,14,2021-06-16,
5610,Tom,Vogt,tom.vogt5609@example.com,Bologna,IT,26,2008-09-05,
5611,Nell,Marchetti,nell.marchetti5610@example.com,Manchester,GB,33,2009-07-26,
5612,Dmitri,Ibrahim,dmitri.ibrahim5611@example.com,Bologna,IT,3,2024-08-17,
5613,Malik,Shah,malik.shah5612@example.com,Utrecht,NL,11,2022-07-28,
5614,Claire,Vogt,claire.vogt5613@example.com,Bristol,GB,35,2020-06-16,
5615,Rafael,Solberg,rafael.solberg5614@example.com,Columbus,US,6,2011-02-09,
5616,Viktor,Reed,viktor.reed5615@example.com,Bristol,GB,2,2011-12-14,
5617,Viktor,Brennan,viktor.brennan5616@example.com,Dunedin,NZ,8,2022-06-06,
5618,Kiran,Larsen,kiran.larsen5617@example.com,Dunedin,NZ,37,2025-02-10,
5619,Bianca,Nakamura,bianca.nakamura5618@example.com,Norwich,GB,39,2014-11-16,
5620,Solveig,Iqbal,solveig.iqbal5619@example.com,Uppsala,SE,24,2021-10-11,
5621,Ben,Solberg,ben.solberg5620@example.com,Portland,US,5,2021-11-18,low
5622,Elena,Sandoval,elena.sandoval5621@example.com,Valencia,ES,33,2010-01-28,medium
5623,Ana,Adeyemi,ana.adeyemi5622@example.com,Denver,US,23,2012-10-08,
5624,Bianca,Park,bianca.park5623@example.com,Toronto,CA,8,2015-04-02,
5625,Idris,Ueda,idris.ueda5624@example.com,Aarhus,DK,37,2013-08-05,
5626,Elena,Ashworth,elena.ashworth5625@example.com,Bergen,NO,16,2014-02-21,
5627,Nora,Shah,nora.shah5626@example.com,Norwich,GB,25,2025-05-03,low
5628,Amara,Achebe,amara.achebe5627@example.com,Ljubljana,SI,36,2014-08-27,
5629,Kiran,Baptiste,kiran.baptiste5628@example.com,Bologna,IT,2,2016-12-12,
5630,Viktor,Delgado,viktor.delgado5629@example.com,Tampere,FI,5,2025-04-14,low
5631,Wren,Adeyemi,wren.adeyemi5630@example.com,Victoria,CA,23,2017-03-01,
5632,Nadia,Frost,nadia.frost5631@example.com,Ljubljana,SI,14,2024-11-13,low
5633,Kwame,Ueda,kwame.ueda5632@example.com,Denver,US,30,2014-02-02,
5634,Signe,Sandoval,signe.sandoval5633@example.com,Auckland,NZ,13,2019-10-24,low
5635,Wren,Wexler,wren.wexler5634@example.com,Montpellier,FR,7,2017-11-02,
5636,Viktor,Silva,viktor.silva5635@example.com,Bristol,GB,20,2008-11-18,low
5637,Delphine,Delgado,delphine.delgado5636@example.com,Nantes,FR,22,2012-07-21,
5638,Hugo,Ashworth,hugo.ashworth5637@example.com,Victoria,CA,21,2020-01-15,
5639,Ingrid,Bergstrom,ingrid.bergstrom5638@example.com,Groningen,NL,17,2018-04-13,low
5640,Claire,Nair,claire.nair5639@example.com,Porto,PT,40,2017-05-23,
5641,Tomas,Delgado,tomas.delgado5640@example.com,Halifax,CA,29,2023-07-09,
5642,Omar,Ferreira,omar.ferreira5641@example.com,Perth,AU,28,2025-12-17,
5643,Delphine,Ueda,delphine.ueda5642@example.com,Toronto,CA,12,2014-04-02,
5644,Delphine,Vance,delphine.vance5643@example.com,Porto,PT,34,2013-02-05,low
5645,Nell,Lindqvist,nell.lindqvist5644@example.com,Portland,US,9,2023-04-11,
5646,Delphine,Lindqvist,delphine.lindqvist5645@example.com,Denver,US,28,2018-01-18,low
5647,Aoife,Marchetti,aoife.marchetti5646@example.com,Tampere,FI,12,2019-08-15,
5648,Josefina,Petrov,josefina.petrov5647@example.com,Denver,US,25,2021-12-25,
5649,Hugo,Zamora,hugo.zamora5648@example.com,Sheffield,GB,1,2022-01-20,
5650,Hana,Baptiste,hana.baptiste5649@example.com,Galway,IE,5,2018-06-20,low
5651,Nell,Farrow,nell.farrow5650@example.com,Cork,IE,37,2022-12-11,
5652,Jonas,Vogt,jonas.vogt5651@example.com,Cork,IE,3,2025-11-07,medium
5653,Tarek,Osei,tarek.osei5652@example.com,Nantes,FR,10,2017-06-09,
5654,Josefina,Ibrahim,josefina.ibrahim5653@example.com,Galway,IE,10,2025-01-08,
5655,Marta,Sorensen,marta.sorensen5654@example.com,Manchester,GB,8,2012-05-12,low
5656,Tarek,Nakamura,tarek.nakamura5655@example.com,Manchester,GB,30,2017-10-11,
5657,Sofia,Roy,sofia.roy5656@example.com,Porto,PT,38,2018-07-26,
5658,Raj,Adeyemi,raj.adeyemi5657@example.com,Norwich,GB,18,2024-05-27,low
5659,Hana,Ellery,hana.ellery5658@example.com,Cork,IE,18,2014-08-21,
5660,Omar,Hale,omar.hale5659@example.com,Adelaide,AU,23,2017-12-28,
5661,Dmitri,Dubois,dmitri.dubois5660@example.com,Denver,US,32,2018-11-13,
5662,Jonas,Novak,jonas.novak5661@example.com,Tucson,US,32,2012-01-12,low
5663,Wren,Quinn,wren.quinn5662@example.com,Bologna,IT,17,2018-04-20,
5664,Jon,Vance,jon.vance5663@example.com,Galway,IE,1,2022-11-18,low
5665,Noel,Rossi,noel.rossi5664@example.com,Bologna,IT,9,2022-11-16,low
5666,Claire,Kirby,claire.kirby5665@example.com,Utrecht,NL,20,2012-09-04,
5667,Lena,Cormack,lena.cormack5666@example.com,Valencia,ES,26,2011-09-14,
5668,Iris,Shah,iris.shah5667@example.com,Norwich,GB,29,2014-11-10,
5669,Bianca,Osei,bianca.osei5668@example.com,Halifax,CA,16,2017-10-06,
5670,Leila,Quinn,leila.quinn5669@example.com,Utrecht,NL,23,2009-10-08,
5671,Elena,Wexler,elena.wexler5670@example.com,Bologna,IT,27,2013-04-16,
5672,Raj,Nair,raj.nair5671@example.com,Denver,US,39,2017-06-11,
5673,Hana,Marchetti,hana.marchetti5672@example.com,Utrecht,NL,27,2018-02-26,
5674,Ravi,Ferreira,ravi.ferreira5673@example.com,Toronto,CA,31,2015-05-28,
5675,Nell,Thorne,nell.thorne5674@example.com,Halifax,CA,21,2021-07-25,
5676,Ciara,Haddad,ciara.haddad5675@example.com,Groningen,NL,19,2011-12-21,medium
5677,Yuki,Beaumont,yuki.beaumont5676@example.com,Portland,US,33,2020-04-21,
5678,Sean,Quinn,sean.quinn5677@example.com,Raleigh,US,15,2024-03-22,
5679,Amara,Hale,amara.hale5678@example.com,Austin,US,4,2022-06-11,
5680,Rafael,Kowalski,rafael.kowalski5679@example.com,Denver,US,33,2010-06-22,
5681,Samir,Hale,samir.hale5680@example.com,Tampere,FI,35,2022-11-18,
5682,Mateo,Novak,mateo.novak5681@example.com,Toronto,CA,34,2021-03-14,
5683,Hugo,Cole,hugo.cole5682@example.com,Tucson,US,32,2013-02-15,
5684,Eli,Cormack,eli.cormack5683@example.com,Sheffield,GB,28,2011-11-09,
5685,Hana,Lindqvist,hana.lindqvist5684@example.com,Valencia,ES,2,2009-05-07,
5686,Ravi,Iqbal,ravi.iqbal5685@example.com,Freiburg,DE,14,2018-09-06,
5687,Leila,Moreau,leila.moreau5686@example.com,Raleigh,US,20,2014-09-16,
5688,Bruno,Haddad,bruno.haddad5687@example.com,Bristol,GB,4,2011-05-08,low
5689,Alma,Sandoval,alma.sandoval5688@example.com,Manchester,GB,9,2014-10-09,
5690,Emeka,Abbott,emeka.abbott5689@example.com,Bologna,IT,32,2021-02-10,low
5691,Signe,Nair,signe.nair5690@example.com,Victoria,CA,38,2024-04-14,
5692,Signe,Ricci,signe.ricci5691@example.com,Porto,PT,40,2019-05-23,
5693,Dmitri,Haddad,dmitri.haddad5692@example.com,Tampere,FI,11,2022-02-04,medium
5694,Jon,Brennan,jon.brennan5693@example.com,Halifax,CA,35,2024-08-15,
5695,Josefina,Petrov,josefina.petrov5694@example.com,Victoria,CA,8,2014-05-25,
5696,Ravi,Adeyemi,ravi.adeyemi5695@example.com,Auckland,NZ,14,2016-06-05,low
5697,Kofi,Thorne,kofi.thorne5696@example.com,Tampere,FI,12,2015-05-03,
5698,Esme,Fischer,esme.fischer5697@example.com,Cork,IE,13,2009-04-06,medium
5699,Elena,Mwangi,elena.mwangi5698@example.com,Tucson,US,15,2013-01-08,
5700,Tobias,Park,tobias.park5699@example.com,Montpellier,FR,8,2019-01-01,
5701,Esme,Whitfield,esme.whitfield5700@example.com,Norwich,GB,12,2012-05-03,
5702,Malik,Kirby,malik.kirby5701@example.com,Galway,IE,30,2013-06-23,
5703,Hugo,Okafor,hugo.okafor5702@example.com,Manchester,GB,11,2010-12-22,
5704,Zara,Novak,zara.novak5703@example.com,Bologna,IT,11,2008-01-15,
5705,Ana,Park,ana.park5704@example.com,Ljubljana,SI,4,2020-08-11,
5706,Solveig,Vance,solveig.vance5705@example.com,Uppsala,SE,23,2019-05-11,
5707,Josefina,Dubois,josefina.dubois5706@example.com,Ljubljana,SI,2,2025-09-27,
5708,Claire,Fischer,claire.fischer5707@example.com,Galway,IE,7,2024-11-04,
5709,Viktor,Nakamura,viktor.nakamura5708@example.com,Bristol,GB,37,2010-10-15,
5710,Malik,Voss,malik.voss5709@example.com,Dunedin,NZ,10,2021-09-25,medium
5711,Kwame,Rossi,kwame.rossi5710@example.com,Galway,IE,13,2021-08-15,
5712,Rafael,Tan,rafael.tan5711@example.com,Hobart,AU,19,2018-08-16,
5713,Kiran,Ibrahim,kiran.ibrahim5712@example.com,Halifax,CA,9,2019-04-06,
5714,Iris,Moreau,iris.moreau5713@example.com,Victoria,CA,18,2020-04-14,
5715,Camille,Ueda,camille.ueda5714@example.com,Tucson,US,36,2018-05-01,
5716,Yuki,Lindqvist,yuki.lindqvist5715@example.com,Aarhus,DK,12,2015-01-25,medium
5717,Alma,Vance,alma.vance5716@example.com,Halifax,CA,18,2016-09-23,
5718,Lars,Abbott,lars.abbott5717@example.com,Auckland,NZ,21,2010-06-06,low
5719,Greta,Moreau,greta.moreau5718@example.com,Ljubljana,SI,21,2009-01-02,
5720,Camille,Halloran,camille.halloran5719@example.com,Galway,IE,38,2012-01-09,
5721,Pieter,Mensah,pieter.mensah5720@example.com,Perth,AU,2,2016-02-21,
5722,Tarek,Nakamura,tarek.nakamura5721@example.com,Adelaide,AU,8,2019-11-28,
5723,Amara,Thorne,amara.thorne5722@example.com,Montpellier,FR,21,2010-10-04,
5724,Idris,Beaumont,idris.beaumont5723@example.com,Austin,US,18,2023-04-12,low
5725,Claire,Renard,claire.renard5724@example.com,Galway,IE,11,2014-05-02,
5726,Tomas,Abbott,tomas.abbott5725@example.com,Uppsala,SE,2,2016-10-07,high
5727,Felix,Kowalski,felix.kowalski5726@example.com,Montpellier,FR,21,2013-09-22,
5728,Felix,Quinn,felix.quinn5727@example.com,Nantes,FR,23,2025-09-05,low
5729,Tomas,Frost,tomas.frost5728@example.com,Groningen,NL,12,2012-03-02,
5730,Ana,Beaumont,ana.beaumont5729@example.com,Uppsala,SE,32,2017-08-25,
5731,Ben,Kirby,ben.kirby5730@example.com,Manchester,GB,19,2019-07-20,
5732,Jon,Castellanos,jon.castellanos5731@example.com,Halifax,CA,40,2022-07-20,
5733,Ciara,Abbott,ciara.abbott5732@example.com,Raleigh,US,16,2011-10-24,
5734,Greta,Diaz,greta.diaz5733@example.com,Groningen,NL,38,2018-10-26,low
5735,Aoife,Sandoval,aoife.sandoval5734@example.com,Portland,US,7,2018-06-05,
5736,Kiran,Sorensen,kiran.sorensen5735@example.com,Norwich,GB,5,2016-09-02,low
5737,Nora,Kirby,nora.kirby5736@example.com,Toronto,CA,35,2010-08-18,low
5738,Delphine,Baptiste,delphine.baptiste5737@example.com,Bologna,IT,30,2017-04-22,high
5739,Ingrid,Voss,ingrid.voss5738@example.com,Manchester,GB,2,2011-12-03,
5740,Mateo,Solberg,mateo.solberg5739@example.com,Porto,PT,19,2013-02-25,medium
5741,Bianca,Ueda,bianca.ueda5740@example.com,Raleigh,US,33,2012-12-16,low
5742,Bianca,Moreau,bianca.moreau5741@example.com,Valencia,ES,7,2016-03-20,
5743,Alma,Reed,alma.reed5742@example.com,Victoria,CA,36,2012-08-16,low
5744,Rafael,Sandoval,rafael.sandoval5743@example.com,Cork,IE,25,2018-08-28,
5745,Samir,Cormack,samir.cormack5744@example.com,Manchester,GB,33,2020-06-17,low
5746,Ravi,Delgado,ravi.delgado5745@example.com,Ljubljana,SI,12,2019-02-18,
5747,Lena,Mensah,lena.mensah5746@example.com,Bergen,NO,33,2009-12-02,low
5748,Nell,Moreau,nell.moreau5747@example.com,Hobart,AU,16,2025-08-19,
5749,Delphine,Shah,delphine.shah5748@example.com,Aarhus,DK,13,2010-09-01,
5750,Sean,Wexler,sean.wexler5749@example.com,Leipzig,DE,14,2011-08-07,
5751,Malik,Baptiste,malik.baptiste5750@example.com,Cork,IE,27,2008-03-07,low
5752,Tom,Kowalski,tom.kowalski5751@example.com,Freiburg,DE,9,2022-04-17,medium
5753,Solveig,Wexler,solveig.wexler5752@example.com,Halifax,CA,19,2015-05-02,low
5754,Arjun,Beaumont,arjun.beaumont5753@example.com,Victoria,CA,2,2024-01-15,
5755,Omar,Ricci,omar.ricci5754@example.com,Manchester,GB,38,2013-01-12,
5756,Fatima,Ricci,fatima.ricci5755@example.com,Portland,US,33,2018-04-24,
5757,Nora,Nakamura,nora.nakamura5756@example.com,Valencia,ES,18,2011-01-14,
5758,Dmitri,Abbott,dmitri.abbott5757@example.com,Tampere,FI,7,2009-06-16,
5759,Kwame,Osei,kwame.osei5758@example.com,Sheffield,GB,25,2012-11-22,
5760,Bianca,Ferreira,bianca.ferreira5759@example.com,Toronto,CA,23,2020-10-22,
5761,Samir,Ashworth,samir.ashworth5760@example.com,Uppsala,SE,34,2020-10-22,
5762,Nora,Farrow,nora.farrow5761@example.com,Victoria,CA,26,2023-05-19,
5763,Elena,Thorne,elena.thorne5762@example.com,Porto,PT,39,2016-04-15,
5764,Lena,Wexler,lena.wexler5763@example.com,Utrecht,NL,20,2018-11-28,
5765,Josefina,Nakamura,josefina.nakamura5764@example.com,Portland,US,2,2013-10-18,
5766,Tom,Whitfield,tom.whitfield5765@example.com,Uppsala,SE,9,2008-10-28,
5767,Hugo,Halloran,hugo.halloran5766@example.com,Adelaide,AU,19,2014-04-15,
5768,Eli,Whitfield,eli.whitfield5767@example.com,Bologna,IT,19,2019-01-13,low
5769,Bianca,Marchetti,bianca.marchetti5768@example.com,Manchester,GB,35,2021-12-24,low
5770,Tom,Cole,tom.cole5769@example.com,Toronto,CA,13,2010-10-03,
5771,Nell,Rossi,nell.rossi5770@example.com,Raleigh,US,15,2024-03-14,low
5772,Kiran,Voss,kiran.voss5771@example.com,Sheffield,GB,8,2018-09-03,
5773,Pieter,Brennan,pieter.brennan5772@example.com,Perth,AU,40,2017-05-14,
5774,Alma,Thorne,alma.thorne5773@example.com,Tucson,US,14,2011-08-25,medium
5775,Noel,Larsen,noel.larsen5774@example.com,Austin,US,23,2008-11-21,low
5776,Solveig,Zamora,solveig.zamora5775@example.com,Valencia,ES,33,2012-01-19,low
5777,Kofi,Larsen,kofi.larsen5776@example.com,Porto,PT,40,2009-03-01,medium
5778,Tobias,Halloran,tobias.halloran5777@example.com,Perth,AU,1,2010-06-22,
5779,Ciara,Vance,ciara.vance5778@example.com,Montpellier,FR,4,2015-05-27,
5780,Nell,Quinn,nell.quinn5779@example.com,Galway,IE,32,2008-07-25,low
5781,Jon,Nakamura,jon.nakamura5780@example.com,Leipzig,DE,35,2012-08-09,
5782,Sean,Zamora,sean.zamora5781@example.com,Tucson,US,19,2018-05-23,medium
5783,Kofi,Mensah,kofi.mensah5782@example.com,Bologna,IT,34,2015-09-09,
5784,Rosa,Ashworth,rosa.ashworth5783@example.com,Cork,IE,4,2019-09-05,
5785,Wren,Cole,wren.cole5784@example.com,Denver,US,28,2017-05-11,low
5786,Ravi,Nyberg,ravi.nyberg5785@example.com,Raleigh,US,19,2024-04-09,
5787,Ben,Castellanos,ben.castellanos5786@example.com,Galway,IE,11,2019-02-23,
5788,Elena,Quinn,elena.quinn5787@example.com,Dunedin,NZ,28,2017-05-08,low
5789,Anton,Cormack,anton.cormack5788@example.com,Austin,US,32,2016-02-15,low
5790,Zara,Wexler,zara.wexler5789@example.com,Norwich,GB,6,2016-06-27,
5791,Ciara,Solberg,ciara.solberg5790@example.com,Victoria,CA,7,2018-01-24,high
5792,Sara,Sandoval,sara.sandoval5791@example.com,Groningen,NL,40,2019-11-10,low
5793,Ingrid,Ferreira,ingrid.ferreira5792@example.com,Victoria,CA,8,2018-10-01,low
5794,Rafael,Whitfield,rafael.whitfield5793@example.com,Hobart,AU,33,2024-09-05,
5795,Viktor,Moreau,viktor.moreau5794@example.com,Leipzig,DE,14,2020-05-20,
5796,Kwame,Haddad,kwame.haddad5795@example.com,Portland,US,9,2024-05-17,
5797,Solveig,Abbott,solveig.abbott5796@example.com,Porto,PT,23,2024-04-01,low
5798,Hana,Nair,hana.nair5797@example.com,Galway,IE,38,2010-07-02,low
5799,Nell,Haddad,nell.haddad5798@example.com,Denver,US,3,2017-07-17,low
5800,Signe,Sorensen,signe.sorensen5799@example.com,Hobart,AU,14,2025-03-04,
5801,Camille,Silva,camille.silva5800@example.com,Toronto,CA,11,2016-10-28,
5802,Jonas,Castellanos,jonas.castellanos5801@example.com,Tampere,FI,28,2013-11-20,medium
5803,Zara,Mwangi,zara.mwangi5802@example.com,Adelaide,AU,7,2019-03-01,
5804,Lars,Petrov,lars.petrov5803@example.com,Uppsala,SE,36,2015-04-01,
5805,Bruno,Petrov,bruno.petrov5804@example.com,Valencia,ES,3,2015-12-25,
5806,Lena,Osei,lena.osei5805@example.com,Manchester,GB,34,2014-07-03,
5807,Tobias,Halloran,tobias.halloran5806@example.com,Portland,US,38,2008-09-28,
5808,Jonas,Wexler,jonas.wexler5807@example.com,Ljubljana,SI,12,2013-05-03,
5809,Rafael,Petrov,rafael.petrov5808@example.com,Tampere,FI,19,2015-10-17,
5810,Nadia,Cole,nadia.cole5809@example.com,Hobart,AU,25,2024-09-07,medium
5811,Rosa,Lindqvist,rosa.lindqvist5810@example.com,Ljubljana,SI,6,2020-05-26,
5812,Zara,Marchetti,zara.marchetti5811@example.com,Porto,PT,37,2016-01-24,low
5813,Nadia,Halloran,nadia.halloran5812@example.com,Norwich,GB,6,2024-05-22,
5814,Arjun,Dubois,arjun.dubois5813@example.com,Ljubljana,SI,28,2008-10-08,medium
5815,Marta,Marchetti,marta.marchetti5814@example.com,Toronto,CA,32,2023-06-05,
5816,Alma,Lindqvist,alma.lindqvist5815@example.com,Hobart,AU,10,2017-06-07,medium
5817,Camille,Ashworth,camille.ashworth5816@example.com,Cork,IE,32,2008-11-20,low
5818,Tomas,Ricci,tomas.ricci5817@example.com,Bergen,NO,2,2023-01-27,low
5819,Idris,Vance,idris.vance5818@example.com,Groningen,NL,11,2023-01-05,
5820,Alma,Park,alma.park5819@example.com,Sheffield,GB,2,2010-05-06,
5821,Andres,Rahman,andres.rahman5820@example.com,Groningen,NL,18,2017-12-18,
5822,Ciara,Thorne,ciara.thorne5821@example.com,Dunedin,NZ,30,2014-09-22,
5823,Hugo,Renard,hugo.renard5822@example.com,Porto,PT,16,2008-04-20,
5824,Sara,Kirby,sara.kirby5823@example.com,Groningen,NL,1,2017-11-20,
5825,Malik,Reed,malik.reed5824@example.com,Groningen,NL,11,2014-07-28,
5826,Kiran,Sorensen,kiran.sorensen5825@example.com,Auckland,NZ,14,2012-02-24,medium
5827,Kiran,Ricci,kiran.ricci5826@example.com,Toronto,CA,34,2018-08-28,
5828,Jon,Kirby,jon.kirby5827@example.com,Bristol,GB,8,2019-08-05,high
5829,Ana,Zamora,ana.zamora5828@example.com,Aarhus,DK,27,2022-06-11,
5830,Noel,Sorensen,noel.sorensen5829@example.com,Porto,PT,20,2017-06-08,
5831,Kiran,Lindqvist,kiran.lindqvist5830@example.com,Bristol,GB,19,2013-08-21,
5832,Noel,Kowalski,noel.kowalski5831@example.com,Columbus,US,9,2025-07-24,
5833,Lars,Nakamura,lars.nakamura5832@example.com,Perth,AU,3,2009-01-18,
5834,Josefina,Marchetti,josefina.marchetti5833@example.com,Raleigh,US,5,2008-10-13,
5835,Bianca,Ricci,bianca.ricci5834@example.com,Columbus,US,30,2016-04-16,
5836,Delphine,Ashworth,delphine.ashworth5835@example.com,Bologna,IT,4,2013-07-14,medium
5837,Greta,Cole,greta.cole5836@example.com,Leipzig,DE,23,2015-12-06,
5838,Nora,Reed,nora.reed5837@example.com,Uppsala,SE,21,2018-04-07,
5839,Hana,Fischer,hana.fischer5838@example.com,Portland,US,23,2023-12-27,low
5840,Alma,Dubois,alma.dubois5839@example.com,Utrecht,NL,4,2018-06-21,
5841,Wren,Baptiste,wren.baptiste5840@example.com,Manchester,GB,24,2019-02-17,
5842,Arjun,Dubois,arjun.dubois5841@example.com,Manchester,GB,1,2023-01-16,low
5843,Malik,Ferreira,malik.ferreira5842@example.com,Porto,PT,6,2013-07-10,
5844,Noel,Beaumont,noel.beaumont5843@example.com,Raleigh,US,39,2010-02-28,
5845,Emeka,Osei,emeka.osei5844@example.com,Raleigh,US,29,2020-02-12,medium
5846,Camille,Castellanos,camille.castellanos5845@example.com,Auckland,NZ,33,2009-11-26,high
5847,Esme,Fischer,esme.fischer5846@example.com,Nantes,FR,13,2011-01-28,
5848,Hugo,Ibrahim,hugo.ibrahim5847@example.com,Dunedin,NZ,5,2014-05-13,
5849,Ciara,Frost,ciara.frost5848@example.com,Toronto,CA,28,2022-01-01,
5850,Tarek,Bergstrom,tarek.bergstrom5849@example.com,Nantes,FR,25,2008-05-20,
5851,Andres,Adeyemi,andres.adeyemi5850@example.com,Auckland,NZ,37,2023-09-28,low
5852,Ben,Kowalski,ben.kowalski5851@example.com,Perth,AU,24,2021-01-07,low
5853,Claire,Vance,claire.vance5852@example.com,Perth,AU,19,2024-06-22,high
5854,Felix,Thorne,felix.thorne5853@example.com,Norwich,GB,1,2009-02-27,
5855,Ciara,Renard,ciara.renard5854@example.com,Raleigh,US,36,2021-04-21,
5856,Lars,Whitfield,lars.whitfield5855@example.com,Cork,IE,37,2017-01-10,
5857,Bruno,Sorensen,bruno.sorensen5856@example.com,Norwich,GB,28,2020-09-18,
5858,Iris,Ueda,iris.ueda5857@example.com,Auckland,NZ,27,2016-01-14,
5859,Sofia,Petrov,sofia.petrov5858@example.com,Porto,PT,26,2008-12-01,
5860,Fatima,Hale,fatima.hale5859@example.com,Porto,PT,39,2011-05-25,
5861,Priya,Ashworth,priya.ashworth5860@example.com,Columbus,US,16,2019-06-20,low
5862,Samir,Brennan,samir.brennan5861@example.com,Valencia,ES,10,2015-09-04,
5863,Zara,Cole,zara.cole5862@example.com,Perth,AU,28,2020-07-22,
5864,Signe,Ricci,signe.ricci5863@example.com,Leipzig,DE,36,2013-02-09,
5865,Zara,Iqbal,zara.iqbal5864@example.com,Austin,US,9,2024-08-16,
5866,Bianca,Lund,bianca.lund5865@example.com,Tampere,FI,23,2012-03-01,
5867,Elena,Zamora,elena.zamora5866@example.com,Norwich,GB,10,2021-05-02,
5868,Sean,Haddad,sean.haddad5867@example.com,Columbus,US,11,2018-05-25,low
5869,Greta,Whitfield,greta.whitfield5868@example.com,Dunedin,NZ,30,2009-11-28,
5870,Ana,Marchetti,ana.marchetti5869@example.com,Freiburg,DE,3,2022-01-22,
5871,Claire,Silva,claire.silva5870@example.com,Portland,US,8,2011-09-27,medium
5872,Delphine,Nakamura,delphine.nakamura5871@example.com,Denver,US,5,2015-12-08,low
5873,Marta,Halloran,marta.halloran5872@example.com,Portland,US,10,2022-02-12,
5874,Mateo,Iqbal,mateo.iqbal5873@example.com,Auckland,NZ,31,2025-04-06,
5875,Jonas,Castellanos,jonas.castellanos5874@example.com,Halifax,CA,23,2015-03-09,low
5876,Felix,Reed,felix.reed5875@example.com,Toronto,CA,29,2013-01-12,medium
5877,Elena,Kaur,elena.kaur5876@example.com,Tucson,US,8,2020-02-17,
5878,Sofia,Lund,sofia.lund5877@example.com,Uppsala,SE,13,2022-05-18,
5879,Dmitri,Roy,dmitri.roy5878@example.com,Freiburg,DE,38,2012-09-23,low
5880,Tobias,Okafor,tobias.okafor5879@example.com,Aarhus,DK,22,2022-08-22,low
5881,Alma,Lindqvist,alma.lindqvist5880@example.com,Raleigh,US,8,2010-06-23,
5882,Tobias,Vance,tobias.vance5881@example.com,Aarhus,DK,26,2019-02-23,
5883,Andres,Moreau,andres.moreau5882@example.com,Dunedin,NZ,5,2020-01-02,low
5884,Jon,Nair,jon.nair5883@example.com,Perth,AU,21,2020-10-26,
5885,Anton,Lund,anton.lund5884@example.com,Galway,IE,19,2013-10-15,
5886,Nell,Mwangi,nell.mwangi5885@example.com,Dunedin,NZ,14,2022-12-05,
5887,Nora,Tan,nora.tan5886@example.com,Montpellier,FR,30,2010-11-07,
5888,Felix,Kaur,felix.kaur5887@example.com,Nantes,FR,7,2008-11-06,low
5889,Elena,Voss,elena.voss5888@example.com,Hobart,AU,18,2011-12-12,high
5890,Aoife,Ueda,aoife.ueda5889@example.com,Portland,US,27,2012-09-27,low
5891,Idris,Baptiste,idris.baptiste5890@example.com,Leipzig,DE,36,2018-04-14,
5892,Claire,Okafor,claire.okafor5891@example.com,Victoria,CA,25,2012-08-16,
5893,Elena,Moreau,elena.moreau5892@example.com,Bergen,NO,18,2014-12-08,
5894,Fatima,Kaur,fatima.kaur5893@example.com,Hobart,AU,20,2023-03-14,low
5895,Kiran,Lindqvist,kiran.lindqvist5894@example.com,Leipzig,DE,39,2025-12-22,
5896,Elena,Park,elena.park5895@example.com,Aarhus,DK,14,2011-09-13,
5897,Viktor,Park,viktor.park5896@example.com,Montpellier,FR,21,2025-09-01,
5898,Tomas,Ibrahim,tomas.ibrahim5897@example.com,Nantes,FR,13,2025-12-12,
5899,Jon,Reed,jon.reed5898@example.com,Tucson,US,33,2018-06-03,
5900,Marta,Mwangi,marta.mwangi5899@example.com,Porto,PT,34,2014-09-01,low
5901,Ben,Okafor,ben.okafor5900@example.com,Freiburg,DE,32,2014-03-20,
5902,Raj,Whitfield,raj.whitfield5901@example.com,Bristol,GB,5,2010-06-04,
5903,Elena,Wexler,elena.wexler5902@example.com,Columbus,US,16,2022-11-01,low
5904,Noel,Cormack,noel.cormack5903@example.com,Groningen,NL,35,2009-10-16,
5905,Josefina,Quinn,josefina.quinn5904@example.com,Bergen,NO,28,2011-07-25,
5906,Esme,Okafor,esme.okafor5905@example.com,Bristol,GB,32,2018-05-23,low
5907,Camille,Roy,camille.roy5906@example.com,Tampere,FI,24,2024-01-10,
5908,Marta,Ricci,marta.ricci5907@example.com,Valencia,ES,6,2020-10-21,
5909,Malik,Vance,malik.vance5908@example.com,Halifax,CA,37,2009-09-04,
5910,Samir,Hale,samir.hale5909@example.com,Columbus,US,8,2020-03-26,
5911,Bruno,Kirby,bruno.kirby5910@example.com,Halifax,CA,39,2012-01-21,medium
5912,Esme,Lindqvist,esme.lindqvist5911@example.com,Portland,US,7,2012-07-12,
5913,Arjun,Shah,arjun.shah5912@example.com,Manchester,GB,1,2014-01-11,
5914,Ingrid,Quinn,ingrid.quinn5913@example.com,Toronto,CA,28,2017-06-15,
5915,Raj,Mensah,raj.mensah5914@example.com,Leipzig,DE,11,2011-08-08,high
5916,Ingrid,Novak,ingrid.novak5915@example.com,Groningen,NL,20,2021-12-25,
5917,Felix,Hale,felix.hale5916@example.com,Bologna,IT,37,2022-04-02,
5918,Zara,Thorne,zara.thorne5917@example.com,Toronto,CA,30,2016-07-04,
5919,Priya,Mensah,priya.mensah5918@example.com,Groningen,NL,17,2008-03-09,low
5920,Anton,Delgado,anton.delgado5919@example.com,Norwich,GB,1,2018-05-10,
5921,Josefina,Fischer,josefina.fischer5920@example.com,Uppsala,SE,15,2012-03-07,
5922,Wren,Diaz,wren.diaz5921@example.com,Halifax,CA,37,2020-08-28,
5923,Lena,Rossi,lena.rossi5922@example.com,Aarhus,DK,21,2012-07-11,
5924,Hugo,Ueda,hugo.ueda5923@example.com,Valencia,ES,2,2022-07-22,low
5925,Ana,Kowalski,ana.kowalski5924@example.com,Bologna,IT,28,2010-04-02,
5926,Marta,Kowalski,marta.kowalski5925@example.com,Nantes,FR,5,2015-06-03,
5927,Bianca,Rahman,bianca.rahman5926@example.com,Auckland,NZ,36,2013-01-20,high
5928,Jon,Frost,jon.frost5927@example.com,Norwich,GB,17,2016-12-03,
5929,Ciara,Okafor,ciara.okafor5928@example.com,Leipzig,DE,15,2025-03-20,
5930,Samir,Roy,samir.roy5929@example.com,Manchester,GB,24,2008-02-11,
5931,Iris,Bergstrom,iris.bergstrom5930@example.com,Denver,US,19,2019-10-18,
5932,Malik,Whitfield,malik.whitfield5931@example.com,Austin,US,13,2020-08-09,low
5933,Fatima,Quinn,fatima.quinn5932@example.com,Dunedin,NZ,32,2015-07-26,
5934,Sara,Mensah,sara.mensah5933@example.com,Auckland,NZ,29,2016-01-05,
5935,Emeka,Silva,emeka.silva5934@example.com,Columbus,US,24,2013-10-25,
5936,Mateo,Sandoval,mateo.sandoval5935@example.com,Bergen,NO,23,2009-06-13,
5937,Marta,Reed,marta.reed5936@example.com,Adelaide,AU,7,2008-12-25,
5938,Andres,Moreau,andres.moreau5937@example.com,Portland,US,25,2022-12-13,
5939,Pieter,Dubois,pieter.dubois5938@example.com,Bristol,GB,6,2021-02-02,
5940,Malik,Moreau,malik.moreau5939@example.com,Victoria,CA,35,2019-04-26,low
5941,Tobias,Vance,tobias.vance5940@example.com,Ljubljana,SI,39,2025-09-21,
5942,Greta,Whitfield,greta.whitfield5941@example.com,Bergen,NO,17,2009-03-27,
5943,Nadia,Brennan,nadia.brennan5942@example.com,Valencia,ES,38,2019-10-23,
5944,Camille,Osei,camille.osei5943@example.com,Ljubljana,SI,22,2014-06-21,
5945,Sara,Quinn,sara.quinn5944@example.com,Auckland,NZ,10,2015-02-25,
5946,Bianca,Okafor,bianca.okafor5945@example.com,Galway,IE,26,2008-07-28,
5947,Signe,Ricci,signe.ricci5946@example.com,Bologna,IT,32,2023-09-03,low
5948,Dmitri,Dubois,dmitri.dubois5947@example.com,Manchester,GB,39,2020-05-28,
5949,Idris,Fischer,idris.fischer5948@example.com,Bologna,IT,26,2011-05-05,
5950,Tobias,Frost,tobias.frost5949@example.com,Denver,US,8,2019-04-17,
5951,Jonas,Zamora,jonas.zamora5950@example.com,Victoria,CA,20,2018-11-26,
5952,Dmitri,Delgado,dmitri.delgado5951@example.com,Tampere,FI,12,2013-11-14,
5953,Esme,Whitfield,esme.whitfield5952@example.com,Groningen,NL,26,2019-07-16,
5954,Nora,Sandoval,nora.sandoval5953@example.com,Norwich,GB,23,2008-10-27,
5955,Hana,Ellery,hana.ellery5954@example.com,Porto,PT,34,2017-09-27,low
5956,Bruno,Sandoval,bruno.sandoval5955@example.com,Dunedin,NZ,16,2008-03-02,
5957,Tarek,Abbott,tarek.abbott5956@example.com,Halifax,CA,32,2013-02-16,low
5958,Sofia,Vogt,sofia.vogt5957@example.com,Manchester,GB,7,2014-02-15,
5959,Mateo,Ellery,mateo.ellery5958@example.com,Hobart,AU,13,2024-07-20,
5960,Greta,Kaur,greta.kaur5959@example.com,Sheffield,GB,18,2018-02-15,
5961,Camille,Brennan,camille.brennan5960@example.com,Nantes,FR,15,2023-10-16,
5962,Tom,Delgado,tom.delgado5961@example.com,Leipzig,DE,28,2025-11-05,
5963,Yuki,Whitfield,yuki.whitfield5962@example.com,Hobart,AU,3,2021-03-10,
5964,Kwame,Delgado,kwame.delgado5963@example.com,Auckland,NZ,35,2022-01-19,
5965,Emeka,Thorne,emeka.thorne5964@example.com,Perth,AU,5,2018-01-02,
5966,Ingrid,Nyberg,ingrid.nyberg5965@example.com,Portland,US,14,2013-09-26,
5967,Rosa,Wexler,rosa.wexler5966@example.com,Bologna,IT,24,2021-03-04,
5968,Idris,Ellery,idris.ellery5967@example.com,Freiburg,DE,38,2025-05-07,
5969,Kofi,Haddad,kofi.haddad5968@example.com,Norwich,GB,34,2021-09-12,
5970,Zara,Voss,zara.voss5969@example.com,Tucson,US,38,2010-01-15,medium
5971,Solveig,Silva,solveig.silva5970@example.com,Cork,IE,5,2023-12-17,
5972,Tobias,Nyberg,tobias.nyberg5971@example.com,Adelaide,AU,37,2016-11-10,
5973,Ciara,Rossi,ciara.rossi5972@example.com,Montpellier,FR,27,2023-01-21,
5974,Zara,Beaumont,zara.beaumont5973@example.com,Raleigh,US,23,2016-12-15,
5975,Signe,Haddad,signe.haddad5974@example.com,Denver,US,24,2014-01-06,
5976,Lars,Ferreira,lars.ferreira5975@example.com,Leipzig,DE,40,2013-04-28,low
5977,Idris,Achebe,idris.achebe5976@example.com,Groningen,NL,4,2016-05-21,
5978,Lena,Zamora,lena.zamora5977@example.com,Auckland,NZ,37,2018-10-11,
5979,Malik,Whitfield,malik.whitfield5978@example.com,Bologna,IT,17,2017-10-24,medium
5980,Emeka,Moreau,emeka.moreau5979@example.com,Austin,US,30,2018-08-15,
5981,Omar,Reed,omar.reed5980@example.com,Bologna,IT,3,2015-05-28,high
5982,Zara,Rossi,zara.rossi5981@example.com,Uppsala,SE,26,2023-03-10,low
5983,Fatima,Novak,fatima.novak5982@example.com,Groningen,NL,1,2016-05-14,low
5984,Tarek,Rahman,tarek.rahman5983@example.com,Manchester,GB,26,2015-12-22,
5985,Dmitri,Cormack,dmitri.cormack5984@example.com,Bristol,GB,9,2014-01-25,
5986,Sean,Achebe,sean.achebe5985@example.com,Montpellier,FR,15,2023-04-24,
5987,Samir,Wexler,samir.wexler5986@example.com,Tucson,US,32,2020-04-23,
5988,Kiran,Larsen,kiran.larsen5987@example.com,Freiburg,DE,40,2018-03-20,high
5989,Esme,Bergstrom,esme.bergstrom5988@example.com,Ljubljana,SI,31,2016-07-18,low
5990,Sofia,Hale,sofia.hale5989@example.com,Tucson,US,9,2011-10-26,
5991,Nora,Brennan,nora.brennan5990@example.com,Galway,IE,10,2023-02-19,
5992,Iris,Vance,iris.vance5991@example.com,Sheffield,GB,15,2017-05-20,
5993,Wren,Diaz,wren.diaz5992@example.com,Manchester,GB,36,2012-07-26,
5994,Jon,Iqbal,jon.iqbal5993@example.com,Manchester,GB,24,2008-03-22,
5995,Esme,Osei,esme.osei5994@example.com,Tampere,FI,3,2015-04-24,low
5996,Claire,Renard,claire.renard5995@example.com,Cork,IE,14,2023-10-25,
5997,Fatima,Frost,fatima.frost5996@example.com,Manchester,GB,26,2010-05-15,
5998,Anton,Cole,anton.cole5997@example.com,Galway,IE,31,2020-10-28,
5999,Claire,Quinn,claire.quinn5998@example.com,Perth,AU,13,2008-07-01,low
6000,Ben,Moreau,ben.moreau5999@example.com,Freiburg,DE,15,2015-08-23,
6001,Omar,Cormack,omar.cormack6000@example.com,Perth,AU,10,2023-07-18,low
6002,Leila,Mwangi,leila.mwangi6001@example.com,Norwich,GB,29,2011-03-10,
6003,Delphine,Silva,delphine.silva6002@example.com,Raleigh,US,36,2016-01-01,
6004,Signe,Cole,signe.cole6003@example.com,Valencia,ES,33,2024-02-21,
6005,Leila,Rahman,leila.rahman6004@example.com,Uppsala,SE,27,2016-02-09,
6006,Sara,Quinn,sara.quinn6005@example.com,Bristol,GB,13,2024-11-07,
6007,Anton,Zamora,anton.zamora6006@example.com,Bristol,GB,26,2009-09-14,low
6008,Delphine,Mensah,delphine.mensah6007@example.com,Montpellier,FR,24,2014-05-15,low
6009,Nadia,Novak,nadia.novak6008@example.com,Galway,IE,2,2012-11-12,
6010,Pieter,Castellanos,pieter.castellanos6009@example.com,Denver,US,26,2014-09-15,
6011,Arjun,Iqbal,arjun.iqbal6010@example.com,Bologna,IT,29,2021-08-10,
6012,Kiran,Moreau,kiran.moreau6011@example.com,Leipzig,DE,36,2024-08-28,low
6013,Bruno,Brennan,bruno.brennan6012@example.com,Leipzig,DE,40,2023-11-07,
6014,Signe,Halloran,signe.halloran6013@example.com,Bristol,GB,39,2008-08-21,
6015,Delphine,Reed,delphine.reed6014@example.com,Montpellier,FR,11,2012-03-03,
6016,Dmitri,Nakamura,dmitri.nakamura6015@example.com,Valencia,ES,19,2015-11-26,medium
6017,Rafael,Marchetti,rafael.marchetti6016@example.com,Aarhus,DK,20,2013-01-05,
6018,Viktor,Lund,viktor.lund6017@example.com,Norwich,GB,33,2010-07-28,
6019,Esme,Moreau,esme.moreau6018@example.com,Portland,US,15,2010-09-12,
6020,Tom,Tan,tom.tan6019@example.com,Austin,US,13,2025-04-11,low
6021,Nora,Bergstrom,nora.bergstrom6020@example.com,Bologna,IT,30,2011-02-04,
6022,Aoife,Okafor,aoife.okafor6021@example.com,Auckland,NZ,16,2018-10-02,
6023,Yuki,Fischer,yuki.fischer6022@example.com,Denver,US,18,2011-09-28,
6024,Samir,Bauer,samir.bauer6023@example.com,Norwich,GB,22,2020-04-11,
6025,Jon,Baptiste,jon.baptiste6024@example.com,Uppsala,SE,31,2025-11-01,
6026,Zara,Moreau,zara.moreau6025@example.com,Bologna,IT,31,2011-01-09,low
6027,Sean,Baptiste,sean.baptiste6026@example.com,Nantes,FR,28,2012-05-19,low
6028,Josefina,Dubois,josefina.dubois6027@example.com,Uppsala,SE,1,2019-02-21,
6029,Ana,Okafor,ana.okafor6028@example.com,Freiburg,DE,13,2014-09-18,
6030,Josefina,Voss,josefina.voss6029@example.com,Ljubljana,SI,14,2024-10-07,
6031,Aoife,Wexler,aoife.wexler6030@example.com,Denver,US,11,2011-11-15,
6032,Lars,Mensah,lars.mensah6031@example.com,Porto,PT,36,2023-06-09,low
6033,Idris,Moreau,idris.moreau6032@example.com,Dunedin,NZ,3,2009-05-02,low
6034,Ben,Lindqvist,ben.lindqvist6033@example.com,Utrecht,NL,25,2017-07-07,
6035,Kofi,Rahman,kofi.rahman6034@example.com,Tucson,US,38,2014-08-06,
6036,Iris,Reed,iris.reed6035@example.com,Montpellier,FR,27,2016-10-11,low
6037,Fatima,Cole,fatima.cole6036@example.com,Portland,US,25,2009-01-24,medium
6038,Zara,Ricci,zara.ricci6037@example.com,Montpellier,FR,1,2009-11-25,low
6039,Nell,Frost,nell.frost6038@example.com,Adelaide,AU,21,2009-09-19,
6040,Amara,Vogt,amara.vogt6039@example.com,Aarhus,DK,4,2014-11-10,
6041,Sofia,Bergstrom,sofia.bergstrom6040@example.com,Groningen,NL,22,2019-03-25,
6042,Felix,Farrow,felix.farrow6041@example.com,Dunedin,NZ,32,2019-09-13,
6043,Kofi,Sorensen,kofi.sorensen6042@example.com,Groningen,NL,12,2013-09-22,
6044,Kofi,Achebe,kofi.achebe6043@example.com,Galway,IE,18,2019-11-28,
6045,Kofi,Tan,kofi.tan6044@example.com,Aarhus,DK,15,2014-05-09,
6046,Nadia,Kirby,nadia.kirby6045@example.com,Hobart,AU,27,2020-07-21,
6047,Wren,Diaz,wren.diaz6046@example.com,Sheffield,GB,37,2017-10-28,low
6048,Maya,Cormack,maya.cormack6047@example.com,Auckland,NZ,8,2009-06-20,
6049,Lena,Okafor,lena.okafor6048@example.com,Nantes,FR,39,2013-09-26,low
6050,Bianca,Diaz,bianca.diaz6049@example.com,Aarhus,DK,11,2021-04-25,
6051,Leila,Mensah,leila.mensah6050@example.com,Aarhus,DK,19,2008-10-07,
6052,Ingrid,Lund,ingrid.lund6051@example.com,Tampere,FI,9,2023-01-16,high
6053,Zara,Ibrahim,zara.ibrahim6052@example.com,Dunedin,NZ,2,2022-08-28,low
6054,Kiran,Hale,kiran.hale6053@example.com,Manchester,GB,25,2021-06-20,
6055,Kiran,Adeyemi,kiran.adeyemi6054@example.com,Hobart,AU,3,2009-06-20,low
6056,Wren,Tan,wren.tan6055@example.com,Raleigh,US,24,2010-10-18,
6057,Tomas,Rossi,tomas.rossi6056@example.com,Tampere,FI,39,2011-08-22,
6058,Mateo,Okafor,mateo.okafor6057@example.com,Bristol,GB,7,2015-10-13,low
6059,Marta,Lindqvist,marta.lindqvist6058@example.com,Hobart,AU,1,2012-03-26,
6060,Idris,Nakamura,idris.nakamura6059@example.com,Norwich,GB,5,2022-07-23,
6061,Greta,Lindqvist,greta.lindqvist6060@example.com,Auckland,NZ,1,2012-11-10,
6062,Leila,Adeyemi,leila.adeyemi6061@example.com,Montpellier,FR,20,2008-03-23,
6063,Ben,Bauer,ben.bauer6062@example.com,Tampere,FI,16,2015-05-08,
6064,Rafael,Thorne,rafael.thorne6063@example.com,Portland,US,37,2009-11-26,low
6065,Signe,Ueda,signe.ueda6064@example.com,Austin,US,10,2025-04-06,
6066,Maya,Kowalski,maya.kowalski6065@example.com,Bergen,NO,37,2011-01-19,
6067,Andres,Adeyemi,andres.adeyemi6066@example.com,Bologna,IT,9,2019-03-18,
6068,Yuki,Renard,yuki.renard6067@example.com,Porto,PT,32,2015-12-17,low
6069,Camille,Mensah,camille.mensah6068@example.com,Denver,US,12,2022-07-25,low
6070,Eli,Mwangi,eli.mwangi6069@example.com,Bristol,GB,24,2017-01-11,low
6071,Tomas,Mwangi,tomas.mwangi6070@example.com,Manchester,GB,15,2017-01-11,
6072,Amara,Quinn,amara.quinn6071@example.com,Porto,PT,22,2009-08-14,low
6073,Signe,Marchetti,signe.marchetti6072@example.com,Manchester,GB,30,2025-08-11,
6074,Ingrid,Farrow,ingrid.farrow6073@example.com,Austin,US,22,2018-03-15,
6075,Lars,Castellanos,lars.castellanos6074@example.com,Victoria,CA,38,2018-10-18,
6076,Anton,Delgado,anton.delgado6075@example.com,Austin,US,38,2014-09-17,
6077,Arjun,Tan,arjun.tan6076@example.com,Austin,US,19,2008-05-25,
6078,Eli,Osei,eli.osei6077@example.com,Auckland,NZ,32,2009-12-07,
6079,Idris,Solberg,idris.solberg6078@example.com,Bologna,IT,2,2018-12-11,
6080,Kwame,Zamora,kwame.zamora6079@example.com,Valencia,ES,12,2013-09-14,
6081,Greta,Mwangi,greta.mwangi6080@example.com,Toronto,CA,24,2020-05-24,
6082,Kiran,Cormack,kiran.cormack6081@example.com,Norwich,GB,8,2010-04-16,
6083,Ingrid,Cole,ingrid.cole6082@example.com,Norwich,GB,39,2011-06-22,
6084,Malik,Baptiste,malik.baptiste6083@example.com,Tucson,US,30,2020-03-17,
6085,Felix,Castellanos,felix.castellanos6084@example.com,Hobart,AU,39,2021-08-08,low
6086,Kofi,Zamora,kofi.zamora6085@example.com,Halifax,CA,8,2025-01-15,
6087,Sara,Silva,sara.silva6086@example.com,Freiburg,DE,11,2020-06-09,
6088,Ben,Lindqvist,ben.lindqvist6087@example.com,Portland,US,36,2011-01-12,
6089,Claire,Adeyemi,claire.adeyemi6088@example.com,Auckland,NZ,10,2021-03-12,
6090,Lars,Solberg,lars.solberg6089@example.com,Manchester,GB,12,2017-10-07,
6091,Tarek,Moreau,tarek.moreau6090@example.com,Porto,PT,31,2018-10-03,medium
6092,Nora,Haddad,nora.haddad6091@example.com,Tucson,US,29,2023-08-20,
6093,Jonas,Adeyemi,jonas.adeyemi6092@example.com,Nantes,FR,26,2023-09-01,
6094,Yuki,Farrow,yuki.farrow6093@example.com,Adelaide,AU,31,2008-02-05,low
6095,Emeka,Thorne,emeka.thorne6094@example.com,Bristol,GB,34,2024-02-28,
6096,Kwame,Adeyemi,kwame.adeyemi6095@example.com,Norwich,GB,20,2017-11-20,
6097,Sean,Rahman,sean.rahman6096@example.com,Leipzig,DE,39,2025-11-25,medium
6098,Solveig,Kaur,solveig.kaur6097@example.com,Galway,IE,31,2024-06-11,
6099,Tobias,Novak,tobias.novak6098@example.com,Montpellier,FR,6,2021-09-26,
6100,Esme,Tan,esme.tan6099@example.com,Denver,US,5,2024-02-25,
6101,Aoife,Petrov,aoife.petrov6100@example.com,Raleigh,US,19,2022-11-19,low
6102,Arjun,Sandoval,arjun.sandoval6101@example.com,Halifax,CA,22,2024-03-15,
6103,Arjun,Nakamura,arjun.nakamura6102@example.com,Galway,IE,39,2008-08-03,
6104,Bruno,Novak,bruno.novak6103@example.com,Cork,IE,37,2021-02-22,
6105,Jonas,Vance,jonas.vance6104@example.com,Hobart,AU,8,2018-09-02,
6106,Signe,Diaz,signe.diaz6105@example.com,Freiburg,DE,19,2008-01-07,
6107,Ingrid,Lund,ingrid.lund6106@example.com,Galway,IE,3,2009-07-19,high
6108,Lena,Renard,lena.renard6107@example.com,Tampere,FI,24,2011-06-11,
6109,Omar,Petrov,omar.petrov6108@example.com,Bologna,IT,33,2024-06-03,low
6110,Sean,Quinn,sean.quinn6109@example.com,Manchester,GB,38,2012-02-17,
6111,Elena,Kowalski,elena.kowalski6110@example.com,Tucson,US,16,2023-02-26,medium
6112,Ravi,Solberg,ravi.solberg6111@example.com,Denver,US,24,2009-06-25,medium
6113,Tom,Kaur,tom.kaur6112@example.com,Halifax,CA,15,2011-11-22,low
6114,Jonas,Bauer,jonas.bauer6113@example.com,Bologna,IT,20,2012-10-23,
6115,Rosa,Diaz,rosa.diaz6114@example.com,Hobart,AU,34,2021-08-25,
6116,Jon,Ueda,jon.ueda6115@example.com,Denver,US,30,2025-05-20,
6117,Solveig,Hale,solveig.hale6116@example.com,Tucson,US,27,2010-10-12,
6118,Bruno,Tan,bruno.tan6117@example.com,Nantes,FR,13,2016-05-05,low
6119,Hugo,Bauer,hugo.bauer6118@example.com,Columbus,US,18,2012-10-20,medium
6120,Tarek,Adeyemi,tarek.adeyemi6119@example.com,Galway,IE,14,2025-12-20,
6121,Ingrid,Bergstrom,ingrid.bergstrom6120@example.com,Sheffield,GB,11,2011-10-15,low
6122,Dmitri,Larsen,dmitri.larsen6121@example.com,Bergen,NO,6,2020-05-24,
6123,Ravi,Frost,ravi.frost6122@example.com,Uppsala,SE,19,2022-12-25,
6124,Signe,Nyberg,signe.nyberg6123@example.com,Columbus,US,24,2012-11-18,
6125,Wren,Kowalski,wren.kowalski6124@example.com,Ljubljana,SI,13,2018-05-03,medium
6126,Ingrid,Ibrahim,ingrid.ibrahim6125@example.com,Freiburg,DE,40,2020-11-06,
6127,Mateo,Cormack,mateo.cormack6126@example.com,Leipzig,DE,40,2008-01-17,
6128,Iris,Bergstrom,iris.bergstrom6127@example.com,Sheffield,GB,29,2020-05-24,
6129,Ciara,Vogt,ciara.vogt6128@example.com,Tampere,FI,7,2020-03-19,
6130,Signe,Baptiste,signe.baptiste6129@example.com,Freiburg,DE,10,2012-10-26,low
6131,Priya,Baptiste,priya.baptiste6130@example.com,Galway,IE,10,2011-01-12,
6132,Alma,Brennan,alma.brennan6131@example.com,Bristol,GB,24,2024-08-09,medium
6133,Tarek,Ricci,tarek.ricci6132@example.com,Cork,IE,32,2020-10-18,
6134,Yuki,Sandoval,yuki.sandoval6133@example.com,Tampere,FI,11,2020-08-19,
6135,Dmitri,Novak,dmitri.novak6134@example.com,Halifax,CA,35,2011-07-14,medium
6136,Yuki,Nair,yuki.nair6135@example.com,Victoria,CA,10,2013-11-27,
6137,Solveig,Marchetti,solveig.marchetti6136@example.com,Denver,US,20,2018-08-28,
6138,Omar,Nyberg,omar.nyberg6137@example.com,Nantes,FR,35,2020-06-17,low
6139,Jon,Diaz,jon.diaz6138@example.com,Hobart,AU,13,2010-11-17,
6140,Raj,Okafor,raj.okafor6139@example.com,Bergen,NO,39,2020-05-05,
6141,Fatima,Reed,fatima.reed6140@example.com,Portland,US,2,2015-04-09,high
6142,Signe,Shah,signe.shah6141@example.com,Halifax,CA,40,2018-02-16,
6143,Claire,Okafor,claire.okafor6142@example.com,Ljubljana,SI,8,2013-11-08,
6144,Omar,Abbott,omar.abbott6143@example.com,Dunedin,NZ,25,2015-04-23,
6145,Priya,Abbott,priya.abbott6144@example.com,Ljubljana,SI,30,2024-09-23,
6146,Bruno,Ibrahim,bruno.ibrahim6145@example.com,Nantes,FR,14,2011-05-06,
6147,Nora,Petrov,nora.petrov6146@example.com,Tampere,FI,3,2014-05-02,
6148,Rafael,Diaz,rafael.diaz6147@example.com,Victoria,CA,10,2015-04-10,
6149,Wren,Ibrahim,wren.ibrahim6148@example.com,Galway,IE,37,2017-12-06,
6150,Tom,Novak,tom.novak6149@example.com,Ljubljana,SI,33,2022-05-13,
6151,Jonas,Bauer,jonas.bauer6150@example.com,Ljubljana,SI,32,2024-04-10,medium
6152,Priya,Hale,priya.hale6151@example.com,Dunedin,NZ,2,2015-09-26,
6153,Anton,Ricci,anton.ricci6152@example.com,Austin,US,6,2016-06-22,
6154,Maya,Moreau,maya.moreau6153@example.com,Utrecht,NL,15,2020-06-02,
6155,Marta,Nyberg,marta.nyberg6154@example.com,Victoria,CA,29,2009-07-22,low
6156,Kofi,Haddad,kofi.haddad6155@example.com,Ljubljana,SI,9,2010-12-08,
6157,Nadia,Ellery,nadia.ellery6156@example.com,Montpellier,FR,3,2015-05-10,low
6158,Tom,Ueda,tom.ueda6157@example.com,Bristol,GB,38,2011-04-06,
6159,Josefina,Shah,josefina.shah6158@example.com,Adelaide,AU,35,2008-05-07,
6160,Rafael,Roy,rafael.roy6159@example.com,Dunedin,NZ,6,2025-12-03,low
6161,Hana,Zamora,hana.zamora6160@example.com,Bergen,NO,19,2014-01-21,
6162,Kwame,Ellery,kwame.ellery6161@example.com,Bergen,NO,26,2016-03-13,
6163,Sara,Wexler,sara.wexler6162@example.com,Perth,AU,1,2010-08-23,
6164,Raj,Voss,raj.voss6163@example.com,Dunedin,NZ,8,2018-07-06,
6165,Ben,Fischer,ben.fischer6164@example.com,Austin,US,16,2010-09-11,
6166,Nadia,Sandoval,nadia.sandoval6165@example.com,Victoria,CA,38,2025-07-19,
6167,Esme,Lindqvist,esme.lindqvist6166@example.com,Halifax,CA,2,2019-10-06,
6168,Viktor,Shah,viktor.shah6167@example.com,Valencia,ES,14,2012-04-07,
6169,Zara,Bauer,zara.bauer6168@example.com,Norwich,GB,38,2020-09-06,low
6170,Alma,Achebe,alma.achebe6169@example.com,Tucson,US,8,2017-06-20,
6171,Anton,Lindqvist,anton.lindqvist6170@example.com,Austin,US,4,2020-10-16,
6172,Greta,Farrow,greta.farrow6171@example.com,Nantes,FR,30,2018-08-28,
6173,Kiran,Petrov,kiran.petrov6172@example.com,Sheffield,GB,37,2021-04-25,low
6174,Tom,Ricci,tom.ricci6173@example.com,Austin,US,8,2024-07-15,
6175,Dmitri,Kaur,dmitri.kaur6174@example.com,Porto,PT,3,2022-06-09,
6176,Andres,Fischer,andres.fischer6175@example.com,Norwich,GB,36,2013-01-24,
6177,Esme,Beaumont,esme.beaumont6176@example.com,Hobart,AU,1,2020-05-12,
6178,Idris,Tan,idris.tan6177@example.com,Bristol,GB,25,2024-10-10,
6179,Eli,Sandoval,eli.sandoval6178@example.com,Tucson,US,35,2016-03-08,low
6180,Alma,Solberg,alma.solberg6179@example.com,Porto,PT,1,2025-01-21,medium
6181,Leila,Osei,leila.osei6180@example.com,Auckland,NZ,32,2018-03-07,
6182,Kwame,Achebe,kwame.achebe6181@example.com,Tampere,FI,2,2022-06-24,
6183,Hana,Hale,hana.hale6182@example.com,Bristol,GB,11,2016-08-03,
6184,Marta,Whitfield,marta.whitfield6183@example.com,Bergen,NO,29,2012-12-07,
6185,Felix,Novak,felix.novak6184@example.com,Dunedin,NZ,4,2021-08-01,low
6186,Aoife,Hale,aoife.hale6185@example.com,Porto,PT,29,2013-02-04,
6187,Tarek,Quinn,tarek.quinn6186@example.com,Perth,AU,40,2017-01-12,
6188,Raj,Rossi,raj.rossi6187@example.com,Tampere,FI,22,2016-04-21,
6189,Zara,Whitfield,zara.whitfield6188@example.com,Porto,PT,29,2025-11-11,
6190,Hana,Iqbal,hana.iqbal6189@example.com,Auckland,NZ,27,2011-10-08,
6191,Sara,Solberg,sara.solberg6190@example.com,Leipzig,DE,10,2023-06-15,
6192,Mateo,Nyberg,mateo.nyberg6191@example.com,Bologna,IT,33,2012-10-25,
6193,Priya,Tan,priya.tan6192@example.com,Toronto,CA,33,2012-07-12,
6194,Elena,Ibrahim,elena.ibrahim6193@example.com,Utrecht,NL,11,2010-03-18,medium
6195,Felix,Diaz,felix.diaz6194@example.com,Toronto,CA,9,2011-06-15,medium
6196,Signe,Renard,signe.renard6195@example.com,Auckland,NZ,18,2014-07-24,
6197,Anton,Osei,anton.osei6196@example.com,Tucson,US,34,2022-07-25,
6198,Wren,Nair,wren.nair6197@example.com,Leipzig,DE,27,2023-10-20,
6199,Ravi,Ueda,ravi.ueda6198@example.com,Toronto,CA,5,2025-07-01,low
6200,Felix,Cole,felix.cole6199@example.com,Galway,IE,23,2020-10-27,
6201,Sofia,Silva,sofia.silva6200@example.com,Tucson,US,26,2011-08-01,
6202,Eli,Wexler,eli.wexler6201@example.com,Norwich,GB,17,2008-04-26,
6203,Zara,Vance,zara.vance6202@example.com,Bergen,NO,28,2025-09-20,high
6204,Sofia,Moreau,sofia.moreau6203@example.com,Portland,US,32,2019-07-14,low
6205,Amara,Mensah,amara.mensah6204@example.com,Toronto,CA,32,2022-08-08,
6206,Delphine,Lund,delphine.lund6205@example.com,Freiburg,DE,27,2009-07-11,
6207,Marta,Okafor,marta.okafor6206@example.com,Raleigh,US,8,2017-05-02,
6208,Delphine,Beaumont,delphine.beaumont6207@example.com,Tampere,FI,27,2009-11-07,
6209,Lars,Cole,lars.cole6208@example.com,Porto,PT,28,2024-12-07,low
6210,Tobias,Whitfield,tobias.whitfield6209@example.com,Portland,US,12,2015-08-27,
6211,Idris,Mwangi,idris.mwangi6210@example.com,Freiburg,DE,17,2009-05-05,
6212,Claire,Frost,claire.frost6211@example.com,Galway,IE,38,2020-01-12,
6213,Ciara,Voss,ciara.voss6212@example.com,Austin,US,18,2013-11-20,
6214,Ingrid,Tan,ingrid.tan6213@example.com,Montpellier,FR,14,2022-03-05,
6215,Pieter,Iqbal,pieter.iqbal6214@example.com,Raleigh,US,8,2022-05-24,
6216,Jonas,Delgado,jonas.delgado6215@example.com,Galway,IE,17,2023-03-11,
6217,Idris,Whitfield,idris.whitfield6216@example.com,Montpellier,FR,12,2020-07-10,
6218,Eli,Frost,eli.frost6217@example.com,Manchester,GB,8,2009-04-23,medium
6219,Leila,Kirby,leila.kirby6218@example.com,Cork,IE,28,2013-09-22,
6220,Nell,Iqbal,nell.iqbal6219@example.com,Victoria,CA,38,2017-05-16,
6221,Raj,Thorne,raj.thorne6220@example.com,Porto,PT,26,2012-01-03,
6222,Tomas,Kaur,tomas.kaur6221@example.com,Sheffield,GB,38,2023-11-16,
6223,Yuki,Haddad,yuki.haddad6222@example.com,Tampere,FI,12,2018-09-01,
6224,Yuki,Adeyemi,yuki.adeyemi6223@example.com,Cork,IE,27,2022-02-18,low
6225,Yuki,Reed,yuki.reed6224@example.com,Ljubljana,SI,5,2015-07-09,low
6226,Mateo,Adeyemi,mateo.adeyemi6225@example.com,Freiburg,DE,9,2022-12-14,
6227,Iris,Quinn,iris.quinn6226@example.com,Sheffield,GB,11,2011-01-04,
6228,Noel,Frost,noel.frost6227@example.com,Cork,IE,6,2022-10-24,low
6229,Solveig,Wexler,solveig.wexler6228@example.com,Toronto,CA,18,2020-05-20,high
6230,Bruno,Petrov,bruno.petrov6229@example.com,Utrecht,NL,24,2014-02-06,
6231,Delphine,Frost,delphine.frost6230@example.com,Bologna,IT,40,2015-01-20,
6232,Sean,Thorne,sean.thorne6231@example.com,Victoria,CA,25,2013-07-03,
6233,Bruno,Novak,bruno.novak6232@example.com,Aarhus,DK,26,2021-02-14,
6234,Malik,Ueda,malik.ueda6233@example.com,Freiburg,DE,16,2018-02-02,
6235,Lena,Abbott,lena.abbott6234@example.com,Montpellier,FR,35,2014-12-03,
6236,Anton,Ibrahim,anton.ibrahim6235@example.com,Halifax,CA,25,2019-07-26,
6237,Ana,Osei,ana.osei6236@example.com,Perth,AU,22,2013-08-12,low
6238,Ciara,Iqbal,ciara.iqbal6237@example.com,Auckland,NZ,31,2014-09-21,low
6239,Leila,Lindqvist,leila.lindqvist6238@example.com,Tampere,FI,36,2012-02-16,
6240,Hana,Ibrahim,hana.ibrahim6239@example.com,Raleigh,US,24,2015-01-18,medium
6241,Maya,Baptiste,maya.baptiste6240@example.com,Bristol,GB,21,2017-01-18,
6242,Greta,Bergstrom,greta.bergstrom6241@example.com,Valencia,ES,29,2009-02-10,
6243,Nell,Vance,nell.vance6242@example.com,Galway,IE,21,2024-10-01,medium
6244,Lena,Mwangi,lena.mwangi6243@example.com,Denver,US,35,2014-10-24,low
6245,Nell,Ibrahim,nell.ibrahim6244@example.com,Valencia,ES,13,2015-05-04,
6246,Pieter,Thorne,pieter.thorne6245@example.com,Denver,US,12,2014-02-16,
6247,Signe,Vogt,signe.vogt6246@example.com,Norwich,GB,4,2020-11-20,
6248,Dmitri,Lindqvist,dmitri.lindqvist6247@example.com,Freiburg,DE,24,2020-02-13,low
6249,Yuki,Lund,yuki.lund6248@example.com,Sheffield,GB,5,2013-05-25,
6250,Ciara,Reed,ciara.reed6249@example.com,Norwich,GB,20,2013-11-10,
6251,Arjun,Sandoval,arjun.sandoval6250@example.com,Norwich,GB,12,2018-10-20,low
6252,Viktor,Cormack,viktor.cormack6251@example.com,Leipzig,DE,33,2011-12-05,
6253,Mateo,Frost,mateo.frost6252@example.com,Leipzig,DE,24,2010-11-27,
6254,Priya,Marchetti,priya.marchetti6253@example.com,Freiburg,DE,31,2012-11-15,
6255,Sofia,Silva,sofia.silva6254@example.com,Raleigh,US,21,2008-04-05,low
6256,Nadia,Tan,nadia.tan6255@example.com,Tucson,US,4,2017-05-05,low
6257,Aoife,Kaur,aoife.kaur6256@example.com,Uppsala,SE,34,2011-07-25,
6258,Fatima,Achebe,fatima.achebe6257@example.com,Portland,US,8,2021-12-10,medium
6259,Malik,Kirby,malik.kirby6258@example.com,Toronto,CA,28,2012-09-19,low
6260,Lena,Osei,lena.osei6259@example.com,Galway,IE,21,2015-02-16,
6261,Viktor,Kaur,viktor.kaur6260@example.com,Raleigh,US,21,2020-07-13,low
6262,Tomas,Ellery,tomas.ellery6261@example.com,Adelaide,AU,24,2020-06-05,
6263,Raj,Farrow,raj.farrow6262@example.com,Victoria,CA,28,2008-07-01,
6264,Felix,Vance,felix.vance6263@example.com,Victoria,CA,6,2025-04-07,
6265,Elena,Rahman,elena.rahman6264@example.com,Hobart,AU,18,2018-07-15,medium
6266,Iris,Ricci,iris.ricci6265@example.com,Toronto,CA,8,2012-01-04,low
6267,Lena,Beaumont,lena.beaumont6266@example.com,Porto,PT,16,2017-08-25,
6268,Jon,Novak,jon.novak6267@example.com,Galway,IE,26,2020-10-25,
6269,Pieter,Mwangi,pieter.mwangi6268@example.com,Bologna,IT,38,2011-06-01,
6270,Wren,Petrov,wren.petrov6269@example.com,Freiburg,DE,3,2016-11-19,
6271,Tom,Roy,tom.roy6270@example.com,Portland,US,20,2013-10-15,low
6272,Claire,Farrow,claire.farrow6271@example.com,Norwich,GB,14,2008-01-14,medium
6273,Greta,Park,greta.park6272@example.com,Dunedin,NZ,10,2024-02-05,
6274,Ravi,Delgado,ravi.delgado6273@example.com,Tampere,FI,31,2010-06-02,
6275,Jonas,Halloran,jonas.halloran6274@example.com,Auckland,NZ,9,2013-09-26,
6276,Noel,Brennan,noel.brennan6275@example.com,Porto,PT,32,2008-11-17,low
6277,Delphine,Solberg,delphine.solberg6276@example.com,Austin,US,1,2008-02-25,
6278,Arjun,Park,arjun.park6277@example.com,Dunedin,NZ,24,2014-02-27,
6279,Kwame,Adeyemi,kwame.adeyemi6278@example.com,Raleigh,US,16,2009-08-15,
6280,Ingrid,Bergstrom,ingrid.bergstrom6279@example.com,Galway,IE,21,2020-03-10,low
6281,Viktor,Iqbal,viktor.iqbal6280@example.com,Austin,US,25,2016-05-28,
6282,Sofia,Reed,sofia.reed6281@example.com,Freiburg,DE,26,2010-11-26,
6283,Felix,Vogt,felix.vogt6282@example.com,Freiburg,DE,40,2012-08-12,low
6284,Tobias,Cole,tobias.cole6283@example.com,Toronto,CA,21,2010-08-01,
6285,Amara,Larsen,amara.larsen6284@example.com,Norwich,GB,18,2009-02-20,medium
6286,Josefina,Frost,josefina.frost6285@example.com,Freiburg,DE,26,2009-07-05,low
6287,Andres,Osei,andres.osei6286@example.com,Tampere,FI,6,2011-02-26,medium
6288,Sean,Ellery,sean.ellery6287@example.com,Hobart,AU,11,2009-06-17,low
6289,Solveig,Nakamura,solveig.nakamura6288@example.com,Freiburg,DE,27,2024-07-16,
6290,Tomas,Ueda,tomas.ueda6289@example.com,Denver,US,29,2013-03-04,
6291,Greta,Bauer,greta.bauer6290@example.com,Porto,PT,7,2008-11-25,low
6292,Tarek,Delgado,tarek.delgado6291@example.com,Halifax,CA,32,2012-02-25,
6293,Tobias,Reed,tobias.reed6292@example.com,Toronto,CA,22,2014-11-24,low
6294,Ciara,Ueda,ciara.ueda6293@example.com,Valencia,ES,33,2016-08-11,low
6295,Arjun,Lund,arjun.lund6294@example.com,Halifax,CA,10,2018-12-12,
6296,Nora,Hale,nora.hale6295@example.com,Groningen,NL,29,2012-03-06,
6297,Hana,Kirby,hana.kirby6296@example.com,Austin,US,9,2024-02-02,
6298,Anton,Voss,anton.voss6297@example.com,Raleigh,US,39,2010-01-23,
6299,Kofi,Mensah,kofi.mensah6298@example.com,Galway,IE,40,2010-02-02,
6300,Lena,Lindqvist,lena.lindqvist6299@example.com,Tampere,FI,18,2008-07-06,medium
6301,Bruno,Nyberg,bruno.nyberg6300@example.com,Uppsala,SE,34,2018-07-16,medium
6302,Tobias,Larsen,tobias.larsen6301@example.com,Aarhus,DK,14,2024-09-27,high
6303,Malik,Bergstrom,malik.bergstrom6302@example.com,Porto,PT,22,2025-07-02,
6304,Lars,Bauer,lars.bauer6303@example.com,Montpellier,FR,1,2009-01-24,low
6305,Aoife,Dubois,aoife.dubois6304@example.com,Montpellier,FR,35,2019-09-04,medium
6306,Idris,Ashworth,idris.ashworth6305@example.com,Valencia,ES,25,2020-11-05,
6307,Ana,Iqbal,ana.iqbal6306@example.com,Auckland,NZ,16,2015-12-16,
6308,Aoife,Rahman,aoife.rahman6307@example.com,Galway,IE,1,2016-08-01,
6309,Wren,Kirby,wren.kirby6308@example.com,Victoria,CA,23,2011-04-23,
6310,Mateo,Bauer,mateo.bauer6309@example.com,Halifax,CA,5,2013-08-01,low
6311,Ana,Adeyemi,ana.adeyemi6310@example.com,Dunedin,NZ,22,2012-03-18,low
6312,Mateo,Brennan,mateo.brennan6311@example.com,Adelaide,AU,15,2019-07-18,low
6313,Amara,Brennan,amara.brennan6312@example.com,Valencia,ES,31,2012-03-02,low
6314,Felix,Beaumont,felix.beaumont6313@example.com,Halifax,CA,27,2024-08-27,
6315,Nadia,Solberg,nadia.solberg6314@example.com,Sheffield,GB,33,2009-04-26,
6316,Bianca,Rossi,bianca.rossi6315@example.com,Aarhus,DK,35,2012-02-17,
6317,Raj,Moreau,raj.moreau6316@example.com,Sheffield,GB,11,2013-12-06,
6318,Maya,Marchetti,maya.marchetti6317@example.com,Austin,US,25,2022-09-14,
6319,Bruno,Iqbal,bruno.iqbal6318@example.com,Perth,AU,36,2023-11-01,
6320,Alma,Silva,alma.silva6319@example.com,Dunedin,NZ,1,2017-01-18,
6321,Priya,Delgado,priya.delgado6320@example.com,Denver,US,12,2016-02-27,low
6322,Iris,Brennan,iris.brennan6321@example.com,Denver,US,14,2019-03-25,
6323,Lars,Kowalski,lars.kowalski6322@example.com,Bologna,IT,25,2015-01-28,
6324,Mateo,Petrov,mateo.petrov6323@example.com,Austin,US,13,2024-08-02,medium
6325,Sara,Haddad,sara.haddad6324@example.com,Montpellier,FR,4,2023-09-20,
6326,Camille,Zamora,camille.zamora6325@example.com,Perth,AU,25,2009-05-26,
6327,Sara,Lindqvist,sara.lindqvist6326@example.com,Galway,IE,12,2015-08-02,
6328,Tobias,Baptiste,tobias.baptiste6327@example.com,Bergen,NO,8,2014-05-03,
6329,Solveig,Kirby,solveig.kirby6328@example.com,Toronto,CA,21,2024-05-20,
6330,Bianca,Delgado,bianca.delgado6329@example.com,Galway,IE,18,2009-07-18,
6331,Omar,Nair,omar.nair6330@example.com,Galway,IE,34,2012-02-24,
6332,Hana,Tan,hana.tan6331@example.com,Norwich,GB,16,2018-07-11,
6333,Ciara,Roy,ciara.roy6332@example.com,Raleigh,US,28,2012-11-18,
6334,Bianca,Roy,bianca.roy6333@example.com,Nantes,FR,19,2010-05-06,low
6335,Signe,Abbott,signe.abbott6334@example.com,Columbus,US,16,2024-04-24,
6336,Emeka,Rahman,emeka.rahman6335@example.com,Ljubljana,SI,39,2009-02-11,low
6337,Omar,Brennan,omar.brennan6336@example.com,Groningen,NL,30,2020-08-13,
6338,Arjun,Roy,arjun.roy6337@example.com,Austin,US,11,2021-12-08,
6339,Anton,Ashworth,anton.ashworth6338@example.com,Sheffield,GB,28,2022-07-15,
6340,Jonas,Mensah,jonas.mensah6339@example.com,Raleigh,US,6,2021-09-27,low
6341,Bianca,Abbott,bianca.abbott6340@example.com,Bergen,NO,31,2013-10-16,
6342,Eli,Ricci,eli.ricci6341@example.com,Auckland,NZ,31,2016-06-18,
6343,Omar,Mwangi,omar.mwangi6342@example.com,Denver,US,17,2023-06-06,
6344,Fatima,Ricci,fatima.ricci6343@example.com,Uppsala,SE,34,2009-02-08,
6345,Hugo,Moreau,hugo.moreau6344@example.com,Utrecht,NL,4,2012-07-02,
6346,Kofi,Iqbal,kofi.iqbal6345@example.com,Hobart,AU,32,2010-08-28,
6347,Rosa,Hale,rosa.hale6346@example.com,Bergen,NO,25,2014-05-13,
6348,Emeka,Marchetti,emeka.marchetti6347@example.com,Auckland,NZ,32,2023-03-28,medium
6349,Lars,Diaz,lars.diaz6348@example.com,Adelaide,AU,28,2008-04-07,
6350,Bianca,Delgado,bianca.delgado6349@example.com,Bologna,IT,28,2009-05-23,medium
6351,Jonas,Zamora,jonas.zamora6350@example.com,Uppsala,SE,11,2022-05-17,
6352,Tarek,Nair,tarek.nair6351@example.com,Denver,US,14,2021-11-26,
6353,Anton,Rossi,anton.rossi6352@example.com,Norwich,GB,6,2009-06-16,
6354,Maya,Ashworth,maya.ashworth6353@example.com,Tampere,FI,2,2014-07-22,
6355,Mateo,Iqbal,mateo.iqbal6354@example.com,Victoria,CA,9,2014-08-21,
6356,Claire,Bauer,claire.bauer6355@example.com,Montpellier,FR,17,2022-09-15,
6357,Nadia,Lindqvist,nadia.lindqvist6356@example.com,Manchester,GB,23,2018-10-26,
6358,Wren,Lindqvist,wren.lindqvist6357@example.com,Dunedin,NZ,4,2023-07-18,
6359,Samir,Novak,samir.novak6358@example.com,Raleigh,US,5,2020-10-02,low
6360,Kwame,Mwangi,kwame.mwangi6359@example.com,Leipzig,DE,11,2009-05-28,medium
6361,Noel,Beaumont,noel.beaumont6360@example.com,Auckland,NZ,29,2014-08-07,
6362,Jonas,Marchetti,jonas.marchetti6361@example.com,Auckland,NZ,10,2010-03-16,low
6363,Fatima,Vogt,fatima.vogt6362@example.com,Porto,PT,31,2024-02-12,high
6364,Bianca,Beaumont,bianca.beaumont6363@example.com,Valencia,ES,10,2011-01-22,
6365,Priya,Brennan,priya.brennan6364@example.com,Utrecht,NL,36,2017-11-18,
6366,Hugo,Castellanos,hugo.castellanos6365@example.com,Tampere,FI,2,2016-01-19,
6367,Bruno,Vogt,bruno.vogt6366@example.com,Toronto,CA,25,2009-12-25,
6368,Kofi,Kirby,kofi.kirby6367@example.com,Utrecht,NL,25,2008-04-26,
6369,Hugo,Frost,hugo.frost6368@example.com,Ljubljana,SI,33,2021-11-11,
6370,Samir,Adeyemi,samir.adeyemi6369@example.com,Uppsala,SE,19,2017-03-08,
6371,Kofi,Bauer,kofi.bauer6370@example.com,Bergen,NO,31,2023-02-15,
6372,Bianca,Tan,bianca.tan6371@example.com,Toronto,CA,2,2008-07-05,medium
6373,Raj,Whitfield,raj.whitfield6372@example.com,Columbus,US,11,2011-09-26,
6374,Samir,Petrov,samir.petrov6373@example.com,Manchester,GB,3,2024-01-01,
6375,Lena,Cormack,lena.cormack6374@example.com,Perth,AU,5,2019-12-04,medium
6376,Alma,Kaur,alma.kaur6375@example.com,Manchester,GB,32,2024-07-18,
6377,Aoife,Novak,aoife.novak6376@example.com,Groningen,NL,36,2018-12-12,medium
6378,Bruno,Farrow,bruno.farrow6377@example.com,Columbus,US,32,2012-12-06,
6379,Kofi,Delgado,kofi.delgado6378@example.com,Manchester,GB,27,2020-08-06,
6380,Rosa,Cole,rosa.cole6379@example.com,Norwich,GB,19,2025-05-16,
6381,Viktor,Beaumont,viktor.beaumont6380@example.com,Freiburg,DE,34,2016-06-21,low
6382,Camille,Kowalski,camille.kowalski6381@example.com,Sheffield,GB,23,2020-07-23,
6383,Marta,Cole,marta.cole6382@example.com,Tampere,FI,24,2011-05-17,medium
6384,Nora,Solberg,nora.solberg6383@example.com,Montpellier,FR,33,2025-06-25,
6385,Rosa,Bauer,rosa.bauer6384@example.com,Auckland,NZ,15,2009-10-27,
6386,Arjun,Reed,arjun.reed6385@example.com,Austin,US,25,2023-05-04,
6387,Viktor,Nakamura,viktor.nakamura6386@example.com,Denver,US,34,2024-11-21,
6388,Dmitri,Hale,dmitri.hale6387@example.com,Montpellier,FR,23,2024-01-05,low
6389,Noel,Nair,noel.nair6388@example.com,Tucson,US,14,2024-12-01,
6390,Hana,Dubois,hana.dubois6389@example.com,Auckland,NZ,28,2008-06-08,
6391,Dmitri,Rahman,dmitri.rahman6390@example.com,Utrecht,NL,34,2025-05-22,
6392,Kiran,Petrov,kiran.petrov6391@example.com,Porto,PT,9,2016-11-18,medium
6393,Wren,Roy,wren.roy6392@example.com,Auckland,NZ,21,2018-04-01,low
6394,Omar,Castellanos,omar.castellanos6393@example.com,Nantes,FR,18,2024-05-13,low
6395,Noel,Sorensen,noel.sorensen6394@example.com,Tampere,FI,40,2014-03-25,medium
6396,Sofia,Ibrahim,sofia.ibrahim6395@example.com,Auckland,NZ,16,2014-12-03,
6397,Hana,Sandoval,hana.sandoval6396@example.com,Manchester,GB,2,2024-09-12,
6398,Arjun,Lund,arjun.lund6397@example.com,Austin,US,11,2017-03-05,
6399,Maya,Kaur,maya.kaur6398@example.com,Toronto,CA,31,2010-12-09,medium
6400,Tomas,Hale,tomas.hale6399@example.com,Montpellier,FR,15,2015-08-06,low
6401,Elena,Mwangi,elena.mwangi6400@example.com,Adelaide,AU,29,2017-02-25,low
6402,Pieter,Thorne,pieter.thorne6401@example.com,Toronto,CA,16,2018-06-19,
6403,Yuki,Marchetti,yuki.marchetti6402@example.com,Ljubljana,SI,28,2021-07-22,
6404,Hugo,Thorne,hugo.thorne6403@example.com,Leipzig,DE,26,2013-09-19,
6405,Aoife,Haddad,aoife.haddad6404@example.com,Denver,US,7,2011-05-28,medium
6406,Kofi,Okafor,kofi.okafor6405@example.com,Valencia,ES,23,2025-12-09,low
6407,Fatima,Iqbal,fatima.iqbal6406@example.com,Dunedin,NZ,31,2017-02-01,
6408,Kiran,Baptiste,kiran.baptiste6407@example.com,Sheffield,GB,30,2021-03-03,
6409,Idris,Marchetti,idris.marchetti6408@example.com,Valencia,ES,28,2024-06-19,
6410,Malik,Roy,malik.roy6409@example.com,Denver,US,9,2021-11-16,low
6411,Rafael,Nyberg,rafael.nyberg6410@example.com,Freiburg,DE,21,2011-08-19,medium
6412,Tobias,Vogt,tobias.vogt6411@example.com,Uppsala,SE,29,2011-05-22,medium
6413,Amara,Wexler,amara.wexler6412@example.com,Adelaide,AU,20,2019-05-11,
6414,Esme,Mensah,esme.mensah6413@example.com,Nantes,FR,34,2023-12-27,low
6415,Malik,Solberg,malik.solberg6414@example.com,Columbus,US,12,2013-07-09,
6416,Tobias,Larsen,tobias.larsen6415@example.com,Valencia,ES,29,2016-06-25,
6417,Mateo,Abbott,mateo.abbott6416@example.com,Adelaide,AU,30,2021-07-16,
6418,Jon,Halloran,jon.halloran6417@example.com,Toronto,CA,19,2023-03-10,
6419,Amara,Moreau,amara.moreau6418@example.com,Norwich,GB,38,2021-05-17,
6420,Omar,Solberg,omar.solberg6419@example.com,Nantes,FR,2,2022-02-07,
6421,Bianca,Kirby,bianca.kirby6420@example.com,Ljubljana,SI,14,2010-07-02,high
6422,Greta,Beaumont,greta.beaumont6421@example.com,Bergen,NO,25,2019-12-10,medium
6423,Wren,Iqbal,wren.iqbal6422@example.com,Perth,AU,3,2022-10-17,
6424,Nadia,Voss,nadia.voss6423@example.com,Bergen,NO,38,2019-06-20,
6425,Esme,Beaumont,esme.beaumont6424@example.com,Porto,PT,10,2015-12-16,
6426,Lars,Castellanos,lars.castellanos6425@example.com,Leipzig,DE,5,2025-03-04,
6427,Nora,Novak,nora.novak6426@example.com,Manchester,GB,33,2015-10-20,
6428,Nell,Quinn,nell.quinn6427@example.com,Nantes,FR,31,2017-05-01,
6429,Leila,Ricci,leila.ricci6428@example.com,Montpellier,FR,13,2014-08-20,
6430,Rafael,Diaz,rafael.diaz6429@example.com,Groningen,NL,9,2024-03-16,high
6431,Tom,Rahman,tom.rahman6430@example.com,Adelaide,AU,27,2023-11-15,
6432,Alma,Adeyemi,alma.adeyemi6431@example.com,Tucson,US,5,2020-10-22,medium
6433,Yuki,Farrow,yuki.farrow6432@example.com,Sheffield,GB,35,2024-08-24,
6434,Jon,Kirby,jon.kirby6433@example.com,Perth,AU,14,2020-02-25,
6435,Mateo,Okafor,mateo.okafor6434@example.com,Perth,AU,15,2023-07-20,
6436,Lena,Cormack,lena.cormack6435@example.com,Ljubljana,SI,32,2009-09-15,
6437,Bruno,Roy,bruno.roy6436@example.com,Raleigh,US,27,2019-05-22,
6438,Omar,Mwangi,omar.mwangi6437@example.com,Denver,US,13,2023-12-09,
6439,Yuki,Tan,yuki.tan6438@example.com,Hobart,AU,19,2012-12-26,medium
6440,Sofia,Bergstrom,sofia.bergstrom6439@example.com,Valencia,ES,12,2016-12-03,low
6441,Sara,Mwangi,sara.mwangi6440@example.com,Raleigh,US,35,2010-02-27,high
6442,Jonas,Cole,jonas.cole6441@example.com,Adelaide,AU,23,2009-09-06,
6443,Tomas,Halloran,tomas.halloran6442@example.com,Aarhus,DK,40,2024-03-16,
6444,Tobias,Mensah,tobias.mensah6443@example.com,Galway,IE,30,2020-10-20,
6445,Kofi,Ueda,kofi.ueda6444@example.com,Porto,PT,11,2021-02-08,low
6446,Emeka,Nyberg,emeka.nyberg6445@example.com,Galway,IE,3,2015-11-25,
6447,Hana,Lindqvist,hana.lindqvist6446@example.com,Galway,IE,20,2011-03-27,
6448,Arjun,Ashworth,arjun.ashworth6447@example.com,Adelaide,AU,31,2010-03-26,
6449,Josefina,Silva,josefina.silva6448@example.com,Columbus,US,32,2023-05-19,
6450,Ana,Kowalski,ana.kowalski6449@example.com,Groningen,NL,3,2025-12-06,
6451,Nell,Vogt,nell.vogt6450@example.com,Montpellier,FR,39,2024-03-20,medium
6452,Viktor,Diaz,viktor.diaz6451@example.com,Galway,IE,16,2014-12-01,
6453,Rosa,Ibrahim,rosa.ibrahim6452@example.com,Porto,PT,23,2015-09-22,
6454,Jon,Silva,jon.silva6453@example.com,Toronto,CA,8,2019-10-12,
6455,Claire,Ricci,claire.ricci6454@example.com,Victoria,CA,15,2023-04-25,
6456,Ben,Marchetti,ben.marchetti6455@example.com,Bologna,IT,35,2010-04-16,
6457,Bianca,Quinn,bianca.quinn6456@example.com,Toronto,CA,19,2024-08-14,low
6458,Sean,Whitfield,sean.whitfield6457@example.com,Ljubljana,SI,20,2008-06-12,
6459,Hugo,Rossi,hugo.rossi6458@example.com,Tucson,US,40,2024-10-26,
6460,Pieter,Lindqvist,pieter.lindqvist6459@example.com,Halifax,CA,7,2018-12-12,
6461,Anton,Silva,anton.silva6460@example.com,Ljubljana,SI,18,2019-04-25,
6462,Nell,Dubois,nell.dubois6461@example.com,Toronto,CA,11,2016-11-23,
6463,Lena,Nakamura,lena.nakamura6462@example.com,Tampere,FI,3,2016-08-20,
6464,Elena,Park,elena.park6463@example.com,Ljubljana,SI,18,2020-10-18,high
6465,Nadia,Bauer,nadia.bauer6464@example.com,Raleigh,US,19,2020-11-06,low
6466,Felix,Renard,felix.renard6465@example.com,Austin,US,38,2014-09-08,low
6467,Samir,Haddad,samir.haddad6466@example.com,Toronto,CA,36,2013-01-19,
6468,Yuki,Rossi,yuki.rossi6467@example.com,Bergen,NO,1,2025-04-18,
6469,Hana,Moreau,hana.moreau6468@example.com,Denver,US,15,2024-12-16,
6470,Fatima,Thorne,fatima.thorne6469@example.com,Norwich,GB,20,2008-07-16,
6471,Jonas,Novak,jonas.novak6470@example.com,Freiburg,DE,28,2014-02-04,
6472,Malik,Osei,malik.osei6471@example.com,Aarhus,DK,29,2009-10-26,low
6473,Tom,Kaur,tom.kaur6472@example.com,Aarhus,DK,36,2024-02-09,
6474,Josefina,Haddad,josefina.haddad6473@example.com,Valencia,ES,33,2014-12-10,
6475,Signe,Delgado,signe.delgado6474@example.com,Tampere,FI,14,2018-03-28,
6476,Wren,Kowalski,wren.kowalski6475@example.com,Manchester,GB,17,2010-08-21,
6477,Anton,Sorensen,anton.sorensen6476@example.com,Victoria,CA,6,2011-08-01,low
6478,Ravi,Cormack,ravi.cormack6477@example.com,Porto,PT,13,2022-12-09,
6479,Fatima,Vogt,fatima.vogt6478@example.com,Toronto,CA,28,2019-08-13,
6480,Solveig,Nakamura,solveig.nakamura6479@example.com,Galway,IE,32,2009-03-21,low
6481,Kwame,Adeyemi,kwame.adeyemi6480@example.com,Victoria,CA,40,2019-03-11,low
6482,Lars,Iqbal,lars.iqbal6481@example.com,Norwich,GB,36,2018-12-11,
6483,Jon,Cole,jon.cole6482@example.com,Ljubljana,SI,40,2008-04-17,low
6484,Maya,Ferreira,maya.ferreira6483@example.com,Bologna,IT,34,2016-05-24,
6485,Marta,Adeyemi,marta.adeyemi6484@example.com,Cork,IE,18,2018-10-18,low
6486,Anton,Kowalski,anton.kowalski6485@example.com,Denver,US,22,2009-04-24,medium
6487,Idris,Ashworth,idris.ashworth6486@example.com,Leipzig,DE,33,2015-02-18,
6488,Malik,Brennan,malik.brennan6487@example.com,Manchester,GB,13,2014-01-02,
6489,Fatima,Sandoval,fatima.sandoval6488@example.com,Adelaide,AU,30,2014-09-02,low
6490,Wren,Halloran,wren.halloran6489@example.com,Dunedin,NZ,10,2018-12-18,
6491,Arjun,Moreau,arjun.moreau6490@example.com,Porto,PT,6,2021-09-25,
6492,Malik,Petrov,malik.petrov6491@example.com,Perth,AU,13,2016-11-06,
6493,Jon,Nakamura,jon.nakamura6492@example.com,Norwich,GB,26,2015-03-26,
6494,Hana,Voss,hana.voss6493@example.com,Montpellier,FR,30,2023-09-19,low
6495,Fatima,Okafor,fatima.okafor6494@example.com,Dunedin,NZ,16,2021-01-07,medium
6496,Lars,Iqbal,lars.iqbal6495@example.com,Sheffield,GB,16,2021-12-02,medium
6497,Viktor,Vance,viktor.vance6496@example.com,Cork,IE,26,2014-01-16,medium
6498,Rafael,Solberg,rafael.solberg6497@example.com,Tampere,FI,38,2008-10-02,
6499,Aoife,Reed,aoife.reed6498@example.com,Hobart,AU,35,2014-02-09,
6500,Marta,Iqbal,marta.iqbal6499@example.com,Bergen,NO,13,2018-07-11,
6501,Jon,Okafor,jon.okafor6500@example.com,Denver,US,31,2011-12-22,
6502,Ciara,Lund,ciara.lund6501@example.com,Bologna,IT,37,2022-02-22,
6503,Sean,Wexler,sean.wexler6502@example.com,Manchester,GB,23,2023-03-04,medium
6504,Wren,Haddad,wren.haddad6503@example.com,Freiburg,DE,3,2013-01-15,
6505,Raj,Reed,raj.reed6504@example.com,Manchester,GB,3,2014-11-20,
6506,Nell,Tan,nell.tan6505@example.com,Toronto,CA,17,2018-03-08,
6507,Solveig,Petrov,solveig.petrov6506@example.com,Halifax,CA,36,2013-10-23,
6508,Iris,Novak,iris.novak6507@example.com,Portland,US,16,2025-09-08,
6509,Nell,Nyberg,nell.nyberg6508@example.com,Norwich,GB,28,2018-11-20,
6510,Andres,Ellery,andres.ellery6509@example.com,Leipzig,DE,15,2008-04-25,
6511,Ingrid,Larsen,ingrid.larsen6510@example.com,Leipzig,DE,34,2021-08-19,medium
6512,Iris,Cole,iris.cole6511@example.com,Nantes,FR,3,2015-06-05,
6513,Kwame,Bauer,kwame.bauer6512@example.com,Bergen,NO,23,2008-10-02,
6514,Pieter,Cormack,pieter.cormack6513@example.com,Victoria,CA,19,2015-03-27,
6515,Lena,Whitfield,lena.whitfield6514@example.com,Toronto,CA,11,2020-02-26,
6516,Nadia,Nair,nadia.nair6515@example.com,Perth,AU,25,2022-09-12,
6517,Rafael,Larsen,rafael.larsen6516@example.com,Bristol,GB,8,2009-09-13,low
6518,Malik,Mensah,malik.mensah6517@example.com,Adelaide,AU,11,2019-04-26,low
6519,Kwame,Nakamura,kwame.nakamura6518@example.com,Groningen,NL,6,2011-01-12,low
6520,Josefina,Kirby,josefina.kirby6519@example.com,Montpellier,FR,6,2019-07-17,
6521,Hana,Ueda,hana.ueda6520@example.com,Tampere,FI,12,2011-12-03,
6522,Nora,Voss,nora.voss6521@example.com,Tampere,FI,7,2025-01-21,low
6523,Arjun,Sandoval,arjun.sandoval6522@example.com,Columbus,US,38,2025-11-18,medium
6524,Mateo,Kirby,mateo.kirby6523@example.com,Montpellier,FR,11,2014-11-06,
6525,Hana,Iqbal,hana.iqbal6524@example.com,Valencia,ES,24,2021-10-28,
6526,Kiran,Kirby,kiran.kirby6525@example.com,Bologna,IT,21,2018-08-22,
6527,Yuki,Bergstrom,yuki.bergstrom6526@example.com,Toronto,CA,33,2024-02-25,
6528,Aoife,Park,aoife.park6527@example.com,Freiburg,DE,8,2010-10-01,high
6529,Signe,Tan,signe.tan6528@example.com,Galway,IE,12,2009-06-18,low
6530,Signe,Hale,signe.hale6529@example.com,Dunedin,NZ,4,2021-12-27,
6531,Ciara,Nakamura,ciara.nakamura6530@example.com,Leipzig,DE,33,2015-09-04,
6532,Tom,Nyberg,tom.nyberg6531@example.com,Tucson,US,6,2019-03-03,low
6533,Jon,Sorensen,jon.sorensen6532@example.com,Norwich,GB,11,2012-07-03,
6534,Greta,Shah,greta.shah6533@example.com,Manchester,GB,22,2012-11-23,medium
6535,Solveig,Tan,solveig.tan6534@example.com,Victoria,CA,22,2019-12-18,
6536,Tarek,Wexler,tarek.wexler6535@example.com,Nantes,FR,14,2016-08-05,
6537,Aoife,Park,aoife.park6536@example.com,Adelaide,AU,38,2019-06-07,medium
6538,Rosa,Larsen,rosa.larsen6537@example.com,Porto,PT,26,2019-03-01,
6539,Emeka,Nair,emeka.nair6538@example.com,Ljubljana,SI,34,2013-01-13,
6540,Tom,Ricci,tom.ricci6539@example.com,Groningen,NL,38,2016-04-13,
6541,Amara,Voss,amara.voss6540@example.com,Halifax,CA,17,2023-01-13,
6542,Esme,Adeyemi,esme.adeyemi6541@example.com,Aarhus,DK,20,2017-09-12,
6543,Andres,Lindqvist,andres.lindqvist6542@example.com,Aarhus,DK,11,2025-04-08,
6544,Wren,Thorne,wren.thorne6543@example.com,Montpellier,FR,3,2018-04-13,low
6545,Delphine,Thorne,delphine.thorne6544@example.com,Perth,AU,6,2010-07-01,medium
6546,Fatima,Voss,fatima.voss6545@example.com,Bristol,GB,25,2012-05-02,
6547,Hugo,Rahman,hugo.rahman6546@example.com,Bergen,NO,15,2016-05-23,
6548,Yuki,Tan,yuki.tan6547@example.com,Bologna,IT,37,2018-12-12,
6549,Kofi,Lindqvist,kofi.lindqvist6548@example.com,Auckland,NZ,13,2022-05-06,low
6550,Dmitri,Tan,dmitri.tan6549@example.com,Groningen,NL,36,2025-01-12,
6551,Rosa,Ueda,rosa.ueda6550@example.com,Norwich,GB,8,2025-03-14,
6552,Anton,Reed,anton.reed6551@example.com,Auckland,NZ,10,2022-01-11,
6553,Hugo,Mwangi,hugo.mwangi6552@example.com,Auckland,NZ,39,2020-09-15,low
6554,Bianca,Nyberg,bianca.nyberg6553@example.com,Tampere,FI,1,2012-10-13,
6555,Hana,Okafor,hana.okafor6554@example.com,Adelaide,AU,28,2023-02-21,
6556,Elena,Kirby,elena.kirby6555@example.com,Raleigh,US,11,2013-06-24,
6557,Bruno,Ellery,bruno.ellery6556@example.com,Montpellier,FR,20,2010-11-06,
6558,Lars,Ashworth,lars.ashworth6557@example.com,Denver,US,1,2016-11-03,
6559,Maya,Petrov,maya.petrov6558@example.com,Hobart,AU,36,2013-11-23,
6560,Claire,Roy,claire.roy6559@example.com,Columbus,US,15,2010-11-07,
6561,Ben,Frost,ben.frost6560@example.com,Leipzig,DE,13,2019-09-21,low
6562,Rosa,Cormack,rosa.cormack6561@example.com,Dunedin,NZ,35,2025-11-14,
6563,Ingrid,Ashworth,ingrid.ashworth6562@example.com,Uppsala,SE,26,2013-08-07,
6564,Rafael,Ferreira,rafael.ferreira6563@example.com,Tucson,US,2,2016-10-12,
6565,Mateo,Shah,mateo.shah6564@example.com,Valencia,ES,24,2016-02-24,
6566,Nora,Nair,nora.nair6565@example.com,Cork,IE,16,2011-06-18,
6567,Tomas,Thorne,tomas.thorne6566@example.com,Tucson,US,31,2019-06-20,
6568,Tarek,Brennan,tarek.brennan6567@example.com,Uppsala,SE,33,2017-03-01,low
6569,Alma,Marchetti,alma.marchetti6568@example.com,Perth,AU,18,2016-12-14,low
6570,Solveig,Vance,solveig.vance6569@example.com,Tampere,FI,5,2011-07-21,
6571,Tobias,Larsen,tobias.larsen6570@example.com,Adelaide,AU,13,2009-11-25,
6572,Ben,Rahman,ben.rahman6571@example.com,Auckland,NZ,27,2010-04-08,
6573,Tarek,Hale,tarek.hale6572@example.com,Valencia,ES,6,2012-05-24,
6574,Pieter,Sandoval,pieter.sandoval6573@example.com,Sheffield,GB,13,2009-08-16,
6575,Hugo,Ueda,hugo.ueda6574@example.com,Leipzig,DE,11,2021-02-25,
6576,Idris,Kirby,idris.kirby6575@example.com,Valencia,ES,32,2012-12-05,high
6577,Malik,Achebe,malik.achebe6576@example.com,Porto,PT,6,2023-05-23,medium
6578,Pieter,Delgado,pieter.delgado6577@example.com,Groningen,NL,20,2019-05-01,medium
6579,Felix,Farrow,felix.farrow6578@example.com,Toronto,CA,21,2019-07-13,
6580,Fatima,Iqbal,fatima.iqbal6579@example.com,Montpellier,FR,35,2016-03-28,medium
6581,Maya,Park,maya.park6580@example.com,Denver,US,27,2017-11-22,
6582,Emeka,Achebe,emeka.achebe6581@example.com,Raleigh,US,34,2010-09-15,
6583,Amara,Okafor,amara.okafor6582@example.com,Raleigh,US,2,2023-03-19,
6584,Ana,Bergstrom,ana.bergstrom6583@example.com,Ljubljana,SI,15,2020-09-02,
6585,Nora,Abbott,nora.abbott6584@example.com,Sheffield,GB,16,2018-01-08,
6586,Amara,Sandoval,amara.sandoval6585@example.com,Porto,PT,39,2020-07-23,
6587,Dmitri,Hale,dmitri.hale6586@example.com,Manchester,GB,31,2024-06-19,
6588,Delphine,Ferreira,delphine.ferreira6587@example.com,Nantes,FR,40,2020-04-13,low
6589,Malik,Frost,malik.frost6588@example.com,Freiburg,DE,40,2008-08-17,low
6590,Iris,Achebe,iris.achebe6589@example.com,Austin,US,29,2008-03-12,
6591,Maya,Baptiste,maya.baptiste6590@example.com,Leipzig,DE,25,2010-03-02,high
6592,Tomas,Abbott,tomas.abbott6591@example.com,Austin,US,19,2025-08-12,
6593,Dmitri,Delgado,dmitri.delgado6592@example.com,Uppsala,SE,19,2018-08-01,
6594,Yuki,Roy,yuki.roy6593@example.com,Ljubljana,SI,27,2011-08-28,high
6595,Claire,Brennan,claire.brennan6594@example.com,Auckland,NZ,9,2022-10-12,medium
6596,Nora,Halloran,nora.halloran6595@example.com,Halifax,CA,6,2021-01-26,
6597,Andres,Moreau,andres.moreau6596@example.com,Groningen,NL,20,2021-06-15,medium
6598,Wren,Roy,wren.roy6597@example.com,Hobart,AU,8,2012-12-10,
6599,Alma,Rossi,alma.rossi6598@example.com,Tampere,FI,16,2021-09-03,
6600,Ciara,Sandoval,ciara.sandoval6599@example.com,Aarhus,DK,2,2021-02-09,
6601,Tomas,Roy,tomas.roy6600@example.com,Raleigh,US,26,2024-09-06,
6602,Emeka,Delgado,emeka.delgado6601@example.com,Bologna,IT,34,2018-08-13,low
6603,Kofi,Rahman,kofi.rahman6602@example.com,Manchester,GB,21,2019-06-21,medium
6604,Rosa,Diaz,rosa.diaz6603@example.com,Porto,PT,3,2021-05-06,medium
6605,Zara,Bauer,zara.bauer6604@example.com,Adelaide,AU,4,2016-11-01,medium
6606,Andres,Zamora,andres.zamora6605@example.com,Bristol,GB,40,2017-12-28,
6607,Tomas,Castellanos,tomas.castellanos6606@example.com,Aarhus,DK,31,2022-08-24,
6608,Andres,Sorensen,andres.sorensen6607@example.com,Cork,IE,32,2016-08-14,high
6609,Tom,Nyberg,tom.nyberg6608@example.com,Manchester,GB,2,2016-01-10,low
6610,Claire,Whitfield,claire.whitfield6609@example.com,Columbus,US,22,2017-05-22,low
6611,Yuki,Solberg,yuki.solberg6610@example.com,Utrecht,NL,30,2024-02-26,
6612,Hana,Silva,hana.silva6611@example.com,Groningen,NL,1,2016-06-05,
6613,Sofia,Bauer,sofia.bauer6612@example.com,Leipzig,DE,21,2022-08-27,
6614,Aoife,Osei,aoife.osei6613@example.com,Galway,IE,9,2022-08-28,
6615,Iris,Frost,iris.frost6614@example.com,Toronto,CA,29,2022-05-06,
6616,Kofi,Castellanos,kofi.castellanos6615@example.com,Utrecht,NL,22,2020-12-21,
6617,Claire,Shah,claire.shah6616@example.com,Uppsala,SE,38,2020-07-27,low
6618,Bianca,Vance,bianca.vance6617@example.com,Victoria,CA,17,2023-08-18,
6619,Iris,Haddad,iris.haddad6618@example.com,Raleigh,US,18,2025-02-03,
6620,Ana,Lindqvist,ana.lindqvist6619@example.com,Victoria,CA,40,2010-04-16,medium
6621,Noel,Nair,noel.nair6620@example.com,Ljubljana,SI,1,2012-07-04,
6622,Bianca,Wexler,bianca.wexler6621@example.com,Manchester,GB,15,2011-12-26,
6623,Lena,Solberg,lena.solberg6622@example.com,Raleigh,US,36,2019-10-22,
6624,Esme,Abbott,esme.abbott6623@example.com,Adelaide,AU,4,2013-06-15,
6625,Fatima,Frost,fatima.frost6624@example.com,Columbus,US,21,2020-07-02,
6626,Dmitri,Diaz,dmitri.diaz6625@example.com,Bristol,GB,17,2009-10-12,high
6627,Amara,Delgado,amara.delgado6626@example.com,Freiburg,DE,8,2020-03-01,
6628,Camille,Wexler,camille.wexler6627@example.com,Porto,PT,2,2014-10-22,high
6629,Dmitri,Okafor,dmitri.okafor6628@example.com,Austin,US,10,2021-01-09,
6630,Jonas,Okafor,jonas.okafor6629@example.com,Victoria,CA,5,2012-06-18,
6631,Tomas,Sandoval,tomas.sandoval6630@example.com,Hobart,AU,27,2013-02-15,low
6632,Emeka,Baptiste,emeka.baptiste6631@example.com,Cork,IE,33,2013-12-26,
6633,Claire,Renard,claire.renard6632@example.com,Montpellier,FR,3,2019-09-22,low
6634,Nora,Ashworth,nora.ashworth6633@example.com,Dunedin,NZ,33,2015-09-14,
6635,Greta,Beaumont,greta.beaumont6634@example.com,Norwich,GB,34,2022-10-02,
6636,Tomas,Adeyemi,tomas.adeyemi6635@example.com,Montpellier,FR,20,2023-02-03,
6637,Tom,Abbott,tom.abbott6636@example.com,Aarhus,DK,5,2023-01-15,
6638,Fatima,Solberg,fatima.solberg6637@example.com,Bergen,NO,9,2018-10-24,
6639,Amara,Larsen,amara.larsen6638@example.com,Leipzig,DE,22,2013-03-03,low
6640,Esme,Tan,esme.tan6639@example.com,Uppsala,SE,28,2022-10-28,
6641,Samir,Mwangi,samir.mwangi6640@example.com,Bristol,GB,10,2022-11-09,
6642,Solveig,Okafor,solveig.okafor6641@example.com,Freiburg,DE,38,2014-03-07,
6643,Arjun,Petrov,arjun.petrov6642@example.com,Uppsala,SE,15,2024-12-11,low
6644,Malik,Ellery,malik.ellery6643@example.com,Raleigh,US,10,2009-03-21,medium
6645,Omar,Reed,omar.reed6644@example.com,Aarhus,DK,19,2017-07-15,
6646,Claire,Kowalski,claire.kowalski6645@example.com,Adelaide,AU,38,2013-08-15,
6647,Nora,Shah,nora.shah6646@example.com,Uppsala,SE,37,2010-12-08,
6648,Josefina,Kirby,josefina.kirby6647@example.com,Bergen,NO,35,2012-03-06,
6649,Priya,Farrow,priya.farrow6648@example.com,Hobart,AU,19,2015-04-10,
6650,Eli,Petrov,eli.petrov6649@example.com,Toronto,CA,7,2018-05-08,
6651,Bianca,Ueda,bianca.ueda6650@example.com,Adelaide,AU,36,2018-06-04,
6652,Amara,Beaumont,amara.beaumont6651@example.com,Freiburg,DE,22,2010-08-19,
6653,Mateo,Diaz,mateo.diaz6652@example.com,Adelaide,AU,32,2019-07-16,
6654,Tomas,Roy,tomas.roy6653@example.com,Bologna,IT,12,2011-01-01,
6655,Hugo,Farrow,hugo.farrow6654@example.com,Bologna,IT,31,2011-03-10,
6656,Nell,Kirby,nell.kirby6655@example.com,Manchester,GB,25,2024-03-15,medium
6657,Yuki,Petrov,yuki.petrov6656@example.com,Raleigh,US,8,2020-07-24,
6658,Rosa,Mwangi,rosa.mwangi6657@example.com,Montpellier,FR,2,2022-04-02,medium
6659,Alma,Fischer,alma.fischer6658@example.com,Norwich,GB,5,2010-01-14,
6660,Anton,Ferreira,anton.ferreira6659@example.com,Tucson,US,5,2015-07-24,medium
6661,Delphine,Rossi,delphine.rossi6660@example.com,Hobart,AU,23,2009-09-12,
6662,Wren,Sandoval,wren.sandoval6661@example.com,Bergen,NO,1,2023-07-20,low
6663,Dmitri,Nair,dmitri.nair6662@example.com,Porto,PT,35,2017-04-22,
6664,Signe,Larsen,signe.larsen6663@example.com,Manchester,GB,7,2020-01-15,low
6665,Greta,Ricci,greta.ricci6664@example.com,Valencia,ES,12,2020-06-27,
6666,Jonas,Beaumont,jonas.beaumont6665@example.com,Ljubljana,SI,36,2009-12-10,low
6667,Kwame,Abbott,kwame.abbott6666@example.com,Adelaide,AU,37,2022-02-13,medium
6668,Wren,Larsen,wren.larsen6667@example.com,Raleigh,US,18,2014-08-08,low
6669,Greta,Fischer,greta.fischer6668@example.com,Leipzig,DE,7,2008-04-17,
6670,Bianca,Silva,bianca.silva6669@example.com,Montpellier,FR,12,2010-12-24,low
6671,Josefina,Brennan,josefina.brennan6670@example.com,Bristol,GB,4,2019-04-10,
6672,Josefina,Beaumont,josefina.beaumont6671@example.com,Denver,US,23,2021-09-26,
6673,Leila,Renard,leila.renard6672@example.com,Portland,US,28,2021-09-09,
6674,Raj,Ashworth,raj.ashworth6673@example.com,Dunedin,NZ,14,2020-10-25,
6675,Bianca,Abbott,bianca.abbott6674@example.com,Norwich,GB,2,2012-10-08,
6676,Hana,Quinn,hana.quinn6675@example.com,Toronto,CA,23,2024-05-04,
6677,Viktor,Novak,viktor.novak6676@example.com,Groningen,NL,4,2023-07-19,
6678,Amara,Frost,amara.frost6677@example.com,Utrecht,NL,32,2011-09-04,medium
6679,Fatima,Cole,fatima.cole6678@example.com,Bristol,GB,34,2023-05-27,medium
6680,Viktor,Nyberg,viktor.nyberg6679@example.com,Halifax,CA,22,2015-06-27,high
6681,Tomas,Ibrahim,tomas.ibrahim6680@example.com,Hobart,AU,12,2017-07-25,
6682,Bianca,Osei,bianca.osei6681@example.com,Freiburg,DE,24,2014-01-08,
6683,Hana,Renard,hana.renard6682@example.com,Cork,IE,18,2022-12-16,low
6684,Sara,Vance,sara.vance6683@example.com,Perth,AU,33,2020-07-17,low
6685,Nadia,Ibrahim,nadia.ibrahim6684@example.com,Bologna,IT,8,2022-09-08,
6686,Iris,Larsen,iris.larsen6685@example.com,Halifax,CA,20,2024-03-11,
6687,Camille,Dubois,camille.dubois6686@example.com,Galway,IE,39,2008-12-07,
6688,Zara,Kowalski,zara.kowalski6687@example.com,Galway,IE,17,2019-08-22,
6689,Andres,Shah,andres.shah6688@example.com,Groningen,NL,28,2008-06-12,
6690,Ana,Thorne,ana.thorne6689@example.com,Leipzig,DE,14,2017-07-19,
6691,Eli,Dubois,eli.dubois6690@example.com,Nantes,FR,23,2025-03-25,
6692,Hana,Mensah,hana.mensah6691@example.com,Hobart,AU,26,2010-08-06,low
6693,Esme,Ibrahim,esme.ibrahim6692@example.com,Bergen,NO,34,2025-03-12,
6694,Sara,Kirby,sara.kirby6693@example.com,Bergen,NO,13,2014-02-11,
6695,Tomas,Ellery,tomas.ellery6694@example.com,Auckland,NZ,10,2018-02-13,
6696,Viktor,Fischer,viktor.fischer6695@example.com,Galway,IE,22,2010-06-02,medium
6697,Mateo,Ueda,mateo.ueda6696@example.com,Tucson,US,34,2023-04-21,low
6698,Iris,Frost,iris.frost6697@example.com,Leipzig,DE,30,2022-06-22,
6699,Eli,Diaz,eli.diaz6698@example.com,Freiburg,DE,3,2008-05-21,
6700,Pieter,Okafor,pieter.okafor6699@example.com,Leipzig,DE,12,2023-03-06,low
6701,Jon,Roy,jon.roy6700@example.com,Bristol,GB,23,2014-12-06,medium
6702,Malik,Nair,malik.nair6701@example.com,Adelaide,AU,2,2017-03-24,
6703,Alma,Voss,alma.voss6702@example.com,Nantes,FR,12,2013-01-01,
6704,Ana,Haddad,ana.haddad6703@example.com,Adelaide,AU,35,2010-03-07,
6705,Yuki,Kaur,yuki.kaur6704@example.com,Victoria,CA,39,2021-06-06,
6706,Bianca,Bergstrom,bianca.bergstrom6705@example.com,Leipzig,DE,16,2009-07-12,low
6707,Ravi,Nakamura,ravi.nakamura6706@example.com,Montpellier,FR,27,2011-06-25,
6708,Dmitri,Halloran,dmitri.halloran6707@example.com,Tucson,US,37,2021-06-25,medium
6709,Sofia,Dubois,sofia.dubois6708@example.com,Auckland,NZ,13,2010-05-06,
6710,Andres,Roy,andres.roy6709@example.com,Dunedin,NZ,3,2019-07-27,
6711,Hugo,Solberg,hugo.solberg6710@example.com,Adelaide,AU,21,2014-07-03,
6712,Tobias,Nakamura,tobias.nakamura6711@example.com,Uppsala,SE,28,2025-03-15,
6713,Amara,Renard,amara.renard6712@example.com,Ljubljana,SI,1,2025-01-05,
6714,Jonas,Kowalski,jonas.kowalski6713@example.com,Columbus,US,39,2009-06-14,
6715,Alma,Ueda,alma.ueda6714@example.com,Sheffield,GB,36,2015-04-10,
6716,Kwame,Cormack,kwame.cormack6715@example.com,Columbus,US,38,2019-01-11,medium
6717,Josefina,Shah,josefina.shah6716@example.com,Hobart,AU,7,2010-02-04,
6718,Tomas,Petrov,tomas.petrov6717@example.com,Porto,PT,3,2010-10-13,
6719,Ingrid,Delgado,ingrid.delgado6718@example.com,Hobart,AU,30,2014-11-02,medium
6720,Eli,Vance,eli.vance6719@example.com,Leipzig,DE,32,2011-10-08,
6721,Fatima,Okafor,fatima.okafor6720@example.com,Sheffield,GB,39,2015-10-18,
6722,Camille,Rossi,camille.rossi6721@example.com,Hobart,AU,40,2009-07-13,medium
6723,Emeka,Lindqvist,emeka.lindqvist6722@example.com,Aarhus,DK,31,2018-02-27,
6724,Hugo,Marchetti,hugo.marchetti6723@example.com,Toronto,CA,25,2021-11-25,
6725,Signe,Quinn,signe.quinn6724@example.com,Perth,AU,34,2014-06-17,low
6726,Noel,Abbott,noel.abbott6725@example.com,Leipzig,DE,11,2020-07-05,
6727,Samir,Brennan,samir.brennan6726@example.com,Columbus,US,21,2024-06-26,
6728,Felix,Farrow,felix.farrow6727@example.com,Austin,US,21,2019-08-18,
6729,Greta,Ashworth,greta.ashworth6728@example.com,Perth,AU,36,2023-09-05,high
6730,Iris,Kaur,iris.kaur6729@example.com,Sheffield,GB,8,2014-03-15,
6731,Rafael,Ricci,rafael.ricci6730@example.com,Galway,IE,17,2015-05-17,
6732,Omar,Hale,omar.hale6731@example.com,Ljubljana,SI,23,2020-06-21,low
6733,Marta,Rahman,marta.rahman6732@example.com,Galway,IE,15,2018-10-15,
6734,Kwame,Thorne,kwame.thorne6733@example.com,Toronto,CA,24,2025-05-08,
6735,Kofi,Voss,kofi.voss6734@example.com,Raleigh,US,26,2014-12-07,
6736,Eli,Moreau,eli.moreau6735@example.com,Manchester,GB,8,2010-02-25,
6737,Sara,Nakamura,sara.nakamura6736@example.com,Montpellier,FR,12,2021-05-25,
6738,Alma,Nair,alma.nair6737@example.com,Montpellier,FR,40,2010-01-17,low
6739,Camille,Ueda,camille.ueda6738@example.com,Manchester,GB,26,2021-07-21,
6740,Aoife,Silva,aoife.silva6739@example.com,Aarhus,DK,20,2018-12-02,
6741,Tomas,Delgado,tomas.delgado6740@example.com,Victoria,CA,19,2010-05-06,
6742,Kwame,Delgado,kwame.delgado6741@example.com,Columbus,US,35,2020-09-25,
6743,Amara,Reed,amara.reed6742@example.com,Tucson,US,21,2014-05-02,
6744,Josefina,Kowalski,josefina.kowalski6743@example.com,Tucson,US,11,2019-07-13,
6745,Ingrid,Larsen,ingrid.larsen6744@example.com,Leipzig,DE,3,2021-07-03,
6746,Fatima,Beaumont,fatima.beaumont6745@example.com,Raleigh,US,20,2009-07-23,low
6747,Claire,Iqbal,claire.iqbal6746@example.com,Galway,IE,13,2010-11-21,
6748,Sara,Sandoval,sara.sandoval6747@example.com,Aarhus,DK,12,2025-02-12,low
6749,Samir,Kaur,samir.kaur6748@example.com,Hobart,AU,12,2010-08-07,
6750,Bruno,Marchetti,bruno.marchetti6749@example.com,Montpellier,FR,12,2018-04-27,medium
6751,Signe,Castellanos,signe.castellanos6750@example.com,Cork,IE,28,2013-03-08,low
6752,Dmitri,Rossi,dmitri.rossi6751@example.com,Galway,IE,32,2012-07-01,
6753,Nell,Baptiste,nell.baptiste6752@example.com,Montpellier,FR,31,2009-06-20,
6754,Tarek,Beaumont,tarek.beaumont6753@example.com,Dunedin,NZ,14,2018-01-24,
6755,Bianca,Reed,bianca.reed6754@example.com,Porto,PT,28,2021-02-25,medium
6756,Omar,Zamora,omar.zamora6755@example.com,Galway,IE,9,2018-07-25,
6757,Nadia,Iqbal,nadia.iqbal6756@example.com,Galway,IE,4,2024-09-05,
6758,Mateo,Silva,mateo.silva6757@example.com,Halifax,CA,7,2009-03-19,low
6759,Rosa,Hale,rosa.hale6758@example.com,Toronto,CA,15,2009-10-02,low
6760,Mateo,Renard,mateo.renard6759@example.com,Bristol,GB,25,2024-01-19,low
6761,Camille,Abbott,camille.abbott6760@example.com,Ljubljana,SI,10,2018-04-02,medium
6762,Malik,Thorne,malik.thorne6761@example.com,Cork,IE,9,2017-07-05,
6763,Mateo,Mensah,mateo.mensah6762@example.com,Uppsala,SE,14,2021-09-19,
6764,Arjun,Delgado,arjun.delgado6763@example.com,Sheffield,GB,20,2023-01-21,high
6765,Arjun,Wexler,arjun.wexler6764@example.com,Cork,IE,39,2013-12-26,medium
6766,Josefina,Silva,josefina.silva6765@example.com,Groningen,NL,39,2022-03-18,
6767,Eli,Park,eli.park6766@example.com,Raleigh,US,37,2009-08-17,
6768,Wren,Thorne,wren.thorne6767@example.com,Auckland,NZ,18,2024-08-09,
6769,Ben,Castellanos,ben.castellanos6768@example.com,Columbus,US,21,2023-07-15,
6770,Hugo,Whitfield,hugo.whitfield6769@example.com,Halifax,CA,35,2011-02-24,
6771,Hana,Roy,hana.roy6770@example.com,Raleigh,US,38,2024-04-01,
6772,Tomas,Lund,tomas.lund6771@example.com,Manchester,GB,26,2011-02-24,
6773,Marta,Ibrahim,marta.ibrahim6772@example.com,Raleigh,US,10,2022-07-11,
6774,Ciara,Fischer,ciara.fischer6773@example.com,Raleigh,US,11,2022-09-09,high
6775,Raj,Osei,raj.osei6774@example.com,Tucson,US,18,2023-08-17,low
6776,Hana,Zamora,hana.zamora6775@example.com,Ljubljana,SI,25,2015-04-03,
6777,Ben,Thorne,ben.thorne6776@example.com,Montpellier,FR,26,2025-08-27,
6778,Malik,Ricci,malik.ricci6777@example.com,Austin,US,20,2018-07-04,
6779,Fatima,Lindqvist,fatima.lindqvist6778@example.com,Aarhus,DK,34,2025-09-20,low
6780,Viktor,Adeyemi,viktor.adeyemi6779@example.com,Bergen,NO,29,2014-10-08,low
6781,Greta,Ellery,greta.ellery6780@example.com,Porto,PT,26,2021-10-06,
6782,Leila,Tan,leila.tan6781@example.com,Raleigh,US,15,2025-03-14,
6783,Nell,Kowalski,nell.kowalski6782@example.com,Montpellier,FR,5,2019-04-09,medium
6784,Kwame,Whitfield,kwame.whitfield6783@example.com,Leipzig,DE,21,2011-03-12,
6785,Priya,Fischer,priya.fischer6784@example.com,Sheffield,GB,17,2017-11-03,
6786,Claire,Nakamura,claire.nakamura6785@example.com,Manchester,GB,10,2010-03-03,
6787,Hugo,Marchetti,hugo.marchetti6786@example.com,Leipzig,DE,21,2025-10-28,
6788,Jonas,Lund,jonas.lund6787@example.com,Austin,US,29,2014-07-23,
6789,Tomas,Park,tomas.park6788@example.com,Hobart,AU,40,2008-10-12,
6790,Dmitri,Okafor,dmitri.okafor6789@example.com,Tucson,US,18,2015-02-04,
6791,Ravi,Ibrahim,ravi.ibrahim6790@example.com,Dunedin,NZ,7,2020-01-22,
6792,Amara,Zamora,amara.zamora6791@example.com,Columbus,US,10,2013-12-10,low
6793,Yuki,Lund,yuki.lund6792@example.com,Perth,AU,6,2023-01-22,
6794,Mateo,Novak,mateo.novak6793@example.com,Hobart,AU,2,2021-03-13,
6795,Amara,Park,amara.park6794@example.com,Aarhus,DK,40,2013-09-24,
6796,Hana,Cormack,hana.cormack6795@example.com,Toronto,CA,31,2009-11-24,high
6797,Dmitri,Wexler,dmitri.wexler6796@example.com,Austin,US,32,2014-10-23,
6798,Felix,Rahman,felix.rahman6797@example.com,Manchester,GB,22,2021-05-19,low
6799,Jon,Beaumont,jon.beaumont6798@example.com,Bergen,NO,32,2011-01-13,
6800,Jon,Nyberg,jon.nyberg6799@example.com,Adelaide,AU,18,2009-08-04,
6801,Iris,Ricci,iris.ricci6800@example.com,Bergen,NO,40,2024-07-19,
6802,Nell,Ueda,nell.ueda6801@example.com,Raleigh,US,16,2024-08-11,
6803,Camille,Larsen,camille.larsen6802@example.com,Nantes,FR,36,2008-09-23,
6804,Yuki,Achebe,yuki.achebe6803@example.com,Victoria,CA,38,2021-08-05,
6805,Tom,Diaz,tom.diaz6804@example.com,Groningen,NL,35,2019-11-07,medium
6806,Ingrid,Kirby,ingrid.kirby6805@example.com,Sheffield,GB,30,2025-03-03,low
6807,Lena,Adeyemi,lena.adeyemi6806@example.com,Manchester,GB,30,2016-01-27,low
6808,Noel,Vogt,noel.vogt6807@example.com,Auckland,NZ,13,2019-03-07,low
6809,Idris,Cormack,idris.cormack6808@example.com,Nantes,FR,19,2022-04-22,
6810,Ingrid,Haddad,ingrid.haddad6809@example.com,Toronto,CA,30,2018-05-12,
6811,Ingrid,Moreau,ingrid.moreau6810@example.com,Hobart,AU,35,2022-03-27,low
6812,Greta,Roy,greta.roy6811@example.com,Ljubljana,SI,26,2013-07-23,medium
6813,Alma,Kaur,alma.kaur6812@example.com,Galway,IE,12,2021-11-11,
6814,Elena,Abbott,elena.abbott6813@example.com,Austin,US,15,2011-05-03,
6815,Delphine,Roy,delphine.roy6814@example.com,Sheffield,GB,17,2023-01-11,
6816,Esme,Nyberg,esme.nyberg6815@example.com,Manchester,GB,25,2012-08-13,
6817,Nadia,Voss,nadia.voss6816@example.com,Bristol,GB,1,2021-01-06,
6818,Kwame,Park,kwame.park6817@example.com,Sheffield,GB,11,2017-09-20,
6819,Malik,Ellery,malik.ellery6818@example.com,Freiburg,DE,28,2024-04-23,
6820,Elena,Achebe,elena.achebe6819@example.com,Portland,US,27,2024-06-12,medium
6821,Nell,Delgado,nell.delgado6820@example.com,Hobart,AU,28,2015-10-04,medium
6822,Samir,Delgado,samir.delgado6821@example.com,Bergen,NO,28,2024-11-02,low
6823,Sara,Nair,sara.nair6822@example.com,Perth,AU,26,2022-04-20,
6824,Lars,Rossi,lars.rossi6823@example.com,Toronto,CA,35,2023-09-18,low
6825,Marta,Castellanos,marta.castellanos6824@example.com,Porto,PT,3,2020-09-08,
6826,Pieter,Brennan,pieter.brennan6825@example.com,Columbus,US,2,2010-07-11,
6827,Hana,Novak,hana.novak6826@example.com,Austin,US,4,2013-08-18,
6828,Kwame,Roy,kwame.roy6827@example.com,Hobart,AU,6,2021-11-03,medium
6829,Leila,Dubois,leila.dubois6828@example.com,Montpellier,FR,39,2018-02-09,
6830,Lars,Larsen,lars.larsen6829@example.com,Toronto,CA,14,2021-04-16,
6831,Felix,Quinn,felix.quinn6830@example.com,Columbus,US,19,2014-01-18,
6832,Idris,Frost,idris.frost6831@example.com,Ljubljana,SI,39,2021-01-08,
6833,Sara,Nyberg,sara.nyberg6832@example.com,Nantes,FR,1,2022-02-25,
6834,Tobias,Tan,tobias.tan6833@example.com,Halifax,CA,15,2014-10-04,
6835,Sean,Nyberg,sean.nyberg6834@example.com,Nantes,FR,36,2022-09-04,
6836,Bianca,Thorne,bianca.thorne6835@example.com,Portland,US,15,2018-01-12,
6837,Tarek,Haddad,tarek.haddad6836@example.com,Aarhus,DK,36,2013-11-18,
6838,Ana,Bergstrom,ana.bergstrom6837@example.com,Austin,US,23,2019-03-10,
6839,Solveig,Delgado,solveig.delgado6838@example.com,Tucson,US,34,2017-01-24,
6840,Lena,Hale,lena.hale6839@example.com,Toronto,CA,7,2012-12-20,
6841,Priya,Reed,priya.reed6840@example.com,Portland,US,30,2021-09-04,
6842,Nora,Novak,nora.novak6841@example.com,Auckland,NZ,27,2022-09-05,
6843,Omar,Solberg,omar.solberg6842@example.com,Ljubljana,SI,16,2024-08-09,medium
6844,Ravi,Ferreira,ravi.ferreira6843@example.com,Bologna,IT,37,2009-02-04,
6845,Eli,Haddad,eli.haddad6844@example.com,Austin,US,1,2016-10-08,
6846,Hana,Zamora,hana.zamora6845@example.com,Auckland,NZ,31,2023-07-14,
6847,Delphine,Kowalski,delphine.kowalski6846@example.com,Freiburg,DE,9,2025-09-13,
6848,Ana,Ashworth,ana.ashworth6847@example.com,Bristol,GB,23,2011-02-02,
6849,Tobias,Adeyemi,tobias.adeyemi6848@example.com,Norwich,GB,10,2018-09-12,
6850,Elena,Bauer,elena.bauer6849@example.com,Toronto,CA,24,2011-09-24,
6851,Zara,Ueda,zara.ueda6850@example.com,Porto,PT,14,2011-01-20,low
6852,Kiran,Castellanos,kiran.castellanos6851@example.com,Victoria,CA,15,2012-10-28,
6853,Rosa,Iqbal,rosa.iqbal6852@example.com,Bristol,GB,18,2020-08-18,
6854,Andres,Vogt,andres.vogt6853@example.com,Cork,IE,6,2018-06-01,
6855,Samir,Achebe,samir.achebe6854@example.com,Utrecht,NL,4,2013-01-18,
6856,Claire,Nakamura,claire.nakamura6855@example.com,Hobart,AU,11,2022-09-24,low
6857,Iris,Reed,iris.reed6856@example.com,Hobart,AU,18,2022-05-27,
6858,Solveig,Marchetti,solveig.marchetti6857@example.com,Perth,AU,28,2021-03-03,high
6859,Tom,Achebe,tom.achebe6858@example.com,Ljubljana,SI,31,2023-10-26,
6860,Delphine,Ellery,delphine.ellery6859@example.com,Cork,IE,32,2017-03-18,
6861,Ciara,Lindqvist,ciara.lindqvist6860@example.com,Perth,AU,12,2013-10-08,
6862,Alma,Ellery,alma.ellery6861@example.com,Raleigh,US,39,2018-11-25,medium
6863,Tarek,Renard,tarek.renard6862@example.com,Auckland,NZ,10,2008-08-10,
6864,Tom,Kowalski,tom.kowalski6863@example.com,Tampere,FI,2,2025-07-16,low
6865,Ben,Lund,ben.lund6864@example.com,Adelaide,AU,4,2008-02-08,
6866,Ben,Marchetti,ben.marchetti6865@example.com,Utrecht,NL,5,2017-05-14,
6867,Bruno,Wexler,bruno.wexler6866@example.com,Bristol,GB,22,2019-11-07,low
6868,Tarek,Lund,tarek.lund6867@example.com,Adelaide,AU,9,2022-05-09,low
6869,Ingrid,Mensah,ingrid.mensah6868@example.com,Utrecht,NL,13,2014-12-13,
6870,Camille,Sorensen,camille.sorensen6869@example.com,Columbus,US,35,2017-10-12,medium
6871,Tobias,Ellery,tobias.ellery6870@example.com,Auckland,NZ,26,2018-08-01,
6872,Jon,Petrov,jon.petrov6871@example.com,Tampere,FI,8,2025-04-01,
6873,Mateo,Shah,mateo.shah6872@example.com,Freiburg,DE,34,2021-10-01,
6874,Anton,Reed,anton.reed6873@example.com,Columbus,US,12,2018-05-09,low
6875,Alma,Larsen,alma.larsen6874@example.com,Galway,IE,3,2022-01-11,
6876,Zara,Sorensen,zara.sorensen6875@example.com,Bergen,NO,9,2023-08-07,
6877,Aoife,Delgado,aoife.delgado6876@example.com,Valencia,ES,30,2018-07-15,low
6878,Omar,Bauer,omar.bauer6877@example.com,Toronto,CA,5,2015-11-01,
6879,Felix,Sandoval,felix.sandoval6878@example.com,Montpellier,FR,40,2011-04-16,medium
6880,Elena,Hale,elena.hale6879@example.com,Cork,IE,7,2010-10-18,
6881,Malik,Ferreira,malik.ferreira6880@example.com,Valencia,ES,9,2024-06-09,
6882,Omar,Petrov,omar.petrov6881@example.com,Aarhus,DK,35,2011-12-22,
6883,Rafael,Tan,rafael.tan6882@example.com,Tampere,FI,6,2009-06-13,low
6884,Jon,Renard,jon.renard6883@example.com,Denver,US,20,2014-06-16,low
6885,Wren,Fischer,wren.fischer6884@example.com,Perth,AU,2,2010-12-01,
6886,Idris,Tan,idris.tan6885@example.com,Auckland,NZ,38,2012-06-23,
6887,Raj,Ibrahim,raj.ibrahim6886@example.com,Sheffield,GB,36,2017-01-17,low
6888,Greta,Shah,greta.shah6887@example.com,Montpellier,FR,37,2015-11-20,medium
6889,Claire,Cormack,claire.cormack6888@example.com,Uppsala,SE,25,2024-01-03,low
6890,Pieter,Roy,pieter.roy6889@example.com,Bristol,GB,4,2017-04-12,
6891,Malik,Sandoval,malik.sandoval6890@example.com,Montpellier,FR,30,2016-08-04,
6892,Viktor,Fischer,viktor.fischer6891@example.com,Auckland,NZ,25,2011-08-22,
6893,Rafael,Iqbal,rafael.iqbal6892@example.com,Tampere,FI,20,2008-02-26,
6894,Hugo,Cormack,hugo.cormack6893@example.com,Aarhus,DK,17,2021-11-13,low
6895,Hugo,Ashworth,hugo.ashworth6894@example.com,Utrecht,NL,33,2019-04-09,
6896,Hugo,Kaur,hugo.kaur6895@example.com,Toronto,CA,19,2009-04-10,
6897,Ben,Frost,ben.frost6896@example.com,Nantes,FR,2,2010-03-23,low
6898,Rafael,Wexler,rafael.wexler6897@example.com,Halifax,CA,15,2012-09-05,
6899,Lars,Brennan,lars.brennan6898@example.com,Bristol,GB,19,2015-10-06,
6900,Camille,Baptiste,camille.baptiste6899@example.com,Dunedin,NZ,7,2013-07-08,low
6901,Delphine,Vogt,delphine.vogt6900@example.com,Dunedin,NZ,21,2011-10-07,
6902,Priya,Mwangi,priya.mwangi6901@example.com,Halifax,CA,6,2010-07-25,
6903,Jonas,Sorensen,jonas.sorensen6902@example.com,Uppsala,SE,24,2022-06-13,
6904,Bianca,Adeyemi,bianca.adeyemi6903@example.com,Tucson,US,10,2024-06-09,
6905,Tom,Fischer,tom.fischer6904@example.com,Portland,US,21,2014-01-14,low
6906,Greta,Nyberg,greta.nyberg6905@example.com,Halifax,CA,35,2013-09-06,
6907,Sean,Ferreira,sean.ferreira6906@example.com,Valencia,ES,33,2012-03-22,
6908,Ingrid,Hale,ingrid.hale6907@example.com,Bologna,IT,20,2014-03-26,
6909,Sofia,Rossi,sofia.rossi6908@example.com,Galway,IE,39,2018-01-22,low
6910,Hugo,Beaumont,hugo.beaumont6909@example.com,Bergen,NO,31,2017-02-01,
6911,Malik,Baptiste,malik.baptiste6910@example.com,Victoria,CA,19,2022-11-27,medium
6912,Raj,Ferreira,raj.ferreira6911@example.com,Norwich,GB,35,2023-08-07,
6913,Omar,Marchetti,omar.marchetti6912@example.com,Portland,US,33,2015-10-26,
6914,Mateo,Cole,mateo.cole6913@example.com,Auckland,NZ,10,2011-12-22,
6915,Noel,Bauer,noel.bauer6914@example.com,Raleigh,US,40,2011-06-01,low
6916,Signe,Bergstrom,signe.bergstrom6915@example.com,Halifax,CA,14,2010-10-22,
6917,Camille,Iqbal,camille.iqbal6916@example.com,Raleigh,US,38,2013-11-21,
6918,Ingrid,Dubois,ingrid.dubois6917@example.com,Portland,US,15,2020-03-20,
6919,Delphine,Kowalski,delphine.kowalski6918@example.com,Sheffield,GB,16,2011-08-26,
6920,Malik,Bergstrom,malik.bergstrom6919@example.com,Tampere,FI,10,2010-02-15,
6921,Esme,Ibrahim,esme.ibrahim6920@example.com,Uppsala,SE,38,2010-01-22,
6922,Wren,Ricci,wren.ricci6921@example.com,Groningen,NL,13,2019-08-01,
6923,Greta,Cormack,greta.cormack6922@example.com,Halifax,CA,10,2010-12-16,
6924,Tarek,Tan,tarek.tan6923@example.com,Dunedin,NZ,10,2015-06-08,
6925,Emeka,Mensah,emeka.mensah6924@example.com,Halifax,CA,24,2016-08-24,
6926,Tobias,Kirby,tobias.kirby6925@example.com,Dunedin,NZ,7,2024-03-09,
6927,Amara,Achebe,amara.achebe6926@example.com,Nantes,FR,5,2022-04-23,medium
6928,Samir,Farrow,samir.farrow6927@example.com,Hobart,AU,17,2014-05-13,
6929,Mateo,Dubois,mateo.dubois6928@example.com,Sheffield,GB,31,2023-04-11,
6930,Dmitri,Petrov,dmitri.petrov6929@example.com,Manchester,GB,39,2016-05-15,
6931,Arjun,Lindqvist,arjun.lindqvist6930@example.com,Toronto,CA,36,2009-12-22,
6932,Dmitri,Nakamura,dmitri.nakamura6931@example.com,Victoria,CA,10,2014-09-17,
6933,Sara,Ricci,sara.ricci6932@example.com,Porto,PT,37,2025-09-04,
6934,Wren,Frost,wren.frost6933@example.com,Hobart,AU,31,2015-05-12,low
6935,Idris,Voss,idris.voss6934@example.com,Tucson,US,2,2012-11-15,low
6936,Wren,Vance,wren.vance6935@example.com,Bristol,GB,3,2017-05-22,
6937,Felix,Kaur,felix.kaur6936@example.com,Halifax,CA,33,2020-08-18,low
6938,Jonas,Nair,jonas.nair6937@example.com,Montpellier,FR,9,2013-02-22,
6939,Sean,Kowalski,sean.kowalski6938@example.com,Adelaide,AU,38,2023-02-09,
6940,Viktor,Farrow,viktor.farrow6939@example.com,Porto,PT,14,2020-08-01,
6941,Andres,Abbott,andres.abbott6940@example.com,Norwich,GB,36,2014-01-19,
6942,Tomas,Halloran,tomas.halloran6941@example.com,Uppsala,SE,27,2016-05-18,
6943,Delphine,Nair,delphine.nair6942@example.com,Bologna,IT,40,2016-12-11,low
6944,Kwame,Nakamura,kwame.nakamura6943@example.com,Nantes,FR,12,2025-06-22,
6945,Raj,Hale,raj.hale6944@example.com,Bologna,IT,11,2020-09-14,
6946,Fatima,Voss,fatima.voss6945@example.com,Toronto,CA,13,2025-08-25,
6947,Anton,Beaumont,anton.beaumont6946@example.com,Columbus,US,15,2008-09-14,
6948,Delphine,Vance,delphine.vance6947@example.com,Nantes,FR,2,2024-04-14,
6949,Raj,Nair,raj.nair6948@example.com,Norwich,GB,27,2017-02-27,
6950,Ingrid,Sorensen,ingrid.sorensen6949@example.com,Norwich,GB,25,2024-07-07,
6951,Eli,Rossi,eli.rossi6950@example.com,Tampere,FI,3,2008-02-04,low
6952,Fatima,Iqbal,fatima.iqbal6951@example.com,Auckland,NZ,33,2024-01-04,
6953,Omar,Tan,omar.tan6952@example.com,Valencia,ES,4,2019-11-01,
6954,Raj,Ibrahim,raj.ibrahim6953@example.com,Sheffield,GB,16,2009-04-07,
6955,Hana,Voss,hana.voss6954@example.com,Porto,PT,3,2020-05-11,
6956,Solveig,Vogt,solveig.vogt6955@example.com,Uppsala,SE,23,2016-02-09,
6957,Pieter,Renard,pieter.renard6956@example.com,Manchester,GB,34,2025-10-23,
6958,Aoife,Diaz,aoife.diaz6957@example.com,Ljubljana,SI,32,2008-10-15,
6959,Sofia,Kaur,sofia.kaur6958@example.com,Tampere,FI,38,2022-01-01,
6960,Camille,Dubois,camille.dubois6959@example.com,Adelaide,AU,5,2025-05-16,
6961,Emeka,Abbott,emeka.abbott6960@example.com,Victoria,CA,28,2025-06-23,
6962,Iris,Zamora,iris.zamora6961@example.com,Toronto,CA,28,2013-10-01,
6963,Noel,Kirby,noel.kirby6962@example.com,Aarhus,DK,10,2023-01-25,
6964,Wren,Okafor,wren.okafor6963@example.com,Halifax,CA,36,2012-12-08,medium
6965,Aoife,Mensah,aoife.mensah6964@example.com,Sheffield,GB,10,2024-06-07,
6966,Solveig,Adeyemi,solveig.adeyemi6965@example.com,Tampere,FI,16,2022-09-12,low
6967,Alma,Dubois,alma.dubois6966@example.com,Bergen,NO,9,2017-01-15,medium
6968,Tarek,Vogt,tarek.vogt6967@example.com,Ljubljana,SI,3,2018-06-19,
6969,Alma,Okafor,alma.okafor6968@example.com,Groningen,NL,1,2022-10-23,
6970,Leila,Castellanos,leila.castellanos6969@example.com,Tampere,FI,32,2025-08-23,
6971,Ben,Ibrahim,ben.ibrahim6970@example.com,Utrecht,NL,35,2020-11-27,
6972,Aoife,Cormack,aoife.cormack6971@example.com,Hobart,AU,38,2025-06-07,low
6973,Tarek,Whitfield,tarek.whitfield6972@example.com,Austin,US,28,2015-02-09,
6974,Yuki,Diaz,yuki.diaz6973@example.com,Dunedin,NZ,25,2014-01-15,
6975,Ingrid,Mwangi,ingrid.mwangi6974@example.com,Groningen,NL,38,2019-06-14,
6976,Felix,Brennan,felix.brennan6975@example.com,Hobart,AU,21,2013-07-06,
6977,Lena,Nyberg,lena.nyberg6976@example.com,Sheffield,GB,31,2020-03-12,
6978,Sean,Mensah,sean.mensah6977@example.com,Cork,IE,25,2013-11-21,low
6979,Felix,Solberg,felix.solberg6978@example.com,Perth,AU,31,2023-12-20,low
6980,Hugo,Sandoval,hugo.sandoval6979@example.com,Columbus,US,4,2018-06-26,
6981,Tarek,Vance,tarek.vance6980@example.com,Bristol,GB,5,2016-10-05,
6982,Wren,Ibrahim,wren.ibrahim6981@example.com,Ljubljana,SI,2,2010-08-07,
6983,Hugo,Vogt,hugo.vogt6982@example.com,Galway,IE,18,2011-05-14,
6984,Ingrid,Novak,ingrid.novak6983@example.com,Uppsala,SE,32,2014-07-13,
6985,Raj,Larsen,raj.larsen6984@example.com,Tampere,FI,14,2011-07-27,
6986,Esme,Rossi,esme.rossi6985@example.com,Auckland,NZ,28,2010-03-06,
6987,Felix,Farrow,felix.farrow6986@example.com,Aarhus,DK,38,2022-09-25,
6988,Nadia,Nakamura,nadia.nakamura6987@example.com,Bologna,IT,29,2019-10-14,
6989,Iris,Osei,iris.osei6988@example.com,Bristol,GB,39,2024-04-04,
6990,Iris,Quinn,iris.quinn6989@example.com,Valencia,ES,39,2011-01-11,low
6991,Nell,Rossi,nell.rossi6990@example.com,Cork,IE,29,2024-04-05,
6992,Camille,Fischer,camille.fischer6991@example.com,Perth,AU,29,2017-09-02,
6993,Zara,Renard,zara.renard6992@example.com,Hobart,AU,9,2025-07-14,
6994,Greta,Farrow,greta.farrow6993@example.com,Columbus,US,33,2017-09-07,
6995,Josefina,Vogt,josefina.vogt6994@example.com,Galway,IE,14,2008-07-24,
6996,Samir,Novak,samir.novak6995@example.com,Portland,US,37,2010-10-19,low
6997,Idris,Cole,idris.cole6996@example.com,Ljubljana,SI,3,2023-12-22,
6998,Bianca,Baptiste,bianca.baptiste6997@example.com,Nantes,FR,20,2015-08-19,
6999,Tobias,Rahman,tobias.rahman6998@example.com,Dunedin,NZ,34,2018-02-15,medium
7000,Pieter,Hale,pieter.hale6999@example.com,Hobart,AU,26,2010-01-23,medium
7001,Kofi,Solberg,kofi.solberg7000@example.com,Toronto,CA,1,2018-05-02,low
7002,Ravi,Nyberg,ravi.nyberg7001@example.com,Auckland,NZ,25,2015-03-05,
7003,Mateo,Achebe,mateo.achebe7002@example.com,Hobart,AU,16,2015-03-07,
7004,Nadia,Ellery,nadia.ellery7003@example.com,Montpellier,FR,34,2020-12-05,medium
7005,Josefina,Baptiste,josefina.baptiste7004@example.com,Toronto,CA,12,2017-01-08,
7006,Priya,Voss,priya.voss7005@example.com,Tucson,US,34,2017-01-13,
7007,Hugo,Baptiste,hugo.baptiste7006@example.com,Bristol,GB,14,2011-09-13,
7008,Ingrid,Ibrahim,ingrid.ibrahim7007@example.com,Hobart,AU,25,2015-11-22,
7009,Kwame,Roy,kwame.roy7008@example.com,Victoria,CA,1,2022-11-28,
7010,Ravi,Frost,ravi.frost7009@example.com,Hobart,AU,25,2025-03-28,
7011,Claire,Delgado,claire.delgado7010@example.com,Norwich,GB,6,2024-02-22,high
7012,Signe,Adeyemi,signe.adeyemi7011@example.com,Portland,US,24,2014-11-02,
7013,Elena,Sorensen,elena.sorensen7012@example.com,Ljubljana,SI,34,2021-10-01,
7014,Kwame,Iqbal,kwame.iqbal7013@example.com,Galway,IE,38,2021-06-02,
7015,Lars,Thorne,lars.thorne7014@example.com,Tucson,US,29,2009-06-10,medium
7016,Alma,Roy,alma.roy7015@example.com,Galway,IE,3,2013-05-14,
7017,Greta,Hale,greta.hale7016@example.com,Aarhus,DK,12,2021-06-05,medium
7018,Sofia,Kowalski,sofia.kowalski7017@example.com,Toronto,CA,23,2016-10-20,
7019,Ravi,Zamora,ravi.zamora7018@example.com,Porto,PT,19,2019-06-26,low
7020,Josefina,Abbott,josefina.abbott7019@example.com,Manchester,GB,29,2024-07-03,
7021,Hana,Ricci,hana.ricci7020@example.com,Nantes,FR,27,2022-09-09,
7022,Hana,Nair,hana.nair7021@example.com,Hobart,AU,34,2024-02-18,low
7023,Malik,Larsen,malik.larsen7022@example.com,Raleigh,US,12,2025-02-11,
7024,Omar,Cormack,omar.cormack7023@example.com,Toronto,CA,16,2019-05-24,
7025,Solveig,Marchetti,solveig.marchetti7024@example.com,Perth,AU,23,2009-03-17,
7026,Camille,Fischer,camille.fischer7025@example.com,Portland,US,9,2010-05-17,low
7027,Yuki,Ashworth,yuki.ashworth7026@example.com,Perth,AU,4,2022-11-02,
7028,Ravi,Marchetti,ravi.marchetti7027@example.com,Raleigh,US,6,2018-08-13,
7029,Arjun,Frost,arjun.frost7028@example.com,Cork,IE,17,2009-11-28,
7030,Elena,Rossi,elena.rossi7029@example.com,Perth,AU,40,2017-04-09,medium
7031,Nora,Cole,nora.cole7030@example.com,Victoria,CA,19,2016-11-17,
7032,Aoife,Renard,aoife.renard7031@example.com,Tampere,FI,24,2014-08-07,
7033,Ravi,Lindqvist,ravi.lindqvist7032@example.com,Perth,AU,12,2023-07-16,
7034,Claire,Vogt,claire.vogt7033@example.com,Bergen,NO,28,2019-10-10,
7035,Sofia,Park,sofia.park7034@example.com,Tucson,US,27,2009-07-28,high
7036,Lena,Park,lena.park7035@example.com,Dunedin,NZ,11,2020-11-08,low
7037,Fatima,Rahman,fatima.rahman7036@example.com,Victoria,CA,5,2020-07-24,
7038,Raj,Larsen,raj.larsen7037@example.com,Tucson,US,18,2019-12-28,
7039,Raj,Ueda,raj.ueda7038@example.com,Montpellier,FR,34,2023-06-01,
7040,Esme,Cole,esme.cole7039@example.com,Raleigh,US,23,2010-06-16,
7041,Aoife,Renard,aoife.renard7040@example.com,Halifax,CA,10,2024-12-18,medium
7042,Samir,Brennan,samir.brennan7041@example.com,Valencia,ES,26,2014-06-25,low
7043,Sara,Vogt,sara.vogt7042@example.com,Denver,US,25,2015-03-07,low
7044,Tom,Fischer,tom.fischer7043@example.com,Bologna,IT,16,2009-06-15,
7045,Fatima,Hale,fatima.hale7044@example.com,Dunedin,NZ,15,2019-06-19,low
7046,Camille,Sorensen,camille.sorensen7045@example.com,Victoria,CA,19,2011-10-11,
7047,Mateo,Fischer,mateo.fischer7046@example.com,Columbus,US,7,2024-06-11,
7048,Elena,Quinn,elena.quinn7047@example.com,Tampere,FI,38,2021-02-15,
7049,Hugo,Quinn,hugo.quinn7048@example.com,Columbus,US,17,2018-12-09,
7050,Tom,Rahman,tom.rahman7049@example.com,Leipzig,DE,9,2016-08-02,
7051,Greta,Ricci,greta.ricci7050@example.com,Adelaide,AU,22,2009-04-23,
7052,Noel,Tan,noel.tan7051@example.com,Tucson,US,34,2013-08-05,
7053,Leila,Ueda,leila.ueda7052@example.com,Montpellier,FR,6,2015-11-13,low
7054,Viktor,Kaur,viktor.kaur7053@example.com,Montpellier,FR,6,2017-06-11,low
7055,Viktor,Sandoval,viktor.sandoval7054@example.com,Nantes,FR,27,2023-02-03,
7056,Josefina,Osei,josefina.osei7055@example.com,Dunedin,NZ,38,2021-12-01,medium
7057,Pieter,Moreau,pieter.moreau7056@example.com,Auckland,NZ,10,2013-02-18,
7058,Wren,Rahman,wren.rahman7057@example.com,Dunedin,NZ,36,2019-07-02,low
7059,Signe,Delgado,signe.delgado7058@example.com,Uppsala,SE,9,2013-04-20,
7060,Lena,Frost,lena.frost7059@example.com,Perth,AU,27,2025-11-17,
7061,Kwame,Sorensen,kwame.sorensen7060@example.com,Portland,US,30,2011-11-10,
7062,Lars,Kirby,lars.kirby7061@example.com,Porto,PT,25,2008-12-04,
7063,Sara,Ashworth,sara.ashworth7062@example.com,Utrecht,NL,23,2017-03-16,medium
7064,Bianca,Haddad,bianca.haddad7063@example.com,Aarhus,DK,26,2012-10-15,
7065,Emeka,Abbott,emeka.abbott7064@example.com,Toronto,CA,20,2011-08-11,
7066,Tobias,Voss,tobias.voss7065@example.com,Austin,US,18,2011-03-26,high
7067,Lena,Baptiste,lena.baptiste7066@example.com,Tucson,US,30,2011-01-14,
7068,Esme,Kirby,esme.kirby7067@example.com,Raleigh,US,27,2024-03-26,
7069,Raj,Delgado,raj.delgado7068@example.com,Nantes,FR,9,2013-08-21,
7070,Tom,Novak,tom.novak7069@example.com,Porto,PT,4,2020-03-17,
7071,Noel,Bergstrom,noel.bergstrom7070@example.com,Montpellier,FR,21,2013-10-15,
7072,Esme,Nyberg,esme.nyberg7071@example.com,Tampere,FI,16,2012-02-11,
7073,Lena,Thorne,lena.thorne7072@example.com,Austin,US,19,2012-06-24,low
7074,Ana,Abbott,ana.abbott7073@example.com,Aarhus,DK,40,2020-09-14,
7075,Lars,Bauer,lars.bauer7074@example.com,Montpellier,FR,13,2008-07-03,
7076,Idris,Abbott,idris.abbott7075@example.com,Manchester,GB,31,2017-12-10,
7077,Greta,Ferreira,greta.ferreira7076@example.com,Galway,IE,33,2010-05-05,
7078,Hugo,Ferreira,hugo.ferreira7077@example.com,Freiburg,DE,20,2013-05-26,
7079,Ben,Haddad,ben.haddad7078@example.com,Manchester,GB,9,2016-02-27,
7080,Aoife,Nair,aoife.nair7079@example.com,Aarhus,DK,26,2014-12-16,medium
7081,Marta,Ashworth,marta.ashworth7080@example.com,Freiburg,DE,20,2020-04-25,
7082,Claire,Lund,claire.lund7081@example.com,Hobart,AU,24,2014-05-27,
7083,Anton,Ellery,anton.ellery7082@example.com,Raleigh,US,2,2008-06-06,
7084,Priya,Sorensen,priya.sorensen7083@example.com,Bologna,IT,39,2009-06-16,
7085,Yuki,Farrow,yuki.farrow7084@example.com,Bologna,IT,18,2019-05-08,high
7086,Nora,Cormack,nora.cormack7085@example.com,Cork,IE,39,2017-07-27,low
7087,Lena,Tan,lena.tan7086@example.com,Norwich,GB,9,2017-09-07,low
7088,Rosa,Sandoval,rosa.sandoval7087@example.com,Sheffield,GB,40,2014-09-04,
7089,Viktor,Ueda,viktor.ueda7088@example.com,Austin,US,31,2021-12-16,
7090,Arjun,Renard,arjun.renard7089@example.com,Aarhus,DK,15,2010-10-28,low
7091,Arjun,Farrow,arjun.farrow7090@example.com,Victoria,CA,14,2013-05-08,
7092,Bruno,Farrow,bruno.farrow7091@example.com,Nantes,FR,5,2012-08-13,medium
7093,Ben,Tan,ben.tan7092@example.com,Sheffield,GB,33,2016-10-17,
7094,Fatima,Marchetti,fatima.marchetti7093@example.com,Bergen,NO,5,2015-08-09,
7095,Bruno,Beaumont,bruno.beaumont7094@example.com,Valencia,ES,20,2009-11-06,
7096,Nora,Moreau,nora.moreau7095@example.com,Denver,US,24,2013-04-06,
7097,Marta,Delgado,marta.delgado7096@example.com,Tucson,US,31,2012-01-05,
7098,Viktor,Ashworth,viktor.ashworth7097@example.com,Manchester,GB,10,2009-11-02,
7099,Leila,Baptiste,leila.baptiste7098@example.com,Portland,US,7,2019-06-01,
7100,Marta,Larsen,marta.larsen7099@example.com,Valencia,ES,25,2013-10-03,low
7101,Rosa,Fischer,rosa.fischer7100@example.com,Uppsala,SE,39,2021-08-12,medium
7102,Kwame,Achebe,kwame.achebe7101@example.com,Cork,IE,39,2020-04-20,medium
7103,Arjun,Ferreira,arjun.ferreira7102@example.com,Bristol,GB,35,2025-11-17,
7104,Tarek,Kaur,tarek.kaur7103@example.com,Bergen,NO,35,2011-03-21,medium
7105,Jon,Cole,jon.cole7104@example.com,Leipzig,DE,34,2013-01-14,low
7106,Rafael,Vogt,rafael.vogt7105@example.com,Austin,US,12,2016-07-17,medium
7107,Nora,Kowalski,nora.kowalski7106@example.com,Tucson,US,7,2020-12-09,
7108,Omar,Hale,omar.hale7107@example.com,Victoria,CA,2,2022-08-15,
7109,Leila,Sandoval,leila.sandoval7108@example.com,Leipzig,DE,1,2011-11-20,low
7110,Emeka,Rossi,emeka.rossi7109@example.com,Bristol,GB,13,2019-10-08,
7111,Noel,Nyberg,noel.nyberg7110@example.com,Toronto,CA,30,2013-12-17,
7112,Sara,Larsen,sara.larsen7111@example.com,Hobart,AU,16,2016-04-27,
7113,Nell,Mensah,nell.mensah7112@example.com,Bergen,NO,28,2018-10-06,
7114,Tom,Frost,tom.frost7113@example.com,Nantes,FR,2,2012-02-04,low
7115,Delphine,Beaumont,delphine.beaumont7114@example.com,Auckland,NZ,9,2014-03-01,
7116,Delphine,Tan,delphine.tan7115@example.com,Valencia,ES,38,2019-06-13,
7117,Delphine,Hale,delphine.hale7116@example.com,Denver,US,15,2013-04-09,
7118,Rafael,Novak,rafael.novak7117@example.com,Uppsala,SE,27,2024-12-09,
7119,Sara,Fischer,sara.fischer7118@example.com,Sheffield,GB,32,2023-05-06,medium
7120,Omar,Thorne,omar.thorne7119@example.com,Norwich,GB,31,2008-07-08,medium
7121,Dmitri,Kowalski,dmitri.kowalski7120@example.com,Norwich,GB,37,2018-12-24,low
7122,Greta,Vogt,greta.vogt7121@example.com,Sheffield,GB,13,2011-01-28,
7123,Anton,Mwangi,anton.mwangi7122@example.com,Norwich,GB,14,2023-05-23,
7124,Aoife,Roy,aoife.roy7123@example.com,Sheffield,GB,4,2012-01-22,
7125,Zara,Kaur,zara.kaur7124@example.com,Hobart,AU,6,2017-09-16,
7126,Tomas,Frost,tomas.frost7125@example.com,Ljubljana,SI,33,2013-09-07,
7127,Kiran,Adeyemi,kiran.adeyemi7126@example.com,Austin,US,21,2017-06-04,
7128,Pieter,Adeyemi,pieter.adeyemi7127@example.com,Bristol,GB,32,2019-11-11,low
7129,Viktor,Zamora,viktor.zamora7128@example.com,Columbus,US,27,2008-05-19,
7130,Samir,Reed,samir.reed7129@example.com,Montpellier,FR,6,2016-09-11,
7131,Solveig,Baptiste,solveig.baptiste7130@example.com,Uppsala,SE,37,2012-08-18,low
7132,Nadia,Lund,nadia.lund7131@example.com,Manchester,GB,23,2021-04-23,
7133,Omar,Ashworth,omar.ashworth7132@example.com,Cork,IE,36,2016-06-28,
7134,Jonas,Sorensen,jonas.sorensen7133@example.com,Montpellier,FR,22,2021-09-16,
7135,Jon,Dubois,jon.dubois7134@example.com,Valencia,ES,35,2009-05-05,low
7136,Hugo,Cole,hugo.cole7135@example.com,Groningen,NL,15,2024-04-07,
7137,Zara,Fischer,zara.fischer7136@example.com,Auckland,NZ,40,2021-10-14,
7138,Maya,Ferreira,maya.ferreira7137@example.com,Galway,IE,2,2019-12-21,low
7139,Sara,Thorne,sara.thorne7138@example.com,Nantes,FR,32,2011-03-28,
7140,Idris,Haddad,idris.haddad7139@example.com,Leipzig,DE,33,2017-12-10,low
7141,Hugo,Adeyemi,hugo.adeyemi7140@example.com,Leipzig,DE,1,2023-02-11,
7142,Marta,Halloran,marta.halloran7141@example.com,Halifax,CA,2,2020-04-05,
7143,Tarek,Ellery,tarek.ellery7142@example.com,Dunedin,NZ,25,2017-11-22,
7144,Rosa,Roy,rosa.roy7143@example.com,Galway,IE,6,2016-08-06,low
7145,Maya,Frost,maya.frost7144@example.com,Cork,IE,33,2019-03-11,
7146,Sean,Tan,sean.tan7145@example.com,Columbus,US,21,2020-03-21,
7147,Sara,Hale,sara.hale7146@example.com,Austin,US,6,2023-07-19,
7148,Mateo,Castellanos,mateo.castellanos7147@example.com,Manchester,GB,37,2021-12-11,
7149,Viktor,Tan,viktor.tan7148@example.com,Groningen,NL,13,2014-03-16,low
7150,Alma,Wexler,alma.wexler7149@example.com,Nantes,FR,30,2015-10-02,
7151,Rosa,Achebe,rosa.achebe7150@example.com,Raleigh,US,1,2014-08-02,
7152,Esme,Baptiste,esme.baptiste7151@example.com,Halifax,CA,25,2018-10-19,high
7153,Sofia,Park,sofia.park7152@example.com,Porto,PT,32,2013-07-02,low
7154,Esme,Ueda,esme.ueda7153@example.com,Denver,US,33,2010-10-13,
7155,Kiran,Kaur,kiran.kaur7154@example.com,Bologna,IT,5,2009-08-15,
7156,Wren,Nyberg,wren.nyberg7155@example.com,Portland,US,35,2012-02-15,medium
7157,Idris,Hale,idris.hale7156@example.com,Bologna,IT,11,2024-07-19,
7158,Hugo,Zamora,hugo.zamora7157@example.com,Austin,US,21,2008-12-16,
7159,Lars,Petrov,lars.petrov7158@example.com,Tucson,US,2,2024-03-24,
7160,Rafael,Brennan,rafael.brennan7159@example.com,Manchester,GB,27,2010-06-14,medium
7161,Tom,Adeyemi,tom.adeyemi7160@example.com,Bristol,GB,30,2014-05-24,
7162,Jon,Baptiste,jon.baptiste7161@example.com,Bergen,NO,8,2023-12-17,
7163,Sofia,Vogt,sofia.vogt7162@example.com,Tampere,FI,3,2008-09-06,
7164,Solveig,Rossi,solveig.rossi7163@example.com,Leipzig,DE,21,2008-03-22,
7165,Pieter,Brennan,pieter.brennan7164@example.com,Nantes,FR,4,2016-03-16,
7166,Leila,Mwangi,leila.mwangi7165@example.com,Leipzig,DE,30,2022-01-07,
7167,Bruno,Dubois,bruno.dubois7166@example.com,Austin,US,7,2008-09-16,
7168,Lars,Delgado,lars.delgado7167@example.com,Freiburg,DE,15,2008-01-19,
7169,Malik,Kaur,malik.kaur7168@example.com,Galway,IE,28,2013-02-15,low
7170,Bruno,Cole,bruno.cole7169@example.com,Utrecht,NL,16,2009-10-05,
7171,Jon,Vogt,jon.vogt7170@example.com,Leipzig,DE,26,2021-07-02,
7172,Ravi,Wexler,ravi.wexler7171@example.com,Toronto,CA,15,2011-01-09,low
7173,Andres,Wexler,andres.wexler7172@example.com,Sheffield,GB,7,2019-10-28,
7174,Delphine,Ashworth,delphine.ashworth7173@example.com,Utrecht,NL,35,2020-07-14,
7175,Priya,Rahman,priya.rahman7174@example.com,Adelaide,AU,6,2010-01-06,
7176,Solveig,Nyberg,solveig.nyberg7175@example.com,Montpellier,FR,28,2013-05-12,
7177,Kofi,Bauer,kofi.bauer7176@example.com,Columbus,US,36,2022-01-24,
7178,Tobias,Silva,tobias.silva7177@example.com,Perth,AU,15,2019-12-09,low
7179,Ana,Bauer,ana.bauer7178@example.com,Tampere,FI,11,2023-01-17,
7180,Noel,Silva,noel.silva7179@example.com,Cork,IE,38,2014-01-09,low
7181,Sean,Marchetti,sean.marchetti7180@example.com,Nantes,FR,35,2023-01-10,
7182,Greta,Cole,greta.cole7181@example.com,Valencia,ES,11,2023-10-05,
7183,Omar,Rossi,omar.rossi7182@example.com,Bristol,GB,27,2017-09-12,
7184,Sean,Okafor,sean.okafor7183@example.com,Aarhus,DK,29,2013-08-15,
7185,Nell,Cole,nell.cole7184@example.com,Auckland,NZ,25,2020-07-15,low
7186,Claire,Cormack,claire.cormack7185@example.com,Toronto,CA,13,2019-04-15,low
7187,Jonas,Ueda,jonas.ueda7186@example.com,Portland,US,1,2023-04-06,medium
7188,Sara,Quinn,sara.quinn7187@example.com,Montpellier,FR,5,2013-11-24,medium
7189,Kiran,Frost,kiran.frost7188@example.com,Auckland,NZ,15,2024-05-21,
7190,Josefina,Bergstrom,josefina.bergstrom7189@example.com,Hobart,AU,37,2017-04-25,medium
7191,Rafael,Abbott,rafael.abbott7190@example.com,Tampere,FI,11,2013-12-08,low
7192,Zara,Thorne,zara.thorne7191@example.com,Freiburg,DE,38,2025-05-03,
7193,Iris,Mensah,iris.mensah7192@example.com,Norwich,GB,10,2019-06-07,
7194,Sara,Ricci,sara.ricci7193@example.com,Bergen,NO,28,2016-05-05,
7195,Idris,Delgado,idris.delgado7194@example.com,Valencia,ES,7,2020-11-23,
7196,Camille,Nair,camille.nair7195@example.com,Bologna,IT,24,2014-12-24,
7197,Lena,Kirby,lena.kirby7196@example.com,Nantes,FR,21,2025-09-27,
7198,Tarek,Park,tarek.park7197@example.com,Columbus,US,34,2014-12-04,
7199,Kiran,Nair,kiran.nair7198@example.com,Uppsala,SE,22,2024-06-23,
7200,Bianca,Mwangi,bianca.mwangi7199@example.com,Bristol,GB,37,2018-07-04,
7201,Idris,Vance,idris.vance7200@example.com,Freiburg,DE,24,2011-01-25,
7202,Tobias,Brennan,tobias.brennan7201@example.com,Tucson,US,38,2019-11-17,medium
7203,Arjun,Wexler,arjun.wexler7202@example.com,Montpellier,FR,10,2019-03-05,low
7204,Mateo,Fischer,mateo.fischer7203@example.com,Auckland,NZ,29,2021-04-08,
7205,Raj,Ellery,raj.ellery7204@example.com,Columbus,US,31,2013-07-07,
7206,Kwame,Reed,kwame.reed7205@example.com,Denver,US,28,2012-04-12,
7207,Jonas,Ellery,jonas.ellery7206@example.com,Freiburg,DE,26,2008-05-24,low
7208,Viktor,Cormack,viktor.cormack7207@example.com,Leipzig,DE,5,2009-08-28,
7209,Zara,Brennan,zara.brennan7208@example.com,Norwich,GB,34,2020-07-12,
7210,Felix,Ibrahim,felix.ibrahim7209@example.com,Ljubljana,SI,23,2025-10-13,
7211,Nadia,Bauer,nadia.bauer7210@example.com,Manchester,GB,40,2021-11-18,low
7212,Zara,Silva,zara.silva7211@example.com,Adelaide,AU,33,2025-09-18,
7213,Anton,Okafor,anton.okafor7212@example.com,Cork,IE,6,2022-07-18,
7214,Iris,Baptiste,iris.baptiste7213@example.com,Austin,US,27,2023-07-03,
7215,Lena,Dubois,lena.dubois7214@example.com,Bergen,NO,36,2022-06-24,
7216,Andres,Dubois,andres.dubois7215@example.com,Dunedin,NZ,6,2016-06-05,
7217,Pieter,Mwangi,pieter.mwangi7216@example.com,Leipzig,DE,12,2019-01-14,
7218,Alma,Nyberg,alma.nyberg7217@example.com,Portland,US,19,2024-11-06,medium
7219,Nadia,Nair,nadia.nair7218@example.com,Utrecht,NL,9,2021-11-27,high
7220,Kwame,Novak,kwame.novak7219@example.com,Freiburg,DE,3,2022-07-11,medium
7221,Delphine,Park,delphine.park7220@example.com,Denver,US,38,2008-04-21,
7222,Bruno,Tan,bruno.tan7221@example.com,Sheffield,GB,6,2024-08-04,
7223,Ingrid,Castellanos,ingrid.castellanos7222@example.com,Manchester,GB,31,2019-09-10,low
7224,Ingrid,Marchetti,ingrid.marchetti7223@example.com,Columbus,US,27,2008-02-13,
7225,Greta,Ferreira,greta.ferreira7224@example.com,Manchester,GB,17,2008-09-26,
7226,Ravi,Larsen,ravi.larsen7225@example.com,Valencia,ES,33,2010-04-12,low
7227,Hana,Ricci,hana.ricci7226@example.com,Leipzig,DE,8,2009-12-21,low
7228,Eli,Beaumont,eli.beaumont7227@example.com,Nantes,FR,2,2016-08-23,
7229,Hugo,Rahman,hugo.rahman7228@example.com,Adelaide,AU,24,2017-02-14,
7230,Bruno,Thorne,bruno.thorne7229@example.com,Montpellier,FR,29,2011-09-19,
7231,Arjun,Nakamura,arjun.nakamura7230@example.com,Montpellier,FR,40,2020-09-07,low
7232,Tarek,Roy,tarek.roy7231@example.com,Leipzig,DE,12,2023-02-15,
7233,Bianca,Nyberg,bianca.nyberg7232@example.com,Norwich,GB,30,2012-08-27,medium
7234,Kwame,Haddad,kwame.haddad7233@example.com,Perth,AU,11,2017-06-13,low
7235,Camille,Ellery,camille.ellery7234@example.com,Utrecht,NL,25,2011-10-21,
7236,Leila,Baptiste,leila.baptiste7235@example.com,Norwich,GB,11,2015-12-16,
7237,Dmitri,Roy,dmitri.roy7236@example.com,Ljubljana,SI,22,2009-07-01,low
7238,Tarek,Fischer,tarek.fischer7237@example.com,Bergen,NO,27,2017-01-01,
7239,Malik,Park,malik.park7238@example.com,Norwich,GB,16,2017-01-08,
7240,Solveig,Vogt,solveig.vogt7239@example.com,Columbus,US,20,2016-04-17,
7241,Tarek,Marchetti,tarek.marchetti7240@example.com,Valencia,ES,17,2025-01-09,
7242,Dmitri,Ricci,dmitri.ricci7241@example.com,Porto,PT,25,2009-12-11,
7243,Nell,Mwangi,nell.mwangi7242@example.com,Cork,IE,35,2009-07-06,
7244,Iris,Brennan,iris.brennan7243@example.com,Tampere,FI,16,2011-12-02,low
7245,Iris,Ricci,iris.ricci7244@example.com,Tucson,US,2,2023-07-04,
7246,Bruno,Ueda,bruno.ueda7245@example.com,Cork,IE,35,2015-02-23,
7247,Sara,Ferreira,sara.ferreira7246@example.com,Toronto,CA,11,2016-11-02,
7248,Malik,Solberg,malik.solberg7247@example.com,Halifax,CA,6,2025-09-11,
7249,Anton,Renard,anton.renard7248@example.com,Toronto,CA,3,2015-11-23,
7250,Felix,Hale,felix.hale7249@example.com,Valencia,ES,1,2010-12-22,
7251,Tobias,Ellery,tobias.ellery7250@example.com,Nantes,FR,34,2020-12-02,
7252,Claire,Vance,claire.vance7251@example.com,Galway,IE,29,2023-09-17,
7253,Lena,Ricci,lena.ricci7252@example.com,Perth,AU,27,2013-11-05,
7254,Felix,Sorensen,felix.sorensen7253@example.com,Auckland,NZ,19,2008-08-06,
7255,Sean,Beaumont,sean.beaumont7254@example.com,Bologna,IT,27,2010-01-03,
7256,Claire,Petrov,claire.petrov7255@example.com,Manchester,GB,26,2012-11-22,
7257,Tarek,Dubois,tarek.dubois7256@example.com,Raleigh,US,25,2021-03-10,
7258,Delphine,Iqbal,delphine.iqbal7257@example.com,Austin,US,32,2015-01-03,medium
7259,Sofia,Baptiste,sofia.baptiste7258@example.com,Perth,AU,14,2025-10-04,
7260,Idris,Adeyemi,idris.adeyemi7259@example.com,Denver,US,22,2021-10-26,high
7261,Tobias,Kowalski,tobias.kowalski7260@example.com,Nantes,FR,25,2024-06-09,
7262,Nadia,Marchetti,nadia.marchetti7261@example.com,Tampere,FI,36,2017-09-23,
7263,Rosa,Ashworth,rosa.ashworth7262@example.com,Raleigh,US,1,2024-01-28,
7264,Kofi,Silva,kofi.silva7263@example.com,Raleigh,US,25,2019-08-18,medium
7265,Viktor,Novak,viktor.novak7264@example.com,Portland,US,1,2019-03-02,low
7266,Sara,Ferreira,sara.ferreira7265@example.com,Bristol,GB,5,2014-11-07,medium
7267,Leila,Roy,leila.roy7266@example.com,Austin,US,36,2020-12-03,medium
7268,Raj,Wexler,raj.wexler7267@example.com,Perth,AU,38,2020-06-17,
7269,Noel,Ferreira,noel.ferreira7268@example.com,Toronto,CA,14,2014-10-04,medium
7270,Felix,Solberg,felix.solberg7269@example.com,Portland,US,22,2016-07-05,
7271,Delphine,Moreau,delphine.moreau7270@example.com,Toronto,CA,21,2011-01-03,
7272,Tomas,Abbott,tomas.abbott7271@example.com,Tucson,US,26,2011-04-07,
7273,Kwame,Beaumont,kwame.beaumont7272@example.com,Tampere,FI,30,2017-03-12,
7274,Mateo,Achebe,mateo.achebe7273@example.com,Freiburg,DE,2,2016-06-10,
7275,Claire,Achebe,claire.achebe7274@example.com,Bologna,IT,19,2013-11-25,
7276,Lena,Bauer,lena.bauer7275@example.com,Adelaide,AU,39,2022-02-08,
7277,Omar,Ibrahim,omar.ibrahim7276@example.com,Perth,AU,20,2013-08-07,
7278,Omar,Quinn,omar.quinn7277@example.com,Aarhus,DK,10,2021-08-07,low
7279,Arjun,Voss,arjun.voss7278@example.com,Valencia,ES,10,2021-05-26,
7280,Ben,Nyberg,ben.nyberg7279@example.com,Victoria,CA,16,2017-03-14,
7281,Emeka,Renard,emeka.renard7280@example.com,Austin,US,13,2008-03-11,
7282,Yuki,Ellery,yuki.ellery7281@example.com,Auckland,NZ,16,2008-03-22,
7283,Wren,Larsen,wren.larsen7282@example.com,Columbus,US,10,2025-07-13,
7284,Ana,Cole,ana.cole7283@example.com,Adelaide,AU,34,2020-04-02,
7285,Signe,Delgado,signe.delgado7284@example.com,Utrecht,NL,1,2017-07-25,
7286,Kiran,Zamora,kiran.zamora7285@example.com,Raleigh,US,35,2019-04-13,
7287,Jon,Shah,jon.shah7286@example.com,Austin,US,9,2010-11-25,
7288,Kiran,Bauer,kiran.bauer7287@example.com,Sheffield,GB,37,2018-06-13,low
7289,Kwame,Ashworth,kwame.ashworth7288@example.com,Ljubljana,SI,26,2012-02-11,low
7290,Wren,Kirby,wren.kirby7289@example.com,Cork,IE,4,2022-10-07,
7291,Felix,Adeyemi,felix.adeyemi7290@example.com,Portland,US,10,2022-02-13,
7292,Kwame,Okafor,kwame.okafor7291@example.com,Victoria,CA,23,2021-04-08,low
7293,Arjun,Cole,arjun.cole7292@example.com,Tucson,US,34,2015-02-03,
7294,Viktor,Moreau,viktor.moreau7293@example.com,Auckland,NZ,19,2012-01-10,
7295,Kiran,Osei,kiran.osei7294@example.com,Utrecht,NL,5,2024-12-22,
7296,Signe,Tan,signe.tan7295@example.com,Aarhus,DK,34,2020-03-09,
7297,Rosa,Lund,rosa.lund7296@example.com,Leipzig,DE,20,2024-05-06,
7298,Aoife,Shah,aoife.shah7297@example.com,Tampere,FI,12,2017-08-17,
7299,Emeka,Thorne,emeka.thorne7298@example.com,Sheffield,GB,20,2010-10-10,
7300,Camille,Ellery,camille.ellery7299@example.com,Norwich,GB,8,2016-06-16,low
7301,Yuki,Roy,yuki.roy7300@example.com,Bologna,IT,8,2017-09-22,
7302,Tobias,Bauer,tobias.bauer7301@example.com,Freiburg,DE,28,2017-10-28,
7303,Omar,Vogt,omar.vogt7302@example.com,Toronto,CA,5,2025-01-24,medium
7304,Nora,Rahman,nora.rahman7303@example.com,Freiburg,DE,30,2025-03-17,low
7305,Sofia,Diaz,sofia.diaz7304@example.com,Bristol,GB,31,2015-02-21,low
7306,Sean,Bauer,sean.bauer7305@example.com,Dunedin,NZ,22,2023-06-11,
7307,Kwame,Ashworth,kwame.ashworth7306@example.com,Raleigh,US,24,2015-04-22,
7308,Omar,Delgado,omar.delgado7307@example.com,Leipzig,DE,11,2016-09-19,low
7309,Arjun,Adeyemi,arjun.adeyemi7308@example.com,Bologna,IT,33,2018-03-22,
7310,Tobias,Park,tobias.park7309@example.com,Perth,AU,37,2009-03-08,
7311,Omar,Sorensen,omar.sorensen7310@example.com,Manchester,GB,25,2023-12-24,low
7312,Bruno,Kowalski,bruno.kowalski7311@example.com,Raleigh,US,30,2012-01-07,
7313,Arjun,Ibrahim,arjun.ibrahim7312@example.com,Leipzig,DE,34,2016-01-10,
7314,Pieter,Marchetti,pieter.marchetti7313@example.com,Nantes,FR,22,2015-12-01,
7315,Idris,Beaumont,idris.beaumont7314@example.com,Porto,PT,37,2020-09-02,low
7316,Nadia,Renard,nadia.renard7315@example.com,Valencia,ES,13,2013-10-04,
7317,Viktor,Okafor,viktor.okafor7316@example.com,Toronto,CA,16,2024-04-22,low
7318,Greta,Iqbal,greta.iqbal7317@example.com,Denver,US,21,2016-11-20,
7319,Delphine,Fischer,delphine.fischer7318@example.com,Sheffield,GB,30,2017-10-05,
7320,Anton,Achebe,anton.achebe7319@example.com,Tucson,US,21,2018-06-01,
7321,Zara,Rossi,zara.rossi7320@example.com,Toronto,CA,35,2021-05-12,
7322,Sofia,Bauer,sofia.bauer7321@example.com,Dunedin,NZ,23,2017-06-21,low
7323,Yuki,Bauer,yuki.bauer7322@example.com,Tucson,US,27,2010-05-11,
7324,Wren,Sandoval,wren.sandoval7323@example.com,Adelaide,AU,35,2013-02-05,
7325,Leila,Beaumont,leila.beaumont7324@example.com,Sheffield,GB,19,2012-11-03,
7326,Lena,Lindqvist,lena.lindqvist7325@example.com,Raleigh,US,9,2022-11-15,
7327,Solveig,Bauer,solveig.bauer7326@example.com,Manchester,GB,25,2009-12-18,
7328,Ana,Silva,ana.silva7327@example.com,Austin,US,4,2019-10-08,
7329,Ravi,Delgado,ravi.delgado7328@example.com,Groningen,NL,26,2017-12-22,
7330,Tobias,Nyberg,tobias.nyberg7329@example.com,Aarhus,DK,17,2021-06-14,high
7331,Samir,Tan,samir.tan7330@example.com,Perth,AU,24,2020-06-18,low
7332,Nora,Adeyemi,nora.adeyemi7331@example.com,Norwich,GB,14,2009-03-19,
7333,Marta,Bauer,marta.bauer7332@example.com,Ljubljana,SI,29,2021-12-05,
7334,Nell,Halloran,nell.halloran7333@example.com,Porto,PT,25,2022-09-11,
7335,Josefina,Petrov,josefina.petrov7334@example.com,Cork,IE,33,2022-02-18,
7336,Elena,Abbott,elena.abbott7335@example.com,Hobart,AU,36,2016-06-18,
7337,Jon,Petrov,jon.petrov7336@example.com,Portland,US,4,2020-10-28,
7338,Tomas,Ferreira,tomas.ferreira7337@example.com,Sheffield,GB,10,2014-09-04,medium
7339,Tomas,Park,tomas.park7338@example.com,Utrecht,NL,6,2008-09-12,
7340,Sean,Farrow,sean.farrow7339@example.com,Porto,PT,38,2017-11-19,low
7341,Claire,Ibrahim,claire.ibrahim7340@example.com,Bristol,GB,26,2011-10-12,
7342,Alma,Voss,alma.voss7341@example.com,Auckland,NZ,31,2024-05-04,
7343,Omar,Halloran,omar.halloran7342@example.com,Nantes,FR,13,2017-07-05,
7344,Signe,Petrov,signe.petrov7343@example.com,Porto,PT,8,2010-06-16,
7345,Felix,Renard,felix.renard7344@example.com,Tucson,US,25,2017-03-05,medium
7346,Dmitri,Quinn,dmitri.quinn7345@example.com,Leipzig,DE,38,2020-08-27,
7347,Lars,Ibrahim,lars.ibrahim7346@example.com,Uppsala,SE,32,2021-07-28,
7348,Fatima,Sandoval,fatima.sandoval7347@example.com,Freiburg,DE,1,2010-05-25,
7349,Ana,Delgado,ana.delgado7348@example.com,Hobart,AU,5,2025-07-09,
7350,Pieter,Bauer,pieter.bauer7349@example.com,Perth,AU,15,2008-09-17,
7351,Tobias,Ferreira,tobias.ferreira7350@example.com,Auckland,NZ,8,2012-10-23,
7352,Felix,Sorensen,felix.sorensen7351@example.com,Bologna,IT,40,2008-03-18,
7353,Samir,Solberg,samir.solberg7352@example.com,Utrecht,NL,27,2018-04-03,
7354,Lena,Nakamura,lena.nakamura7353@example.com,Utrecht,NL,5,2024-12-23,
7355,Ingrid,Lund,ingrid.lund7354@example.com,Adelaide,AU,16,2017-05-26,low
7356,Emeka,Adeyemi,emeka.adeyemi7355@example.com,Utrecht,NL,7,2017-10-11,
7357,Samir,Vance,samir.vance7356@example.com,Bergen,NO,22,2022-05-09,
7358,Lena,Solberg,lena.solberg7357@example.com,Bergen,NO,28,2008-02-04,
7359,Tomas,Hale,tomas.hale7358@example.com,Nantes,FR,8,2021-05-25,
7360,Arjun,Ueda,arjun.ueda7359@example.com,Perth,AU,22,2008-12-25,
7361,Ciara,Achebe,ciara.achebe7360@example.com,Perth,AU,25,2015-04-20,
7362,Bruno,Petrov,bruno.petrov7361@example.com,Toronto,CA,23,2008-03-07,
7363,Zara,Ricci,zara.ricci7362@example.com,Manchester,GB,27,2025-05-10,
7364,Pieter,Ricci,pieter.ricci7363@example.com,Uppsala,SE,8,2013-12-07,
7365,Elena,Vance,elena.vance7364@example.com,Sheffield,GB,6,2024-04-04,
7366,Ciara,Lund,ciara.lund7365@example.com,Freiburg,DE,14,2015-10-26,
7367,Alma,Adeyemi,alma.adeyemi7366@example.com,Leipzig,DE,38,2014-03-19,medium
7368,Idris,Zamora,idris.zamora7367@example.com,Sheffield,GB,20,2014-08-19,low
7369,Leila,Hale,leila.hale7368@example.com,Tampere,FI,20,2008-07-20,
7370,Maya,Ueda,maya.ueda7369@example.com,Montpellier,FR,36,2011-08-03,
7371,Josefina,Sandoval,josefina.sandoval7370@example.com,Bergen,NO,6,2020-09-24,
7372,Eli,Osei,eli.osei7371@example.com,Freiburg,DE,8,2008-08-13,low
7373,Aoife,Dubois,aoife.dubois7372@example.com,Toronto,CA,37,2018-01-05,
7374,Josefina,Mwangi,josefina.mwangi7373@example.com,Norwich,GB,39,2017-04-01,medium
7375,Sara,Cormack,sara.cormack7374@example.com,Tampere,FI,31,2022-01-27,low
7376,Iris,Quinn,iris.quinn7375@example.com,Montpellier,FR,37,2019-11-06,
7377,Jon,Nair,jon.nair7376@example.com,Toronto,CA,9,2020-08-24,
7378,Ciara,Kowalski,ciara.kowalski7377@example.com,Halifax,CA,13,2013-09-12,
7379,Aoife,Castellanos,aoife.castellanos7378@example.com,Cork,IE,33,2009-12-16,
7380,Ben,Ueda,ben.ueda7379@example.com,Dunedin,NZ,38,2016-12-19,
7381,Emeka,Bauer,emeka.bauer7380@example.com,Uppsala,SE,40,2015-09-19,
7382,Bianca,Brennan,bianca.brennan7381@example.com,Victoria,CA,16,2020-11-13,
7383,Jonas,Rahman,jonas.rahman7382@example.com,Nantes,FR,34,2017-10-12,
7384,Elena,Vogt,elena.vogt7383@example.com,Valencia,ES,27,2015-08-09,
7385,Bruno,Tan,bruno.tan7384@example.com,Cork,IE,13,2019-03-09,low
7386,Idris,Farrow,idris.farrow7385@example.com,Porto,PT,15,2009-10-19,
7387,Raj,Thorne,raj.thorne7386@example.com,Manchester,GB,36,2016-07-26,
7388,Josefina,Nakamura,josefina.nakamura7387@example.com,Portland,US,7,2022-06-25,
7389,Samir,Delgado,samir.delgado7388@example.com,Sheffield,GB,21,2019-02-26,
7390,Samir,Whitfield,samir.whitfield7389@example.com,Dunedin,NZ,11,2024-08-01,
7391,Priya,Kowalski,priya.kowalski7390@example.com,Leipzig,DE,12,2017-01-06,
7392,Signe,Adeyemi,signe.adeyemi7391@example.com,Austin,US,2,2008-09-03,
7393,Nell,Kirby,nell.kirby7392@example.com,Norwich,GB,6,2015-10-03,
7394,Nora,Vogt,nora.vogt7393@example.com,Galway,IE,10,2017-06-06,
7395,Priya,Adeyemi,priya.adeyemi7394@example.com,Toronto,CA,36,2018-04-23,low
7396,Raj,Whitfield,raj.whitfield7395@example.com,Sheffield,GB,12,2022-02-20,
7397,Tobias,Halloran,tobias.halloran7396@example.com,Groningen,NL,20,2010-12-14,
7398,Leila,Sorensen,leila.sorensen7397@example.com,Toronto,CA,33,2012-02-25,
7399,Tom,Moreau,tom.moreau7398@example.com,Sheffield,GB,5,2020-10-24,
7400,Delphine,Solberg,delphine.solberg7399@example.com,Sheffield,GB,24,2023-06-10,
7401,Mateo,Halloran,mateo.halloran7400@example.com,Utrecht,NL,40,2012-07-09,
7402,Hugo,Beaumont,hugo.beaumont7401@example.com,Austin,US,38,2021-01-06,low
7403,Fatima,Iqbal,fatima.iqbal7402@example.com,Norwich,GB,1,2016-08-21,medium
7404,Tomas,Mensah,tomas.mensah7403@example.com,Bologna,IT,33,2013-07-25,
7405,Ben,Fischer,ben.fischer7404@example.com,Bergen,NO,22,2012-11-08,
7406,Ciara,Okafor,ciara.okafor7405@example.com,Denver,US,37,2025-04-06,
7407,Elena,Tan,elena.tan7406@example.com,Hobart,AU,7,2017-02-16,
7408,Fatima,Osei,fatima.osei7407@example.com,Freiburg,DE,22,2025-09-05,
7409,Pieter,Ferreira,pieter.ferreira7408@example.com,Manchester,GB,11,2015-02-09,
7410,Esme,Ricci,esme.ricci7409@example.com,Montpellier,FR,26,2009-02-10,
7411,Mateo,Bergstrom,mateo.bergstrom7410@example.com,Bologna,IT,15,2014-01-10,
7412,Viktor,Sorensen,viktor.sorensen7411@example.com,Uppsala,SE,37,2022-09-02,
7413,Eli,Castellanos,eli.castellanos7412@example.com,Perth,AU,7,2009-06-28,
7414,Pieter,Osei,pieter.osei7413@example.com,Victoria,CA,8,2022-09-16,medium
7415,Malik,Kaur,malik.kaur7414@example.com,Auckland,NZ,24,2014-02-17,
7416,Omar,Mensah,omar.mensah7415@example.com,Tucson,US,27,2018-10-20,
7417,Nadia,Sorensen,nadia.sorensen7416@example.com,Leipzig,DE,8,2020-11-23,
7418,Wren,Ellery,wren.ellery7417@example.com,Portland,US,33,2017-07-19,
7419,Anton,Silva,anton.silva7418@example.com,Norwich,GB,16,2021-02-28,
7420,Jonas,Mensah,jonas.mensah7419@example.com,Dunedin,NZ,12,2013-12-02,
7421,Andres,Osei,andres.osei7420@example.com,Leipzig,DE,4,2016-12-08,low
7422,Iris,Cormack,iris.cormack7421@example.com,Cork,IE,37,2020-06-11,
7423,Alma,Osei,alma.osei7422@example.com,Austin,US,4,2014-11-28,
7424,Camille,Achebe,camille.achebe7423@example.com,Bergen,NO,20,2016-10-13,
7425,Nell,Zamora,nell.zamora7424@example.com,Toronto,CA,34,2022-02-14,
7426,Signe,Ibrahim,signe.ibrahim7425@example.com,Portland,US,9,2023-01-02,
7427,Nell,Whitfield,nell.whitfield7426@example.com,Halifax,CA,28,2022-02-14,low
7428,Hugo,Dubois,hugo.dubois7427@example.com,Halifax,CA,15,2025-12-01,
7429,Maya,Sorensen,maya.sorensen7428@example.com,Manchester,GB,39,2010-05-02,medium
7430,Anton,Iqbal,anton.iqbal7429@example.com,Adelaide,AU,38,2020-01-20,
7431,Nell,Ricci,nell.ricci7430@example.com,Bristol,GB,17,2014-03-15,medium
7432,Ravi,Okafor,ravi.okafor7431@example.com,Victoria,CA,14,2010-06-28,
7433,Camille,Sorensen,camille.sorensen7432@example.com,Bergen,NO,33,2011-04-12,
7434,Signe,Halloran,signe.halloran7433@example.com,Cork,IE,11,2015-10-20,low
7435,Ingrid,Tan,ingrid.tan7434@example.com,Portland,US,21,2024-01-20,
7436,Wren,Larsen,wren.larsen7435@example.com,Porto,PT,39,2017-08-05,
7437,Kofi,Delgado,kofi.delgado7436@example.com,Montpellier,FR,16,2021-09-21,
7438,Pieter,Ueda,pieter.ueda7437@example.com,Adelaide,AU,27,2021-10-17,low
7439,Tom,Ueda,tom.ueda7438@example.com,Valencia,ES,21,2019-01-06,
7440,Felix,Quinn,felix.quinn7439@example.com,Norwich,GB,25,2022-09-22,medium
7441,Andres,Haddad,andres.haddad7440@example.com,Norwich,GB,4,2012-01-02,
7442,Maya,Vance,maya.vance7441@example.com,Dunedin,NZ,18,2023-11-26,low
7443,Jonas,Osei,jonas.osei7442@example.com,Halifax,CA,3,2023-09-25,medium
7444,Esme,Rahman,esme.rahman7443@example.com,Bristol,GB,11,2018-04-18,
7445,Ciara,Quinn,ciara.quinn7444@example.com,Bristol,GB,38,2020-06-13,
7446,Josefina,Ellery,josefina.ellery7445@example.com,Bristol,GB,20,2020-06-28,
7447,Rafael,Lund,rafael.lund7446@example.com,Toronto,CA,26,2011-11-13,
7448,Ravi,Ellery,ravi.ellery7447@example.com,Austin,US,36,2016-01-20,
7449,Nora,Reed,nora.reed7448@example.com,Tucson,US,22,2024-06-28,
7450,Felix,Whitfield,felix.whitfield7449@example.com,Leipzig,DE,29,2021-04-22,
7451,Ben,Ellery,ben.ellery7450@example.com,Aarhus,DK,30,2018-12-26,
7452,Lena,Rahman,lena.rahman7451@example.com,Utrecht,NL,37,2009-11-25,low
7453,Rosa,Fischer,rosa.fischer7452@example.com,Victoria,CA,7,2017-08-07,
7454,Sean,Delgado,sean.delgado7453@example.com,Hobart,AU,39,2017-05-03,
7455,Malik,Farrow,malik.farrow7454@example.com,Cork,IE,12,2021-02-20,
7456,Ingrid,Vance,ingrid.vance7455@example.com,Hobart,AU,15,2009-08-10,
7457,Lena,Haddad,lena.haddad7456@example.com,Leipzig,DE,26,2011-06-13,medium
7458,Amara,Sandoval,amara.sandoval7457@example.com,Montpellier,FR,13,2019-12-09,
7459,Ravi,Vance,ravi.vance7458@example.com,Porto,PT,22,2021-06-16,
7460,Wren,Kaur,wren.kaur7459@example.com,Galway,IE,25,2024-09-10,low
7461,Camille,Okafor,camille.okafor7460@example.com,Uppsala,SE,30,2017-12-13,
7462,Fatima,Osei,fatima.osei7461@example.com,Aarhus,DK,18,2014-05-16,
7463,Noel,Farrow,noel.farrow7462@example.com,Cork,IE,18,2011-08-03,
7464,Ana,Kaur,ana.kaur7463@example.com,Valencia,ES,4,2009-02-08,
7465,Pieter,Beaumont,pieter.beaumont7464@example.com,Hobart,AU,7,2009-05-21,
7466,Hugo,Adeyemi,hugo.adeyemi7465@example.com,Galway,IE,34,2022-11-14,
7467,Elena,Vance,elena.vance7466@example.com,Norwich,GB,19,2015-05-10,
7468,Ben,Shah,ben.shah7467@example.com,Auckland,NZ,1,2020-11-24,
7469,Greta,Kirby,greta.kirby7468@example.com,Raleigh,US,34,2024-09-22,
7470,Solveig,Novak,solveig.novak7469@example.com,Austin,US,40,2020-01-10,medium
7471,Nadia,Mwangi,nadia.mwangi7470@example.com,Auckland,NZ,39,2023-01-28,
7472,Jon,Ashworth,jon.ashworth7471@example.com,Toronto,CA,19,2010-01-01,
7473,Sofia,Nakamura,sofia.nakamura7472@example.com,Austin,US,13,2009-04-13,
7474,Solveig,Lindqvist,solveig.lindqvist7473@example.com,Bergen,NO,24,2024-03-27,medium
7475,Ingrid,Solberg,ingrid.solberg7474@example.com,Sheffield,GB,21,2024-11-25,
7476,Alma,Halloran,alma.halloran7475@example.com,Nantes,FR,14,2024-11-14,
7477,Eli,Delgado,eli.delgado7476@example.com,Norwich,GB,29,2018-09-11,medium
7478,Arjun,Lund,arjun.lund7477@example.com,Toronto,CA,17,2008-12-14,
7479,Eli,Sandoval,eli.sandoval7478@example.com,Dunedin,NZ,31,2018-07-22,low
7480,Ravi,Wexler,ravi.wexler7479@example.com,Halifax,CA,1,2013-01-07,
7481,Anton,Hale,anton.hale7480@example.com,Sheffield,GB,4,2011-10-02,
7482,Rafael,Ferreira,rafael.ferreira7481@example.com,Portland,US,12,2011-04-03,
7483,Wren,Nakamura,wren.nakamura7482@example.com,Aarhus,DK,12,2017-10-13,low
7484,Ben,Iqbal,ben.iqbal7483@example.com,Nantes,FR,37,2020-06-03,
7485,Nadia,Vance,nadia.vance7484@example.com,Adelaide,AU,4,2020-02-15,
7486,Noel,Larsen,noel.larsen7485@example.com,Perth,AU,25,2015-12-02,
7487,Priya,Marchetti,priya.marchetti7486@example.com,Austin,US,9,2009-05-05,medium
7488,Ben,Haddad,ben.haddad7487@example.com,Bristol,GB,37,2022-08-07,
7489,Hugo,Vance,hugo.vance7488@example.com,Groningen,NL,31,2015-09-09,
7490,Sara,Kirby,sara.kirby7489@example.com,Manchester,GB,9,2008-09-23,
7491,Viktor,Moreau,viktor.moreau7490@example.com,Uppsala,SE,9,2012-06-15,
7492,Ravi,Iqbal,ravi.iqbal7491@example.com,Bergen,NO,6,2015-09-08,
7493,Alma,Shah,alma.shah7492@example.com,Norwich,GB,30,2019-07-15,low
7494,Ingrid,Hale,ingrid.hale7493@example.com,Groningen,NL,15,2019-10-14,medium
7495,Kofi,Ellery,kofi.ellery7494@example.com,Norwich,GB,27,2018-02-12,
7496,Yuki,Zamora,yuki.zamora7495@example.com,Bristol,GB,10,2008-07-10,
7497,Anton,Marchetti,anton.marchetti7496@example.com,Auckland,NZ,20,2015-02-01,
7498,Ravi,Castellanos,ravi.castellanos7497@example.com,Dunedin,NZ,4,2023-11-02,
7499,Solveig,Hale,solveig.hale7498@example.com,Adelaide,AU,23,2011-08-26,
7500,Emeka,Silva,emeka.silva7499@example.com,Cork,IE,22,2010-04-15,
7501,Felix,Whitfield,felix.whitfield7500@example.com,Montpellier,FR,28,2020-10-19,
7502,Samir,Ricci,samir.ricci7501@example.com,Valencia,ES,38,2016-02-07,
7503,Tarek,Delgado,tarek.delgado7502@example.com,Leipzig,DE,16,2019-06-12,
7504,Andres,Halloran,andres.halloran7503@example.com,Leipzig,DE,28,2021-05-28,
7505,Malik,Reed,malik.reed7504@example.com,Austin,US,34,2020-07-19,
7506,Malik,Nair,malik.nair7505@example.com,Uppsala,SE,36,2021-10-07,
7507,Ravi,Halloran,ravi.halloran7506@example.com,Uppsala,SE,33,2021-11-14,
7508,Noel,Reed,noel.reed7507@example.com,Hobart,AU,30,2016-11-12,
7509,Leila,Bauer,leila.bauer7508@example.com,Montpellier,FR,35,2008-12-11,
7510,Kwame,Cormack,kwame.cormack7509@example.com,Adelaide,AU,1,2025-04-01,low
7511,Greta,Lund,greta.lund7510@example.com,Freiburg,DE,33,2008-09-19,
7512,Nell,Sandoval,nell.sandoval7511@example.com,Columbus,US,25,2024-07-14,medium
7513,Amara,Kirby,amara.kirby7512@example.com,Denver,US,16,2022-10-07,low
7514,Rafael,Mensah,rafael.mensah7513@example.com,Bologna,IT,7,2020-08-17,
7515,Marta,Nyberg,marta.nyberg7514@example.com,Dunedin,NZ,37,2012-04-09,low
7516,Tarek,Dubois,tarek.dubois7515@example.com,Raleigh,US,11,2013-02-17,low
7517,Solveig,Brennan,solveig.brennan7516@example.com,Montpellier,FR,24,2018-05-19,
7518,Jon,Abbott,jon.abbott7517@example.com,Manchester,GB,15,2024-04-24,
7519,Bruno,Kirby,bruno.kirby7518@example.com,Uppsala,SE,33,2019-12-06,medium
7520,Tom,Solberg,tom.solberg7519@example.com,Leipzig,DE,33,2012-10-12,low
7521,Tarek,Sorensen,tarek.sorensen7520@example.com,Manchester,GB,19,2009-01-22,medium
7522,Ana,Ellery,ana.ellery7521@example.com,Denver,US,23,2021-02-19,
7523,Nell,Nakamura,nell.nakamura7522@example.com,Aarhus,DK,38,2022-05-07,
7524,Tobias,Adeyemi,tobias.adeyemi7523@example.com,Toronto,CA,34,2024-09-12,
7525,Priya,Halloran,priya.halloran7524@example.com,Halifax,CA,23,2008-07-08,high
7526,Rafael,Solberg,rafael.solberg7525@example.com,Utrecht,NL,30,2016-02-27,
7527,Maya,Haddad,maya.haddad7526@example.com,Ljubljana,SI,13,2022-08-18,medium
7528,Sofia,Lindqvist,sofia.lindqvist7527@example.com,Halifax,CA,22,2023-09-01,high
7529,Amara,Castellanos,amara.castellanos7528@example.com,Manchester,GB,36,2025-06-14,
7530,Dmitri,Marchetti,dmitri.marchetti7529@example.com,Valencia,ES,26,2021-12-03,
7531,Nadia,Zamora,nadia.zamora7530@example.com,Montpellier,FR,3,2021-01-26,
7532,Raj,Adeyemi,raj.adeyemi7531@example.com,Toronto,CA,1,2023-05-05,
7533,Felix,Tan,felix.tan7532@example.com,Sheffield,GB,18,2014-04-14,
7534,Tomas,Petrov,tomas.petrov7533@example.com,Valencia,ES,27,2017-09-14,
7535,Ana,Sorensen,ana.sorensen7534@example.com,Austin,US,11,2020-01-01,
7536,Kwame,Park,kwame.park7535@example.com,Montpellier,FR,8,2010-05-20,
7537,Dmitri,Tan,dmitri.tan7536@example.com,Cork,IE,40,2019-06-13,medium
7538,Ben,Brennan,ben.brennan7537@example.com,Ljubljana,SI,19,2017-01-21,low
7539,Arjun,Wexler,arjun.wexler7538@example.com,Leipzig,DE,12,2025-03-10,
7540,Pieter,Kirby,pieter.kirby7539@example.com,Nantes,FR,38,2011-10-13,
7541,Sofia,Sorensen,sofia.sorensen7540@example.com,Tampere,FI,27,2024-03-07,
7542,Eli,Thorne,eli.thorne7541@example.com,Aarhus,DK,32,2008-05-23,low
7543,Andres,Abbott,andres.abbott7542@example.com,Dunedin,NZ,28,2009-09-22,
7544,Yuki,Dubois,yuki.dubois7543@example.com,Porto,PT,22,2016-12-05,
7545,Felix,Sorensen,felix.sorensen7544@example.com,Toronto,CA,21,2021-12-28,
7546,Esme,Osei,esme.osei7545@example.com,Valencia,ES,15,2009-03-21,medium
7547,Amara,Bergstrom,amara.bergstrom7546@example.com,Bristol,GB,5,2014-07-02,
7548,Ben,Castellanos,ben.castellanos7547@example.com,Freiburg,DE,7,2013-05-16,
7549,Emeka,Voss,emeka.voss7548@example.com,Adelaide,AU,27,2010-06-19,
7550,Omar,Bauer,omar.bauer7549@example.com,Sheffield,GB,1,2017-01-07,
7551,Mateo,Baptiste,mateo.baptiste7550@example.com,Austin,US,9,2010-07-09,low
7552,Viktor,Dubois,viktor.dubois7551@example.com,Bergen,NO,37,2015-02-13,
7553,Zara,Nyberg,zara.nyberg7552@example.com,Porto,PT,16,2021-11-03,
7554,Ana,Mensah,ana.mensah7553@example.com,Montpellier,FR,32,2020-07-04,
7555,Emeka,Ferreira,emeka.ferreira7554@example.com,Raleigh,US,6,2021-09-14,
7556,Esme,Halloran,esme.halloran7555@example.com,Groningen,NL,31,2022-09-17,
7557,Felix,Roy,felix.roy7556@example.com,Austin,US,23,2010-01-09,
7558,Wren,Park,wren.park7557@example.com,Dunedin,NZ,9,2014-09-14,
7559,Bianca,Ibrahim,bianca.ibrahim7558@example.com,Auckland,NZ,20,2025-04-13,
7560,Mateo,Vance,mateo.vance7559@example.com,Norwich,GB,30,2022-08-22,
7561,Dmitri,Zamora,dmitri.zamora7560@example.com,Aarhus,DK,32,2025-04-21,
7562,Mateo,Quinn,mateo.quinn7561@example.com,Valencia,ES,14,2021-02-10,
7563,Jon,Sorensen,jon.sorensen7562@example.com,Dunedin,NZ,22,2009-04-25,
7564,Wren,Dubois,wren.dubois7563@example.com,Denver,US,9,2009-03-28,low
7565,Sofia,Castellanos,sofia.castellanos7564@example.com,Uppsala,SE,39,2012-09-17,
7566,Sofia,Park,sofia.park7565@example.com,Columbus,US,6,2015-04-02,
7567,Aoife,Nyberg,aoife.nyberg7566@example.com,Galway,IE,29,2012-09-22,
7568,Marta,Achebe,marta.achebe7567@example.com,Porto,PT,27,2017-04-19,
7569,Fatima,Ferreira,fatima.ferreira7568@example.com,Leipzig,DE,39,2015-03-16,medium
7570,Viktor,Cole,viktor.cole7569@example.com,Bergen,NO,32,2008-11-18,
7571,Rosa,Larsen,rosa.larsen7570@example.com,Sheffield,GB,6,2019-03-25,
7572,Fatima,Whitfield,fatima.whitfield7571@example.com,Valencia,ES,32,2008-09-10,
7573,Yuki,Bergstrom,yuki.bergstrom7572@example.com,Aarhus,DK,21,2009-08-18,
7574,Ben,Nakamura,ben.nakamura7573@example.com,Cork,IE,10,2021-02-22,
7575,Nora,Abbott,nora.abbott7574@example.com,Uppsala,SE,22,2010-01-04,
7576,Rafael,Nakamura,rafael.nakamura7575@example.com,Denver,US,9,2008-02-09,
7577,Jon,Novak,jon.novak7576@example.com,Ljubljana,SI,3,2008-10-04,
7578,Marta,Voss,marta.voss7577@example.com,Bristol,GB,9,2012-03-09,
7579,Idris,Ferreira,idris.ferreira7578@example.com,Perth,AU,6,2012-02-26,
7580,Tomas,Vance,tomas.vance7579@example.com,Bristol,GB,8,2019-07-22,low
7581,Malik,Adeyemi,malik.adeyemi7580@example.com,Montpellier,FR,11,2024-09-02,
7582,Tarek,Delgado,tarek.delgado7581@example.com,Groningen,NL,25,2009-08-06,
7583,Viktor,Nyberg,viktor.nyberg7582@example.com,Auckland,NZ,14,2010-08-18,
7584,Lars,Solberg,lars.solberg7583@example.com,Columbus,US,22,2023-05-28,low
7585,Andres,Baptiste,andres.baptiste7584@example.com,Uppsala,SE,9,2024-06-02,
7586,Hana,Cormack,hana.cormack7585@example.com,Bristol,GB,7,2020-09-05,
7587,Sean,Halloran,sean.halloran7586@example.com,Manchester,GB,20,2023-03-26,
7588,Ravi,Bauer,ravi.bauer7587@example.com,Aarhus,DK,23,2023-05-28,
7589,Greta,Kirby,greta.kirby7588@example.com,Norwich,GB,23,2023-08-28,low
7590,Josefina,Hale,josefina.hale7589@example.com,Nantes,FR,35,2012-10-14,
7591,Ben,Ferreira,ben.ferreira7590@example.com,Columbus,US,37,2014-06-27,medium
7592,Eli,Mwangi,eli.mwangi7591@example.com,Montpellier,FR,31,2009-12-19,medium
7593,Sofia,Baptiste,sofia.baptiste7592@example.com,Freiburg,DE,3,2021-12-02,
7594,Zara,Nair,zara.nair7593@example.com,Adelaide,AU,13,2010-10-27,
7595,Signe,Ferreira,signe.ferreira7594@example.com,Portland,US,39,2022-06-18,
7596,Lars,Delgado,lars.delgado7595@example.com,Uppsala,SE,14,2008-10-01,
7597,Leila,Ashworth,leila.ashworth7596@example.com,Manchester,GB,4,2018-08-03,medium
7598,Bianca,Tan,bianca.tan7597@example.com,Valencia,ES,28,2019-06-06,
7599,Leila,Ricci,leila.ricci7598@example.com,Dunedin,NZ,31,2012-05-28,
7600,Tom,Sandoval,tom.sandoval7599@example.com,Toronto,CA,36,2014-09-18,
7601,Sara,Voss,sara.voss7600@example.com,Montpellier,FR,22,2018-02-25,low
7602,Yuki,Voss,yuki.voss7601@example.com,Bristol,GB,26,2015-02-21,
7603,Ben,Cole,ben.cole7602@example.com,Dunedin,NZ,29,2021-10-09,
7604,Arjun,Beaumont,arjun.beaumont7603@example.com,Valencia,ES,21,2018-04-19,medium
7605,Maya,Mensah,maya.mensah7604@example.com,Aarhus,DK,37,2021-08-12,
7606,Pieter,Sorensen,pieter.sorensen7605@example.com,Nantes,FR,17,2011-05-17,low
7607,Aoife,Nair,aoife.nair7606@example.com,Toronto,CA,34,2016-02-20,
7608,Sara,Achebe,sara.achebe7607@example.com,Tampere,FI,23,2009-11-04,low
7609,Ana,Achebe,ana.achebe7608@example.com,Bergen,NO,16,2013-11-11,
7610,Arjun,Ellery,arjun.ellery7609@example.com,Montpellier,FR,16,2020-09-18,
7611,Pieter,Moreau,pieter.moreau7610@example.com,Victoria,CA,37,2021-01-06,
7612,Ana,Lindqvist,ana.lindqvist7611@example.com,Leipzig,DE,31,2015-05-15,low
7613,Jon,Renard,jon.renard7612@example.com,Freiburg,DE,19,2009-04-26,
7614,Maya,Whitfield,maya.whitfield7613@example.com,Galway,IE,35,2020-06-26,low
7615,Dmitri,Larsen,dmitri.larsen7614@example.com,Perth,AU,33,2017-03-09,
7616,Solveig,Baptiste,solveig.baptiste7615@example.com,Ljubljana,SI,11,2023-08-19,low
7617,Solveig,Moreau,solveig.moreau7616@example.com,Columbus,US,6,2020-04-24,high
7618,Ingrid,Achebe,ingrid.achebe7617@example.com,Denver,US,4,2021-04-21,
7619,Ciara,Marchetti,ciara.marchetti7618@example.com,Aarhus,DK,13,2024-01-07,
7620,Amara,Voss,amara.voss7619@example.com,Tampere,FI,34,2011-09-26,
7621,Lars,Abbott,lars.abbott7620@example.com,Norwich,GB,33,2021-08-27,
7622,Esme,Nyberg,esme.nyberg7621@example.com,Montpellier,FR,7,2012-07-03,low
7623,Tomas,Beaumont,tomas.beaumont7622@example.com,Hobart,AU,28,2018-11-08,
7624,Idris,Lund,idris.lund7623@example.com,Sheffield,GB,22,2021-07-19,medium
7625,Leila,Frost,leila.frost7624@example.com,Tucson,US,11,2024-11-21,
7626,Eli,Abbott,eli.abbott7625@example.com,Norwich,GB,32,2008-08-09,low
7627,Solveig,Kaur,solveig.kaur7626@example.com,Porto,PT,23,2024-05-26,
7628,Nadia,Sandoval,nadia.sandoval7627@example.com,Portland,US,10,2010-12-15,
7629,Kwame,Frost,kwame.frost7628@example.com,Perth,AU,17,2020-03-08,
7630,Sara,Ellery,sara.ellery7629@example.com,Nantes,FR,6,2017-07-06,medium
7631,Omar,Sorensen,omar.sorensen7630@example.com,Denver,US,18,2009-05-19,medium
7632,Ravi,Zamora,ravi.zamora7631@example.com,Halifax,CA,29,2025-01-19,
7633,Viktor,Beaumont,viktor.beaumont7632@example.com,Halifax,CA,36,2018-07-04,medium
7634,Nadia,Voss,nadia.voss7633@example.com,Manchester,GB,40,2009-08-04,
7635,Hana,Whitfield,hana.whitfield7634@example.com,Bergen,NO,38,2025-01-04,
7636,Omar,Adeyemi,omar.adeyemi7635@example.com,Ljubljana,SI,24,2012-06-12,
7637,Omar,Marchetti,omar.marchetti7636@example.com,Auckland,NZ,14,2019-01-09,
7638,Jonas,Renard,jonas.renard7637@example.com,Bergen,NO,23,2024-07-05,
7639,Wren,Moreau,wren.moreau7638@example.com,Uppsala,SE,12,2009-08-21,
7640,Nora,Bergstrom,nora.bergstrom7639@example.com,Halifax,CA,1,2023-09-23,low
7641,Elena,Achebe,elena.achebe7640@example.com,Leipzig,DE,34,2011-02-20,
7642,Solveig,Petrov,solveig.petrov7641@example.com,Tampere,FI,13,2023-07-12,
7643,Fatima,Diaz,fatima.diaz7642@example.com,Dunedin,NZ,13,2011-09-17,
7644,Priya,Quinn,priya.quinn7643@example.com,Ljubljana,SI,9,2011-05-19,low
7645,Priya,Ibrahim,priya.ibrahim7644@example.com,Uppsala,SE,28,2024-11-08,
7646,Ana,Nakamura,ana.nakamura7645@example.com,Dunedin,NZ,27,2012-09-24,
7647,Noel,Frost,noel.frost7646@example.com,Valencia,ES,2,2017-03-12,
7648,Hugo,Rahman,hugo.rahman7647@example.com,Nantes,FR,18,2013-01-07,
7649,Claire,Cormack,claire.cormack7648@example.com,Raleigh,US,13,2011-12-15,
7650,Arjun,Brennan,arjun.brennan7649@example.com,Denver,US,40,2015-11-23,
7651,Bruno,Roy,bruno.roy7650@example.com,Manchester,GB,35,2022-08-09,high
7652,Claire,Nakamura,claire.nakamura7651@example.com,Nantes,FR,21,2023-05-25,medium
7653,Hana,Hale,hana.hale7652@example.com,Tucson,US,5,2008-12-01,
7654,Andres,Bauer,andres.bauer7653@example.com,Norwich,GB,19,2017-11-03,
7655,Felix,Diaz,felix.diaz7654@example.com,Nantes,FR,3,2015-05-01,medium
7656,Dmitri,Delgado,dmitri.delgado7655@example.com,Raleigh,US,39,2018-12-14,
7657,Anton,Whitfield,anton.whitfield7656@example.com,Sheffield,GB,28,2020-07-13,
7658,Anton,Novak,anton.novak7657@example.com,Raleigh,US,40,2024-02-03,
7659,Sofia,Zamora,sofia.zamora7658@example.com,Bristol,GB,3,2024-12-10,
7660,Ingrid,Tan,ingrid.tan7659@example.com,Ljubljana,SI,7,2023-08-27,
7661,Ben,Diaz,ben.diaz7660@example.com,Austin,US,2,2011-03-14,
7662,Zara,Marchetti,zara.marchetti7661@example.com,Ljubljana,SI,17,2017-02-10,
7663,Idris,Novak,idris.novak7662@example.com,Manchester,GB,21,2012-01-03,
7664,Priya,Kowalski,priya.kowalski7663@example.com,Denver,US,34,2012-12-17,
7665,Maya,Petrov,maya.petrov7664@example.com,Freiburg,DE,5,2015-08-04,high
7666,Elena,Sorensen,elena.sorensen7665@example.com,Sheffield,GB,8,2023-05-26,
7667,Sean,Whitfield,sean.whitfield7666@example.com,Adelaide,AU,6,2017-04-02,medium
7668,Aoife,Mwangi,aoife.mwangi7667@example.com,Uppsala,SE,10,2025-05-17,
7669,Fatima,Renard,fatima.renard7668@example.com,Auckland,NZ,13,2012-06-27,
7670,Jonas,Abbott,jonas.abbott7669@example.com,Denver,US,18,2023-02-11,
7671,Rosa,Abbott,rosa.abbott7670@example.com,Tampere,FI,29,2017-11-11,low
7672,Leila,Ashworth,leila.ashworth7671@example.com,Denver,US,34,2011-07-26,medium
7673,Hana,Thorne,hana.thorne7672@example.com,Denver,US,29,2013-06-04,medium
7674,Yuki,Cole,yuki.cole7673@example.com,Galway,IE,9,2010-04-27,
7675,Lars,Haddad,lars.haddad7674@example.com,Toronto,CA,16,2013-11-18,high
7676,Jonas,Hale,jonas.hale7675@example.com,Raleigh,US,37,2011-01-02,
7677,Sofia,Rossi,sofia.rossi7676@example.com,Utrecht,NL,20,2013-03-21,
7678,Bruno,Lund,bruno.lund7677@example.com,Tucson,US,14,2018-11-04,
7679,Mateo,Moreau,mateo.moreau7678@example.com,Toronto,CA,19,2017-04-08,
7680,Kofi,Ferreira,kofi.ferreira7679@example.com,Portland,US,22,2017-09-12,low
7681,Tarek,Sorensen,tarek.sorensen7680@example.com,Montpellier,FR,15,2009-05-25,low
7682,Ravi,Park,ravi.park7681@example.com,Leipzig,DE,33,2010-06-24,
7683,Marta,Mensah,marta.mensah7682@example.com,Cork,IE,6,2012-08-28,
7684,Hugo,Castellanos,hugo.castellanos7683@example.com,Groningen,NL,12,2010-06-17,
7685,Greta,Beaumont,greta.beaumont7684@example.com,Sheffield,GB,11,2016-06-14,low
7686,Ravi,Kowalski,ravi.kowalski7685@example.com,Galway,IE,27,2024-12-03,
7687,Kiran,Adeyemi,kiran.adeyemi7686@example.com,Columbus,US,37,2014-10-13,low
7688,Kofi,Osei,kofi.osei7687@example.com,Perth,AU,38,2011-10-18,
7689,Marta,Kowalski,marta.kowalski7688@example.com,Austin,US,12,2022-12-07,
7690,Andres,Solberg,andres.solberg7689@example.com,Montpellier,FR,38,2019-06-28,
7691,Kwame,Lund,kwame.lund7690@example.com,Leipzig,DE,2,2019-09-06,low
7692,Tobias,Nair,tobias.nair7691@example.com,Ljubljana,SI,25,2011-02-18,
7693,Bianca,Nair,bianca.nair7692@example.com,Valencia,ES,34,2023-11-09,
7694,Jonas,Halloran,jonas.halloran7693@example.com,Tampere,FI,2,2018-12-13,
7695,Pieter,Sorensen,pieter.sorensen7694@example.com,Groningen,NL,14,2023-10-21,
7696,Yuki,Cole,yuki.cole7695@example.com,Auckland,NZ,13,2016-11-24,low
7697,Wren,Petrov,wren.petrov7696@example.com,Ljubljana,SI,17,2020-04-09,high
7698,Marta,Ellery,marta.ellery7697@example.com,Aarhus,DK,4,2025-11-21,
7699,Hugo,Zamora,hugo.zamora7698@example.com,Utrecht,NL,2,2023-08-08,
7700,Aoife,Rahman,aoife.rahman7699@example.com,Adelaide,AU,10,2013-07-03,low
7701,Kofi,Brennan,kofi.brennan7700@example.com,Porto,PT,11,2014-04-21,
7702,Aoife,Park,aoife.park7701@example.com,Toronto,CA,8,2017-05-03,low
7703,Hana,Petrov,hana.petrov7702@example.com,Dunedin,NZ,20,2014-12-09,low
7704,Josefina,Marchetti,josefina.marchetti7703@example.com,Toronto,CA,5,2025-02-21,
7705,Alma,Beaumont,alma.beaumont7704@example.com,Utrecht,NL,26,2025-10-27,
7706,Kiran,Lindqvist,kiran.lindqvist7705@example.com,Valencia,ES,26,2013-03-19,
7707,Kwame,Vogt,kwame.vogt7706@example.com,Leipzig,DE,38,2010-07-11,
7708,Iris,Lund,iris.lund7707@example.com,Tampere,FI,19,2021-08-09,
7709,Tobias,Ferreira,tobias.ferreira7708@example.com,Victoria,CA,33,2010-09-01,medium
7710,Hugo,Park,hugo.park7709@example.com,Utrecht,NL,16,2019-11-09,
7711,Josefina,Marchetti,josefina.marchetti7710@example.com,Bologna,IT,36,2008-12-13,
7712,Tom,Beaumont,tom.beaumont7711@example.com,Tampere,FI,13,2008-02-10,
7713,Tomas,Ueda,tomas.ueda7712@example.com,Cork,IE,33,2021-12-09,low
7714,Maya,Castellanos,maya.castellanos7713@example.com,Utrecht,NL,5,2011-06-21,medium
7715,Noel,Abbott,noel.abbott7714@example.com,Manchester,GB,34,2023-09-14,low
7716,Rosa,Ueda,rosa.ueda7715@example.com,Columbus,US,1,2019-07-09,low
7717,Greta,Nyberg,greta.nyberg7716@example.com,Portland,US,21,2023-01-06,
7718,Iris,Kaur,iris.kaur7717@example.com,Auckland,NZ,8,2023-06-06,
7719,Mateo,Haddad,mateo.haddad7718@example.com,Portland,US,37,2009-03-28,
7720,Andres,Moreau,andres.moreau7719@example.com,Utrecht,NL,34,2013-05-21,medium
7721,Marta,Ibrahim,marta.ibrahim7720@example.com,Bologna,IT,35,2013-01-05,
7722,Tarek,Rahman,tarek.rahman7721@example.com,Tampere,FI,30,2023-08-05,
7723,Elena,Larsen,elena.larsen7722@example.com,Norwich,GB,21,2017-05-19,
7724,Ingrid,Castellanos,ingrid.castellanos7723@example.com,Denver,US,14,2021-01-26,
7725,Yuki,Kowalski,yuki.kowalski7724@example.com,Raleigh,US,27,2021-04-17,
7726,Kwame,Roy,kwame.roy7725@example.com,Tucson,US,11,2024-01-15,
7727,Ravi,Silva,ravi.silva7726@example.com,Bergen,NO,21,2008-05-03,low
7728,Marta,Ibrahim,marta.ibrahim7727@example.com,Adelaide,AU,9,2016-05-23,
7729,Lena,Ueda,lena.ueda7728@example.com,Groningen,NL,29,2024-11-13,
7730,Eli,Tan,eli.tan7729@example.com,Manchester,GB,7,2014-04-26,
7731,Solveig,Novak,solveig.novak7730@example.com,Halifax,CA,11,2010-01-12,medium
7732,Arjun,Osei,arjun.osei7731@example.com,Cork,IE,6,2025-04-06,
7733,Signe,Kowalski,signe.kowalski7732@example.com,Denver,US,5,2009-02-05,
7734,Jon,Dubois,jon.dubois7733@example.com,Bologna,IT,4,2014-05-17,
7735,Ana,Dubois,ana.dubois7734@example.com,Bergen,NO,26,2023-05-25,
7736,Sofia,Hale,sofia.hale7735@example.com,Leipzig,DE,5,2010-04-08,
7737,Rosa,Mensah,rosa.mensah7736@example.com,Porto,PT,17,2016-08-18,
7738,Dmitri,Sandoval,dmitri.sandoval7737@example.com,Utrecht,NL,1,2021-10-20,
7739,Eli,Brennan,eli.brennan7738@example.com,Bologna,IT,39,2024-01-13,
7740,Jon,Ibrahim,jon.ibrahim7739@example.com,Tampere,FI,19,2017-11-27,low
7741,Sean,Cormack,sean.cormack7740@example.com,Dunedin,NZ,27,2021-01-10,
7742,Tarek,Kowalski,tarek.kowalski7741@example.com,Bologna,IT,23,2023-04-15,
7743,Ana,Lund,ana.lund7742@example.com,Groningen,NL,13,2018-07-07,
7744,Nadia,Silva,nadia.silva7743@example.com,Portland,US,26,2014-10-28,low
7745,Nadia,Ibrahim,nadia.ibrahim7744@example.com,Victoria,CA,19,2008-07-25,
7746,Yuki,Cole,yuki.cole7745@example.com,Tucson,US,7,2025-07-13,medium
7747,Ana,Park,ana.park7746@example.com,Montpellier,FR,30,2025-11-14,low
7748,Claire,Beaumont,claire.beaumont7747@example.com,Norwich,GB,10,2014-03-21,low
7749,Omar,Cole,omar.cole7748@example.com,Uppsala,SE,34,2020-09-09,low
7750,Solveig,Reed,solveig.reed7749@example.com,Montpellier,FR,15,2017-11-10,low
7751,Iris,Shah,iris.shah7750@example.com,Cork,IE,35,2015-02-22,medium
7752,Emeka,Whitfield,emeka.whitfield7751@example.com,Ljubljana,SI,12,2010-02-07,
7753,Esme,Rossi,esme.rossi7752@example.com,Tampere,FI,28,2010-02-22,
7754,Samir,Farrow,samir.farrow7753@example.com,Ljubljana,SI,34,2020-08-16,
7755,Aoife,Novak,aoife.novak7754@example.com,Norwich,GB,8,2020-02-20,
7756,Tom,Farrow,tom.farrow7755@example.com,Leipzig,DE,27,2018-08-13,medium
7757,Josefina,Larsen,josefina.larsen7756@example.com,Norwich,GB,5,2010-01-06,
7758,Eli,Lund,eli.lund7757@example.com,Toronto,CA,31,2013-06-18,
7759,Anton,Abbott,anton.abbott7758@example.com,Manchester,GB,34,2023-10-20,
7760,Sofia,Iqbal,sofia.iqbal7759@example.com,Raleigh,US,13,2017-05-16,
7761,Priya,Vance,priya.vance7760@example.com,Porto,PT,18,2018-02-28,
7762,Omar,Dubois,omar.dubois7761@example.com,Aarhus,DK,16,2013-05-21,low
7763,Solveig,Zamora,solveig.zamora7762@example.com,Ljubljana,SI,32,2009-01-13,
7764,Raj,Larsen,raj.larsen7763@example.com,Bologna,IT,30,2010-07-27,medium
7765,Rosa,Petrov,rosa.petrov7764@example.com,Norwich,GB,25,2012-10-22,
7766,Elena,Whitfield,elena.whitfield7765@example.com,Cork,IE,39,2011-04-13,low
7767,Sara,Sandoval,sara.sandoval7766@example.com,Auckland,NZ,21,2015-04-22,
7768,Eli,Marchetti,eli.marchetti7767@example.com,Victoria,CA,11,2012-09-28,high
7769,Signe,Cormack,signe.cormack7768@example.com,Halifax,CA,16,2017-03-05,
7770,Elena,Fischer,elena.fischer7769@example.com,Tucson,US,26,2013-10-22,low
7771,Raj,Adeyemi,raj.adeyemi7770@example.com,Utrecht,NL,37,2018-02-16,
7772,Tobias,Sandoval,tobias.sandoval7771@example.com,Nantes,FR,18,2016-10-06,low
7773,Anton,Halloran,anton.halloran7772@example.com,Manchester,GB,12,2014-05-20,low
7774,Eli,Brennan,eli.brennan7773@example.com,Nantes,FR,33,2022-11-02,low
7775,Felix,Park,felix.park7774@example.com,Denver,US,38,2023-10-13,
7776,Anton,Nyberg,anton.nyberg7775@example.com,Tucson,US,10,2021-10-18,
7777,Bianca,Petrov,bianca.petrov7776@example.com,Leipzig,DE,30,2021-05-23,
7778,Emeka,Renard,emeka.renard7777@example.com,Utrecht,NL,6,2015-05-28,low
7779,Marta,Baptiste,marta.baptiste7778@example.com,Groningen,NL,38,2024-10-23,
7780,Idris,Wexler,idris.wexler7779@example.com,Auckland,NZ,27,2017-08-09,low
7781,Elena,Vogt,elena.vogt7780@example.com,Auckland,NZ,29,2017-11-05,
7782,Bruno,Fischer,bruno.fischer7781@example.com,Bologna,IT,39,2019-07-16,medium
7783,Amara,Moreau,amara.moreau7782@example.com,Victoria,CA,12,2016-08-11,
7784,Priya,Ibrahim,priya.ibrahim7783@example.com,Hobart,AU,28,2024-04-08,
7785,Sean,Reed,sean.reed7784@example.com,Bristol,GB,20,2022-03-08,medium
7786,Delphine,Nyberg,delphine.nyberg7785@example.com,Bristol,GB,37,2008-01-22,
7787,Hugo,Dubois,hugo.dubois7786@example.com,Utrecht,NL,30,2019-06-12,
7788,Solveig,Ueda,solveig.ueda7787@example.com,Uppsala,SE,24,2011-11-10,medium
7789,Alma,Renard,alma.renard7788@example.com,Victoria,CA,39,2017-05-01,low
7790,Esme,Marchetti,esme.marchetti7789@example.com,Bologna,IT,33,2008-02-07,
7791,Idris,Solberg,idris.solberg7790@example.com,Uppsala,SE,21,2011-12-12,
7792,Alma,Delgado,alma.delgado7791@example.com,Norwich,GB,21,2008-12-11,
7793,Tom,Delgado,tom.delgado7792@example.com,Montpellier,FR,38,2021-08-25,
7794,Lena,Castellanos,lena.castellanos7793@example.com,Nantes,FR,18,2022-04-16,
7795,Marta,Petrov,marta.petrov7794@example.com,Uppsala,SE,25,2017-03-20,
7796,Wren,Sorensen,wren.sorensen7795@example.com,Montpellier,FR,6,2016-05-14,medium
7797,Leila,Solberg,leila.solberg7796@example.com,Valencia,ES,35,2009-10-04,
7798,Sean,Cole,sean.cole7797@example.com,Tucson,US,32,2017-12-06,low
7799,Delphine,Tan,delphine.tan7798@example.com,Auckland,NZ,24,2012-12-15,
7800,Elena,Bauer,elena.bauer7799@example.com,Toronto,CA,4,2018-07-06,low
7801,Kiran,Ricci,kiran.ricci7800@example.com,Bristol,GB,1,2010-05-25,
7802,Zara,Nyberg,zara.nyberg7801@example.com,Auckland,NZ,12,2008-09-12,low
7803,Viktor,Hale,viktor.hale7802@example.com,Leipzig,DE,35,2025-12-11,
7804,Omar,Baptiste,omar.baptiste7803@example.com,Manchester,GB,7,2025-12-24,
7805,Emeka,Mensah,emeka.mensah7804@example.com,Norwich,GB,40,2012-10-16,
7806,Yuki,Dubois,yuki.dubois7805@example.com,Bergen,NO,13,2022-03-11,
7807,Aoife,Whitfield,aoife.whitfield7806@example.com,Ljubljana,SI,21,2025-07-18,
7808,Wren,Fischer,wren.fischer7807@example.com,Galway,IE,40,2019-09-02,
7809,Elena,Bauer,elena.bauer7808@example.com,Utrecht,NL,36,2010-02-21,
7810,Pieter,Brennan,pieter.brennan7809@example.com,Tampere,FI,3,2014-02-02,
7811,Hana,Rossi,hana.rossi7810@example.com,Norwich,GB,12,2019-07-06,
7812,Kwame,Cole,kwame.cole7811@example.com,Cork,IE,9,2018-04-21,high
7813,Tobias,Sandoval,tobias.sandoval7812@example.com,Hobart,AU,14,2017-01-28,
7814,Elena,Solberg,elena.solberg7813@example.com,Sheffield,GB,1,2024-04-14,
7815,Dmitri,Nakamura,dmitri.nakamura7814@example.com,Portland,US,30,2022-09-07,
7816,Iris,Dubois,iris.dubois7815@example.com,Aarhus,DK,13,2010-01-28,low
7817,Hugo,Ferreira,hugo.ferreira7816@example.com,Halifax,CA,20,2016-11-08,
7818,Nadia,Cormack,nadia.cormack7817@example.com,Dunedin,NZ,21,2010-04-24,
7819,Ingrid,Achebe,ingrid.achebe7818@example.com,Columbus,US,34,2024-03-13,medium
7820,Dmitri,Lindqvist,dmitri.lindqvist7819@example.com,Sheffield,GB,28,2012-08-04,low
7821,Kofi,Osei,kofi.osei7820@example.com,Cork,IE,18,2010-12-19,
7822,Wren,Thorne,wren.thorne7821@example.com,Valencia,ES,15,2023-03-08,
7823,Hugo,Sorensen,hugo.sorensen7822@example.com,Nantes,FR,6,2021-02-09,
7824,Tarek,Renard,tarek.renard7823@example.com,Denver,US,14,2024-08-17,
7825,Esme,Osei,esme.osei7824@example.com,Adelaide,AU,2,2018-07-11,
7826,Priya,Nyberg,priya.nyberg7825@example.com,Auckland,NZ,30,2010-12-13,
7827,Jonas,Fischer,jonas.fischer7826@example.com,Columbus,US,28,2025-12-15,
7828,Jonas,Vance,jonas.vance7827@example.com,Hobart,AU,28,2009-07-27,
7829,Kiran,Vogt,kiran.vogt7828@example.com,Leipzig,DE,38,2023-07-23,low
7830,Mateo,Kirby,mateo.kirby7829@example.com,Auckland,NZ,27,2014-07-27,medium
7831,Esme,Cole,esme.cole7830@example.com,Porto,PT,31,2013-01-03,
7832,Esme,Nair,esme.nair7831@example.com,Porto,PT,28,2020-11-21,
7833,Idris,Wexler,idris.wexler7832@example.com,Portland,US,24,2024-08-20,low
7834,Ravi,Thorne,ravi.thorne7833@example.com,Manchester,GB,12,2013-07-05,
7835,Hana,Nyberg,hana.nyberg7834@example.com,Tampere,FI,34,2019-03-02,
7836,Bianca,Osei,bianca.osei7835@example.com,Bologna,IT,33,2013-05-13,high
7837,Josefina,Shah,josefina.shah7836@example.com,Uppsala,SE,13,2017-12-19,
7838,Ana,Zamora,ana.zamora7837@example.com,Porto,PT,27,2011-02-09,
7839,Sean,Nyberg,sean.nyberg7838@example.com,Austin,US,22,2012-06-01,low
7840,Malik,Wexler,malik.wexler7839@example.com,Sheffield,GB,23,2013-11-01,
7841,Andres,Kowalski,andres.kowalski7840@example.com,Raleigh,US,17,2025-11-09,low
7842,Nadia,Ricci,nadia.ricci7841@example.com,Austin,US,35,2024-11-24,
7843,Marta,Novak,marta.novak7842@example.com,Austin,US,14,2018-04-22,
7844,Eli,Rossi,eli.rossi7843@example.com,Groningen,NL,24,2024-03-18,
7845,Lars,Solberg,lars.solberg7844@example.com,Columbus,US,27,2021-08-06,
7846,Felix,Thorne,felix.thorne7845@example.com,Bristol,GB,22,2025-02-21,
7847,Nora,Bauer,nora.bauer7846@example.com,Tucson,US,32,2017-08-09,low
7848,Malik,Roy,malik.roy7847@example.com,Columbus,US,2,2009-03-28,
7849,Emeka,Petrov,emeka.petrov7848@example.com,Hobart,AU,19,2020-12-23,
7850,Esme,Ueda,esme.ueda7849@example.com,Norwich,GB,16,2018-09-17,low
7851,Jon,Lund,jon.lund7850@example.com,Uppsala,SE,39,2017-01-12,
7852,Fatima,Brennan,fatima.brennan7851@example.com,Denver,US,38,2020-02-12,
7853,Ravi,Farrow,ravi.farrow7852@example.com,Portland,US,3,2015-03-26,medium
7854,Jonas,Kirby,jonas.kirby7853@example.com,Austin,US,5,2008-09-02,
7855,Noel,Cormack,noel.cormack7854@example.com,Norwich,GB,24,2010-01-27,
7856,Wren,Cormack,wren.cormack7855@example.com,Denver,US,4,2009-02-22,
7857,Josefina,Lindqvist,josefina.lindqvist7856@example.com,Halifax,CA,12,2014-11-01,
7858,Anton,Ellery,anton.ellery7857@example.com,Auckland,NZ,26,2008-07-12,
7859,Bruno,Ueda,bruno.ueda7858@example.com,Auckland,NZ,34,2022-09-22,low
7860,Mateo,Ferreira,mateo.ferreira7859@example.com,Toronto,CA,10,2022-12-23,
7861,Elena,Ueda,elena.ueda7860@example.com,Aarhus,DK,29,2008-09-06,medium
7862,Hugo,Kowalski,hugo.kowalski7861@example.com,Porto,PT,15,2014-06-13,
7863,Fatima,Fischer,fatima.fischer7862@example.com,Victoria,CA,17,2013-05-13,
7864,Maya,Castellanos,maya.castellanos7863@example.com,Uppsala,SE,18,2016-09-13,low
7865,Iris,Sandoval,iris.sandoval7864@example.com,Uppsala,SE,32,2020-08-26,
7866,Dmitri,Okafor,dmitri.okafor7865@example.com,Bologna,IT,22,2008-02-19,low
7867,Bruno,Vogt,bruno.vogt7866@example.com,Bristol,GB,9,2010-12-11,low
7868,Elena,Baptiste,elena.baptiste7867@example.com,Ljubljana,SI,35,2018-04-24,
7869,Fatima,Nyberg,fatima.nyberg7868@example.com,Columbus,US,23,2013-11-06,medium
7870,Priya,Wexler,priya.wexler7869@example.com,Bologna,IT,8,2008-03-27,
7871,Rafael,Delgado,rafael.delgado7870@example.com,Bristol,GB,8,2017-12-13,high
7872,Nora,Abbott,nora.abbott7871@example.com,Manchester,GB,2,2010-04-16,medium
7873,Nora,Lund,nora.lund7872@example.com,Valencia,ES,13,2015-04-05,
7874,Claire,Osei,claire.osei7873@example.com,Columbus,US,7,2010-03-03,low
7875,Priya,Dubois,priya.dubois7874@example.com,Tampere,FI,33,2023-10-12,
7876,Idris,Bergstrom,idris.bergstrom7875@example.com,Utrecht,NL,19,2012-04-14,
7877,Emeka,Zamora,emeka.zamora7876@example.com,Dunedin,NZ,33,2024-08-03,low
7878,Alma,Baptiste,alma.baptiste7877@example.com,Aarhus,DK,29,2018-11-13,
7879,Felix,Delgado,felix.delgado7878@example.com,Porto,PT,26,2019-06-20,low
7880,Eli,Kirby,eli.kirby7879@example.com,Montpellier,FR,34,2019-05-09,low
7881,Josefina,Wexler,josefina.wexler7880@example.com,Toronto,CA,38,2015-04-15,low
7882,Ravi,Silva,ravi.silva7881@example.com,Bergen,NO,20,2010-12-07,
7883,Rosa,Abbott,rosa.abbott7882@example.com,Toronto,CA,7,2012-06-11,
7884,Yuki,Ibrahim,yuki.ibrahim7883@example.com,Norwich,GB,12,2020-11-17,medium
7885,Leila,Mwangi,leila.mwangi7884@example.com,Perth,AU,3,2016-03-02,
7886,Bianca,Achebe,bianca.achebe7885@example.com,Utrecht,NL,26,2008-08-06,
7887,Eli,Roy,eli.roy7886@example.com,Tampere,FI,23,2023-07-10,
7888,Ravi,Rahman,ravi.rahman7887@example.com,Dunedin,NZ,11,2020-12-24,
7889,Ingrid,Marchetti,ingrid.marchetti7888@example.com,Bologna,IT,24,2011-07-09,
7890,Hana,Tan,hana.tan7889@example.com,Montpellier,FR,30,2014-12-05,
7891,Noel,Bauer,noel.bauer7890@example.com,Aarhus,DK,11,2008-09-18,low
7892,Bianca,Reed,bianca.reed7891@example.com,Aarhus,DK,32,2021-07-04,
7893,Iris,Lund,iris.lund7892@example.com,Norwich,GB,28,2024-10-24,
7894,Leila,Silva,leila.silva7893@example.com,Auckland,NZ,14,2020-10-18,medium
7895,Amara,Baptiste,amara.baptiste7894@example.com,Galway,IE,36,2013-06-09,
7896,Sofia,Ferreira,sofia.ferreira7895@example.com,Dunedin,NZ,24,2022-04-22,medium
7897,Pieter,Brennan,pieter.brennan7896@example.com,Valencia,ES,3,2022-10-24,
7898,Camille,Roy,camille.roy7897@example.com,Manchester,GB,3,2008-07-23,
7899,Tarek,Sorensen,tarek.sorensen7898@example.com,Dunedin,NZ,35,2024-07-26,medium
7900,Tom,Voss,tom.voss7899@example.com,Galway,IE,24,2020-06-01,
7901,Ciara,Brennan,ciara.brennan7900@example.com,Aarhus,DK,23,2018-10-19,
7902,Ana,Diaz,ana.diaz7901@example.com,Halifax,CA,1,2020-07-17,
7903,Bruno,Castellanos,bruno.castellanos7902@example.com,Columbus,US,9,2015-02-24,low
7904,Emeka,Ueda,emeka.ueda7903@example.com,Tucson,US,20,2023-01-28,
7905,Tobias,Lindqvist,tobias.lindqvist7904@example.com,Cork,IE,36,2020-10-14,low
7906,Bruno,Abbott,bruno.abbott7905@example.com,Tucson,US,19,2010-04-05,
7907,Emeka,Achebe,emeka.achebe7906@example.com,Denver,US,6,2013-01-08,
7908,Ben,Achebe,ben.achebe7907@example.com,Manchester,GB,13,2020-06-28,
7909,Alma,Kirby,alma.kirby7908@example.com,Denver,US,35,2012-03-03,
7910,Marta,Mensah,marta.mensah7909@example.com,Raleigh,US,36,2024-01-15,low
7911,Delphine,Vogt,delphine.vogt7910@example.com,Denver,US,37,2013-03-14,
7912,Josefina,Ricci,josefina.ricci7911@example.com,Valencia,ES,25,2022-09-28,
7913,Delphine,Rahman,delphine.rahman7912@example.com,Valencia,ES,25,2012-04-23,low
7914,Wren,Lund,wren.lund7913@example.com,Bologna,IT,12,2009-10-15,
7915,Nell,Diaz,nell.diaz7914@example.com,Nantes,FR,22,2018-07-15,low
7916,Jon,Bauer,jon.bauer7915@example.com,Raleigh,US,28,2019-09-04,
7917,Sara,Beaumont,sara.beaumont7916@example.com,Nantes,FR,15,2022-11-25,
7918,Alma,Lindqvist,alma.lindqvist7917@example.com,Uppsala,SE,12,2019-08-02,low
7919,Sofia,Larsen,sofia.larsen7918@example.com,Uppsala,SE,22,2016-08-13,
7920,Tarek,Vogt,tarek.vogt7919@example.com,Auckland,NZ,3,2022-04-01,
7921,Kiran,Ricci,kiran.ricci7920@example.com,Galway,IE,23,2020-04-16,
7922,Arjun,Tan,arjun.tan7921@example.com,Manchester,GB,9,2014-08-19,medium
7923,Elena,Silva,elena.silva7922@example.com,Nantes,FR,7,2009-12-22,medium
7924,Tomas,Castellanos,tomas.castellanos7923@example.com,Bristol,GB,36,2012-03-08,
7925,Delphine,Zamora,delphine.zamora7924@example.com,Galway,IE,23,2019-02-21,
7926,Greta,Larsen,greta.larsen7925@example.com,Bologna,IT,21,2022-12-07,
7927,Kofi,Thorne,kofi.thorne7926@example.com,Montpellier,FR,33,2011-04-23,
7928,Josefina,Reed,josefina.reed7927@example.com,Portland,US,19,2023-06-15,medium
7929,Hana,Haddad,hana.haddad7928@example.com,Halifax,CA,13,2009-11-09,
7930,Delphine,Diaz,delphine.diaz7929@example.com,Perth,AU,40,2017-09-20,
7931,Tomas,Bergstrom,tomas.bergstrom7930@example.com,Columbus,US,32,2014-03-21,
7932,Wren,Quinn,wren.quinn7931@example.com,Adelaide,AU,31,2022-09-16,
7933,Mateo,Sorensen,mateo.sorensen7932@example.com,Auckland,NZ,1,2020-05-27,high
7934,Iris,Diaz,iris.diaz7933@example.com,Adelaide,AU,23,2017-06-04,
7935,Noel,Frost,noel.frost7934@example.com,Galway,IE,37,2014-03-04,low
7936,Viktor,Ellery,viktor.ellery7935@example.com,Manchester,GB,14,2010-07-10,
7937,Camille,Cole,camille.cole7936@example.com,Dunedin,NZ,8,2012-05-24,
7938,Nell,Ellery,nell.ellery7937@example.com,Sheffield,GB,19,2024-02-15,
7939,Ciara,Cole,ciara.cole7938@example.com,Raleigh,US,17,2018-12-27,
7940,Alma,Adeyemi,alma.adeyemi7939@example.com,Utrecht,NL,38,2019-02-21,
7941,Pieter,Farrow,pieter.farrow7940@example.com,Bologna,IT,38,2011-08-24,
7942,Noel,Kowalski,noel.kowalski7941@example.com,Utrecht,NL,21,2023-11-12,medium
7943,Nora,Hale,nora.hale7942@example.com,Dunedin,NZ,26,2016-09-18,
7944,Hugo,Sandoval,hugo.sandoval7943@example.com,Perth,AU,11,2025-09-23,
7945,Hugo,Sorensen,hugo.sorensen7944@example.com,Austin,US,17,2008-12-22,medium
7946,Tomas,Whitfield,tomas.whitfield7945@example.com,Victoria,CA,38,2022-11-02,
7947,Amara,Rahman,amara.rahman7946@example.com,Norwich,GB,24,2021-12-06,low
7948,Camille,Zamora,camille.zamora7947@example.com,Austin,US,17,2020-03-11,
7949,Ravi,Voss,ravi.voss7948@example.com,Adelaide,AU,38,2021-05-13,
7950,Priya,Nakamura,priya.nakamura7949@example.com,Victoria,CA,19,2012-06-18,
7951,Ciara,Ashworth,ciara.ashworth7950@example.com,Columbus,US,25,2017-03-16,
7952,Pieter,Ellery,pieter.ellery7951@example.com,Nantes,FR,21,2025-09-20,
7953,Esme,Sandoval,esme.sandoval7952@example.com,Manchester,GB,5,2022-02-28,
7954,Nora,Lund,nora.lund7953@example.com,Halifax,CA,11,2015-09-06,
7955,Zara,Baptiste,zara.baptiste7954@example.com,Adelaide,AU,20,2008-04-03,
7956,Alma,Ashworth,alma.ashworth7955@example.com,Adelaide,AU,39,2025-03-28,
7957,Fatima,Beaumont,fatima.beaumont7956@example.com,Groningen,NL,25,2014-11-25,
7958,Ciara,Kaur,ciara.kaur7957@example.com,Portland,US,16,2008-04-06,
7959,Hana,Farrow,hana.farrow7958@example.com,Montpellier,FR,39,2008-03-23,low
7960,Raj,Dubois,raj.dubois7959@example.com,Leipzig,DE,28,2023-07-06,low
7961,Emeka,Vance,emeka.vance7960@example.com,Manchester,GB,15,2008-05-21,low
7962,Sean,Dubois,sean.dubois7961@example.com,Perth,AU,35,2018-10-06,
7963,Tobias,Delgado,tobias.delgado7962@example.com,Tucson,US,12,2010-04-17,
7964,Ana,Castellanos,ana.castellanos7963@example.com,Ljubljana,SI,23,2010-05-11,
7965,Hana,Lindqvist,hana.lindqvist7964@example.com,Portland,US,21,2016-10-09,medium
7966,Solveig,Sandoval,solveig.sandoval7965@example.com,Hobart,AU,6,2008-02-09,low
7967,Sara,Nyberg,sara.nyberg7966@example.com,Tampere,FI,3,2015-05-13,medium
7968,Tomas,Delgado,tomas.delgado7967@example.com,Valencia,ES,18,2018-04-04,
7969,Ben,Haddad,ben.haddad7968@example.com,Leipzig,DE,38,2021-05-25,
7970,Elena,Reed,elena.reed7969@example.com,Groningen,NL,20,2025-05-14,
7971,Tarek,Whitfield,tarek.whitfield7970@example.com,Austin,US,38,2011-12-14,
7972,Jon,Park,jon.park7971@example.com,Cork,IE,2,2017-05-18,
7973,Ana,Kaur,ana.kaur7972@example.com,Toronto,CA,11,2018-03-28,
7974,Viktor,Bergstrom,viktor.bergstrom7973@example.com,Austin,US,8,2009-01-12,
7975,Jonas,Mwangi,jonas.mwangi7974@example.com,Columbus,US,2,2021-12-12,
7976,Yuki,Quinn,yuki.quinn7975@example.com,Porto,PT,35,2008-05-15,
7977,Mateo,Park,mateo.park7976@example.com,Sheffield,GB,18,2021-11-01,high
7978,Dmitri,Silva,dmitri.silva7977@example.com,Perth,AU,24,2013-03-16,low
7979,Sean,Beaumont,sean.beaumont7978@example.com,Norwich,GB,11,2010-12-07,
7980,Solveig,Osei,solveig.osei7979@example.com,Victoria,CA,22,2013-02-28,
7981,Fatima,Beaumont,fatima.beaumont7980@example.com,Ljubljana,SI,37,2013-07-10,
7982,Rosa,Vance,rosa.vance7981@example.com,Austin,US,12,2021-02-23,
7983,Viktor,Shah,viktor.shah7982@example.com,Tampere,FI,10,2017-07-12,low
7984,Andres,Petrov,andres.petrov7983@example.com,Denver,US,21,2011-01-11,low
7985,Ben,Wexler,ben.wexler7984@example.com,Bologna,IT,10,2018-06-04,
7986,Solveig,Halloran,solveig.halloran7985@example.com,Ljubljana,SI,29,2018-01-23,
7987,Bianca,Marchetti,bianca.marchetti7986@example.com,Sheffield,GB,29,2023-05-13,medium
7988,Rosa,Zamora,rosa.zamora7987@example.com,Auckland,NZ,6,2022-04-10,
7989,Pieter,Zamora,pieter.zamora7988@example.com,Utrecht,NL,29,2018-05-25,low
7990,Jon,Baptiste,jon.baptiste7989@example.com,Columbus,US,18,2016-04-14,high
7991,Iris,Sorensen,iris.sorensen7990@example.com,Manchester,GB,14,2022-09-25,
7992,Maya,Nair,maya.nair7991@example.com,Groningen,NL,25,2018-09-05,
7993,Alma,Wexler,alma.wexler7992@example.com,Freiburg,DE,18,2010-06-02,
7994,Fatima,Fischer,fatima.fischer7993@example.com,Montpellier,FR,27,2025-09-05,high
7995,Leila,Vance,leila.vance7994@example.com,Leipzig,DE,12,2013-03-28,
7996,Josefina,Castellanos,josefina.castellanos7995@example.com,Ljubljana,SI,10,2012-03-10,low
7997,Maya,Ibrahim,maya.ibrahim7996@example.com,Bologna,IT,35,2014-09-02,
7998,Kofi,Ueda,kofi.ueda7997@example.com,Norwich,GB,38,2009-03-06,
7999,Kiran,Achebe,kiran.achebe7998@example.com,Aarhus,DK,2,2016-04-21,
8000,Noel,Ricci,noel.ricci7999@example.com,Adelaide,AU,40,2013-05-05,
8001,Tobias,Bauer,tobias.bauer8000@example.com,Perth,AU,7,2015-09-08,
8002,Anton,Kaur,anton.kaur8001@example.com,Raleigh,US,18,2025-12-10,
8003,Esme,Abbott,esme.abbott8002@example.com,Groningen,NL,1,2011-04-21,
8004,Ana,Mensah,ana.mensah8003@example.com,Austin,US,7,2022-01-14,
8005,Felix,Rossi,felix.rossi8004@example.com,Manchester,GB,25,2025-08-13,
8006,Sofia,Adeyemi,sofia.adeyemi8005@example.com,Bergen,NO,10,2012-09-28,
8007,Pieter,Larsen,pieter.larsen8006@example.com,Dunedin,NZ,31,2015-06-02,
8008,Aoife,Achebe,aoife.achebe8007@example.com,Cork,IE,38,2016-04-23,
8009,Sofia,Lund,sofia.lund8008@example.com,Dunedin,NZ,3,2019-12-10,
8010,Camille,Ricci,camille.ricci8009@example.com,Galway,IE,38,2018-02-15,low
8011,Camille,Silva,camille.silva8010@example.com,Bergen,NO,8,2013-08-09,
8012,Tobias,Dubois,tobias.dubois8011@example.com,Raleigh,US,36,2015-09-11,
8013,Tomas,Sandoval,tomas.sandoval8012@example.com,Montpellier,FR,8,2023-09-25,
8014,Leila,Castellanos,leila.castellanos8013@example.com,Columbus,US,18,2023-10-09,
8015,Priya,Ibrahim,priya.ibrahim8014@example.com,Ljubljana,SI,27,2019-09-03,
8016,Lena,Wexler,lena.wexler8015@example.com,Cork,IE,30,2011-02-14,
8017,Solveig,Reed,solveig.reed8016@example.com,Nantes,FR,16,2021-10-16,
8018,Aoife,Okafor,aoife.okafor8017@example.com,Denver,US,5,2017-08-15,
8019,Rosa,Nakamura,rosa.nakamura8018@example.com,Victoria,CA,38,2022-05-10,
8020,Andres,Fischer,andres.fischer8019@example.com,Raleigh,US,38,2009-12-10,
8021,Ravi,Quinn,ravi.quinn8020@example.com,Auckland,NZ,12,2014-04-03,low
8022,Mateo,Nyberg,mateo.nyberg8021@example.com,Galway,IE,34,2011-01-18,
8023,Arjun,Fischer,arjun.fischer8022@example.com,Aarhus,DK,30,2024-10-15,
8024,Rafael,Ellery,rafael.ellery8023@example.com,Denver,US,31,2014-06-17,
8025,Felix,Reed,felix.reed8024@example.com,Dunedin,NZ,1,2016-06-28,
8026,Elena,Lindqvist,elena.lindqvist8025@example.com,Leipzig,DE,27,2013-08-25,low
8027,Marta,Diaz,marta.diaz8026@example.com,Aarhus,DK,34,2010-05-05,
8028,Lars,Cole,lars.cole8027@example.com,Groningen,NL,27,2017-12-15,
8029,Sara,Okafor,sara.okafor8028@example.com,Nantes,FR,6,2010-10-15,
8030,Nell,Abbott,nell.abbott8029@example.com,Uppsala,SE,30,2010-06-15,
8031,Arjun,Nyberg,arjun.nyberg8030@example.com,Toronto,CA,39,2010-02-12,
8032,Kiran,Silva,kiran.silva8031@example.com,Montpellier,FR,6,2020-04-25,low
8033,Alma,Reed,alma.reed8032@example.com,Manchester,GB,30,2014-06-07,
8034,Eli,Abbott,eli.abbott8033@example.com,Hobart,AU,33,2008-02-14,
8035,Ravi,Nakamura,ravi.nakamura8034@example.com,Victoria,CA,37,2015-09-22,low
8036,Andres,Nyberg,andres.nyberg8035@example.com,Galway,IE,15,2016-11-01,low
8037,Ingrid,Thorne,ingrid.thorne8036@example.com,Columbus,US,6,2025-07-08,
8038,Zara,Bergstrom,zara.bergstrom8037@example.com,Adelaide,AU,23,2017-12-10,
8039,Tom,Shah,tom.shah8038@example.com,Victoria,CA,29,2009-12-25,low
8040,Jon,Voss,jon.voss8039@example.com,Utrecht,NL,36,2014-11-27,
8041,Esme,Hale,esme.hale8040@example.com,Nantes,FR,40,2020-01-02,
8042,Yuki,Bauer,yuki.bauer8041@example.com,Austin,US,34,2023-06-07,
8043,Fatima,Cole,fatima.cole8042@example.com,Bristol,GB,20,2017-12-05,
8044,Anton,Nyberg,anton.nyberg8043@example.com,Ljubljana,SI,38,2010-02-15,low
8045,Aoife,Vance,aoife.vance8044@example.com,Columbus,US,26,2020-12-01,medium
8046,Yuki,Halloran,yuki.halloran8045@example.com,Cork,IE,39,2018-11-21,low
8047,Anton,Nyberg,anton.nyberg8046@example.com,Montpellier,FR,39,2017-02-03,high
8048,Tobias,Farrow,tobias.farrow8047@example.com,Bristol,GB,22,2014-08-06,
8049,Tobias,Marchetti,tobias.marchetti8048@example.com,Raleigh,US,19,2021-10-09,
8050,Ravi,Kirby,ravi.kirby8049@example.com,Auckland,NZ,20,2020-12-10,medium
8051,Jon,Roy,jon.roy8050@example.com,Denver,US,18,2013-07-08,
8052,Zara,Nair,zara.nair8051@example.com,Montpellier,FR,38,2010-12-05,
8053,Hugo,Dubois,hugo.dubois8052@example.com,Victoria,CA,40,2020-12-25,low
8054,Nora,Diaz,nora.diaz8053@example.com,Valencia,ES,12,2008-01-21,
8055,Claire,Cormack,claire.cormack8054@example.com,Dunedin,NZ,21,2023-06-13,
8056,Idris,Wexler,idris.wexler8055@example.com,Norwich,GB,31,2024-07-11,
8057,Priya,Ibrahim,priya.ibrahim8056@example.com,Halifax,CA,14,2010-02-25,medium
8058,Kwame,Whitfield,kwame.whitfield8057@example.com,Galway,IE,18,2010-05-17,high
8059,Ciara,Mensah,ciara.mensah8058@example.com,Adelaide,AU,9,2025-03-28,low
8060,Sara,Voss,sara.voss8059@example.com,Galway,IE,5,2009-06-02,
8061,Pieter,Whitfield,pieter.whitfield8060@example.com,Sheffield,GB,39,2009-03-12,
8062,Jonas,Kaur,jonas.kaur8061@example.com,Norwich,GB,32,2023-03-18,
8063,Elena,Nakamura,elena.nakamura8062@example.com,Columbus,US,25,2008-11-26,
8064,Emeka,Moreau,emeka.moreau8063@example.com,Bologna,IT,5,2016-03-10,medium
8065,Malik,Solberg,malik.solberg8064@example.com,Toronto,CA,31,2019-03-25,
8066,Alma,Kaur,alma.kaur8065@example.com,Galway,IE,5,2013-05-28,
8067,Zara,Zamora,zara.zamora8066@example.com,Sheffield,GB,6,2021-03-06,
8068,Mateo,Ferreira,mateo.ferreira8067@example.com,Sheffield,GB,16,2019-01-14,
8069,Pieter,Ueda,pieter.ueda8068@example.com,Toronto,CA,27,2009-06-19,low
8070,Samir,Adeyemi,samir.adeyemi8069@example.com,Sheffield,GB,20,2021-06-06,
8071,Tarek,Wexler,tarek.wexler8070@example.com,Tucson,US,29,2015-11-21,low
8072,Ciara,Mensah,ciara.mensah8071@example.com,Manchester,GB,27,2017-09-28,
8073,Zara,Quinn,zara.quinn8072@example.com,Adelaide,AU,9,2016-01-09,
8074,Viktor,Ibrahim,viktor.ibrahim8073@example.com,Tucson,US,30,2010-10-26,
8075,Hugo,Nair,hugo.nair8074@example.com,Portland,US,15,2021-07-07,
8076,Raj,Farrow,raj.farrow8075@example.com,Tampere,FI,20,2014-04-09,low
8077,Elena,Tan,elena.tan8076@example.com,Ljubljana,SI,27,2021-12-09,
8078,Felix,Lindqvist,felix.lindqvist8077@example.com,Portland,US,3,2012-10-09,
8079,Idris,Voss,idris.voss8078@example.com,Hobart,AU,4,2017-12-12,
8080,Tomas,Ferreira,tomas.ferreira8079@example.com,Halifax,CA,21,2021-08-26,
8081,Kiran,Rahman,kiran.rahman8080@example.com,Bologna,IT,31,2025-02-04,low
8082,Kwame,Zamora,kwame.zamora8081@example.com,Denver,US,31,2025-11-18,
8083,Lars,Abbott,lars.abbott8082@example.com,Halifax,CA,14,2016-11-08,
8084,Malik,Achebe,malik.achebe8083@example.com,Uppsala,SE,38,2011-08-23,
8085,Fatima,Voss,fatima.voss8084@example.com,Halifax,CA,30,2011-02-09,
8086,Jonas,Mwangi,jonas.mwangi8085@example.com,Bologna,IT,1,2016-03-24,
8087,Raj,Nakamura,raj.nakamura8086@example.com,Perth,AU,13,2014-07-21,
8088,Tobias,Fischer,tobias.fischer8087@example.com,Auckland,NZ,32,2023-05-22,low
8089,Bruno,Kirby,bruno.kirby8088@example.com,Tucson,US,40,2012-06-14,
8090,Amara,Renard,amara.renard8089@example.com,Aarhus,DK,38,2025-10-27,low
8091,Iris,Brennan,iris.brennan8090@example.com,Columbus,US,22,2008-06-08,
8092,Idris,Renard,idris.renard8091@example.com,Denver,US,24,2018-06-24,low
8093,Tarek,Lund,tarek.lund8092@example.com,Utrecht,NL,12,2011-06-27,
8094,Andres,Bergstrom,andres.bergstrom8093@example.com,Valencia,ES,21,2020-04-19,
8095,Samir,Voss,samir.voss8094@example.com,Perth,AU,21,2018-04-24,
8096,Greta,Kaur,greta.kaur8095@example.com,Montpellier,FR,36,2020-09-09,
8097,Mateo,Sorensen,mateo.sorensen8096@example.com,Uppsala,SE,30,2024-03-22,
8098,Samir,Nyberg,samir.nyberg8097@example.com,Columbus,US,17,2024-04-04,
8099,Claire,Hale,claire.hale8098@example.com,Galway,IE,33,2024-09-13,
8100,Nadia,Abbott,nadia.abbott8099@example.com,Freiburg,DE,31,2023-02-12,
8101,Ingrid,Ueda,ingrid.ueda8100@example.com,Norwich,GB,30,2012-03-22,low
8102,Wren,Moreau,wren.moreau8101@example.com,Bergen,NO,11,2019-10-18,low
8103,Raj,Brennan,raj.brennan8102@example.com,Porto,PT,7,2023-12-02,
8104,Greta,Ferreira,greta.ferreira8103@example.com,Halifax,CA,24,2022-03-17,
8105,Jonas,Zamora,jonas.zamora8104@example.com,Cork,IE,9,2023-01-03,
8106,Anton,Frost,anton.frost8105@example.com,Valencia,ES,6,2011-04-17,
8107,Nora,Sorensen,nora.sorensen8106@example.com,Tampere,FI,21,2011-07-11,
8108,Lena,Lund,lena.lund8107@example.com,Manchester,GB,26,2024-03-24,high
8109,Sean,Zamora,sean.zamora8108@example.com,Porto,PT,31,2024-05-16,medium
8110,Jonas,Kaur,jonas.kaur8109@example.com,Nantes,FR,28,2011-06-20,
8111,Wren,Marchetti,wren.marchetti8110@example.com,Perth,AU,24,2011-06-27,
8112,Noel,Roy,noel.roy8111@example.com,Utrecht,NL,16,2022-09-16,
8113,Zara,Lund,zara.lund8112@example.com,Bologna,IT,6,2013-03-25,low
8114,Hana,Thorne,hana.thorne8113@example.com,Columbus,US,25,2016-11-19,
8115,Ciara,Dubois,ciara.dubois8114@example.com,Sheffield,GB,6,2020-07-05,high
8116,Elena,Mensah,elena.mensah8115@example.com,Uppsala,SE,12,2008-05-22,
8117,Bianca,Kirby,bianca.kirby8116@example.com,Montpellier,FR,19,2015-08-09,medium
8118,Rafael,Larsen,rafael.larsen8117@example.com,Hobart,AU,36,2009-06-26,
8119,Aoife,Castellanos,aoife.castellanos8118@example.com,Valencia,ES,22,2023-09-07,
8120,Nadia,Ricci,nadia.ricci8119@example.com,Tucson,US,4,2020-09-27,medium
8121,Ravi,Tan,ravi.tan8120@example.com,Montpellier,FR,10,2017-10-24,
8122,Camille,Wexler,camille.wexler8121@example.com,Aarhus,DK,22,2013-03-20,
8123,Tomas,Brennan,tomas.brennan8122@example.com,Columbus,US,28,2017-12-01,
8124,Omar,Ibrahim,omar.ibrahim8123@example.com,Groningen,NL,1,2019-06-03,
8125,Tarek,Cormack,tarek.cormack8124@example.com,Adelaide,AU,9,2013-11-10,
8126,Ana,Thorne,ana.thorne8125@example.com,Denver,US,27,2025-10-26,high
8127,Lars,Petrov,lars.petrov8126@example.com,Nantes,FR,39,2022-12-08,low
8128,Felix,Frost,felix.frost8127@example.com,Leipzig,DE,15,2016-07-21,low
8129,Alma,Lindqvist,alma.lindqvist8128@example.com,Utrecht,NL,19,2017-05-10,
8130,Nora,Ricci,nora.ricci8129@example.com,Columbus,US,12,2011-09-21,
8131,Kiran,Ueda,kiran.ueda8130@example.com,Austin,US,28,2016-10-01,low
8132,Emeka,Novak,emeka.novak8131@example.com,Uppsala,SE,8,2010-01-13,
8133,Leila,Sandoval,leila.sandoval8132@example.com,Utrecht,NL,4,2023-08-17,
8134,Delphine,Achebe,delphine.achebe8133@example.com,Bergen,NO,38,2025-04-13,
8135,Noel,Lund,noel.lund8134@example.com,Hobart,AU,19,2013-02-14,
8136,Zara,Beaumont,zara.beaumont8135@example.com,Perth,AU,16,2011-09-27,medium
8137,Idris,Sandoval,idris.sandoval8136@example.com,Sheffield,GB,3,2024-04-18,
8138,Bruno,Ibrahim,bruno.ibrahim8137@example.com,Victoria,CA,6,2021-12-26,low
8139,Sofia,Mwangi,sofia.mwangi8138@example.com,Porto,PT,33,2016-12-25,
8140,Pieter,Reed,pieter.reed8139@example.com,Raleigh,US,21,2012-10-02,
8141,Kwame,Cole,kwame.cole8140@example.com,Portland,US,5,2021-01-15,
8142,Sara,Halloran,sara.halloran8141@example.com,Porto,PT,17,2022-07-11,low
8143,Eli,Diaz,eli.diaz8142@example.com,Auckland,NZ,34,2017-07-27,
8144,Greta,Iqbal,greta.iqbal8143@example.com,Sheffield,GB,37,2017-02-05,
8145,Tobias,Cormack,tobias.cormack8144@example.com,Hobart,AU,6,2025-01-22,
8146,Aoife,Adeyemi,aoife.adeyemi8145@example.com,Groningen,NL,10,2009-10-04,
8147,Mateo,Dubois,mateo.dubois8146@example.com,Ljubljana,SI,39,2010-04-11,
8148,Jonas,Voss,jonas.voss8147@example.com,Portland,US,11,2009-10-11,low
8149,Tom,Beaumont,tom.beaumont8148@example.com,Aarhus,DK,5,2024-05-26,
8150,Mateo,Ferreira,mateo.ferreira8149@example.com,Hobart,AU,30,2018-02-15,high
8151,Iris,Novak,iris.novak8150@example.com,Tucson,US,1,2018-11-02,
8152,Sean,Cormack,sean.cormack8151@example.com,Freiburg,DE,39,2010-01-16,
8153,Omar,Park,omar.park8152@example.com,Victoria,CA,23,2015-03-24,high
8154,Nora,Achebe,nora.achebe8153@example.com,Victoria,CA,3,2016-07-27,
8155,Elena,Cormack,elena.cormack8154@example.com,Bologna,IT,4,2017-12-05,medium
8156,Viktor,Voss,viktor.voss8155@example.com,Raleigh,US,10,2019-11-10,
8157,Ana,Ibrahim,ana.ibrahim8156@example.com,Aarhus,DK,29,2011-03-03,
8158,Rosa,Mwangi,rosa.mwangi8157@example.com,Portland,US,20,2008-01-19,
8159,Mateo,Novak,mateo.novak8158@example.com,Denver,US,23,2023-05-07,medium
8160,Camille,Achebe,camille.achebe8159@example.com,Freiburg,DE,35,2008-03-17,
8161,Iris,Lindqvist,iris.lindqvist8160@example.com,Freiburg,DE,12,2019-08-21,
8162,Tom,Vogt,tom.vogt8161@example.com,Dunedin,NZ,19,2017-08-23,
8163,Signe,Rossi,signe.rossi8162@example.com,Utrecht,NL,36,2025-12-21,
8164,Emeka,Wexler,emeka.wexler8163@example.com,Victoria,CA,5,2024-11-15,low
8165,Kofi,Renard,kofi.renard8164@example.com,Manchester,GB,7,2017-04-20,low
8166,Tom,Cole,tom.cole8165@example.com,Freiburg,DE,24,2014-03-11,
8167,Jonas,Ueda,jonas.ueda8166@example.com,Victoria,CA,15,2008-07-25,
8168,Jon,Delgado,jon.delgado8167@example.com,Utrecht,NL,6,2016-09-11,
8169,Tomas,Halloran,tomas.halloran8168@example.com,Dunedin,NZ,13,2017-06-22,
8170,Omar,Rossi,omar.rossi8169@example.com,Toronto,CA,16,2022-07-07,
8171,Pieter,Farrow,pieter.farrow8170@example.com,Montpellier,FR,4,2020-04-28,
8172,Yuki,Sandoval,yuki.sandoval8171@example.com,Aarhus,DK,37,2015-09-10,
8173,Pieter,Halloran,pieter.halloran8172@example.com,Uppsala,SE,7,2014-10-21,
8174,Alma,Kirby,alma.kirby8173@example.com,Auckland,NZ,29,2013-08-10,
8175,Tom,Nakamura,tom.nakamura8174@example.com,Bologna,IT,3,2023-08-12,
8176,Ben,Mensah,ben.mensah8175@example.com,Columbus,US,35,2014-04-27,
8177,Fatima,Rahman,fatima.rahman8176@example.com,Groningen,NL,2,2008-07-24,
8178,Felix,Nakamura,felix.nakamura8177@example.com,Cork,IE,14,2012-05-08,
8179,Rosa,Novak,rosa.novak8178@example.com,Montpellier,FR,21,2023-03-07,low
8180,Hugo,Nakamura,hugo.nakamura8179@example.com,Nantes,FR,6,2021-06-01,
8181,Priya,Achebe,priya.achebe8180@example.com,Hobart,AU,15,2022-01-02,low
8182,Greta,Roy,greta.roy8181@example.com,Columbus,US,36,2024-09-12,
8183,Signe,Petrov,signe.petrov8182@example.com,Galway,IE,2,2012-11-12,
8184,Tomas,Lund,tomas.lund8183@example.com,Utrecht,NL,15,2018-05-27,
8185,Alma,Ricci,alma.ricci8184@example.com,Dunedin,NZ,33,2023-05-01,low
8186,Josefina,Nyberg,josefina.nyberg8185@example.com,Bologna,IT,37,2011-03-27,low
8187,Ana,Cole,ana.cole8186@example.com,Tampere,FI,4,2009-08-06,
8188,Rafael,Zamora,rafael.zamora8187@example.com,Denver,US,33,2024-07-18,
8189,Bianca,Mwangi,bianca.mwangi8188@example.com,Freiburg,DE,1,2020-02-15,
8190,Lena,Kirby,lena.kirby8189@example.com,Halifax,CA,1,2011-04-12,
8191,Nell,Nair,nell.nair8190@example.com,Valencia,ES,29,2014-10-08,medium
8192,Tomas,Sorensen,tomas.sorensen8191@example.com,Norwich,GB,7,2018-12-24,
8193,Leila,Castellanos,leila.castellanos8192@example.com,Raleigh,US,31,2011-03-15,
8194,Sofia,Fischer,sofia.fischer8193@example.com,Groningen,NL,15,2015-01-21,high
8195,Yuki,Ueda,yuki.ueda8194@example.com,Dunedin,NZ,37,2010-11-28,
8196,Rosa,Solberg,rosa.solberg8195@example.com,Sheffield,GB,27,2011-01-28,
8197,Yuki,Abbott,yuki.abbott8196@example.com,Cork,IE,28,2019-10-28,
8198,Raj,Petrov,raj.petrov8197@example.com,Porto,PT,28,2016-02-19,
8199,Tom,Haddad,tom.haddad8198@example.com,Adelaide,AU,26,2016-02-02,
8200,Claire,Vogt,claire.vogt8199@example.com,Tampere,FI,4,2013-01-10,
8201,Raj,Farrow,raj.farrow8200@example.com,Nantes,FR,36,2012-05-16,
8202,Iris,Achebe,iris.achebe8201@example.com,Tucson,US,38,2010-10-27,
8203,Dmitri,Diaz,dmitri.diaz8202@example.com,Manchester,GB,6,2016-01-01,low
8204,Sean,Kirby,sean.kirby8203@example.com,Adelaide,AU,9,2024-06-14,
8205,Signe,Moreau,signe.moreau8204@example.com,Freiburg,DE,38,2014-04-19,
8206,Andres,Quinn,andres.quinn8205@example.com,Tampere,FI,11,2014-01-11,
8207,Hugo,Rossi,hugo.rossi8206@example.com,Toronto,CA,20,2019-12-23,
8208,Delphine,Okafor,delphine.okafor8207@example.com,Auckland,NZ,40,2015-07-14,
8209,Claire,Rahman,claire.rahman8208@example.com,Manchester,GB,33,2021-04-22,
8210,Bianca,Reed,bianca.reed8209@example.com,Norwich,GB,20,2025-12-14,
8211,Zara,Thorne,zara.thorne8210@example.com,Bologna,IT,7,2015-08-12,
8212,Maya,Cormack,maya.cormack8211@example.com,Adelaide,AU,38,2018-05-13,medium
8213,Jonas,Kowalski,jonas.kowalski8212@example.com,Porto,PT,37,2023-03-25,
8214,Tobias,Wexler,tobias.wexler8213@example.com,Nantes,FR,11,2023-03-26,
8215,Sara,Mwangi,sara.mwangi8214@example.com,Toronto,CA,10,2025-11-15,
8216,Tomas,Park,tomas.park8215@example.com,Groningen,NL,37,2023-07-27,
8217,Ciara,Kaur,ciara.kaur8216@example.com,Valencia,ES,23,2009-11-03,
8218,Priya,Castellanos,priya.castellanos8217@example.com,Bergen,NO,26,2013-01-17,low
8219,Bianca,Voss,bianca.voss8218@example.com,Bristol,GB,30,2013-04-25,
8220,Bruno,Solberg,bruno.solberg8219@example.com,Norwich,GB,10,2008-05-14,medium
8221,Camille,Vance,camille.vance8220@example.com,Denver,US,9,2012-09-21,medium
8222,Aoife,Marchetti,aoife.marchetti8221@example.com,Utrecht,NL,37,2008-06-20,
8223,Yuki,Tan,yuki.tan8222@example.com,Utrecht,NL,11,2009-01-27,
8224,Tomas,Diaz,tomas.diaz8223@example.com,Halifax,CA,38,2023-06-15,
8225,Signe,Park,signe.park8224@example.com,Porto,PT,16,2019-04-24,
8226,Delphine,Lindqvist,delphine.lindqvist8225@example.com,Uppsala,SE,37,2025-06-02,
8227,Ravi,Frost,ravi.frost8226@example.com,Hobart,AU,36,2025-11-03,
8228,Camille,Baptiste,camille.baptiste8227@example.com,Ljubljana,SI,30,2021-12-12,
8229,Ciara,Bergstrom,ciara.bergstrom8228@example.com,Nantes,FR,1,2012-02-25,
8230,Esme,Nakamura,esme.nakamura8229@example.com,Raleigh,US,26,2024-08-22,
8231,Hugo,Petrov,hugo.petrov8230@example.com,Austin,US,13,2016-07-19,
8232,Sean,Zamora,sean.zamora8231@example.com,Toronto,CA,10,2009-12-08,low
8233,Rafael,Novak,rafael.novak8232@example.com,Tucson,US,27,2023-04-08,
8234,Malik,Rossi,malik.rossi8233@example.com,Norwich,GB,12,2011-03-14,
8235,Rafael,Zamora,rafael.zamora8234@example.com,Bergen,NO,23,2008-09-19,
8236,Hugo,Solberg,hugo.solberg8235@example.com,Nantes,FR,34,2025-05-11,
8237,Pieter,Voss,pieter.voss8236@example.com,Valencia,ES,1,2016-10-17,low
8238,Malik,Kirby,malik.kirby8237@example.com,Norwich,GB,31,2018-10-02,high
8239,Josefina,Beaumont,josefina.beaumont8238@example.com,Valencia,ES,10,2014-07-03,
8240,Tarek,Osei,tarek.osei8239@example.com,Utrecht,NL,12,2012-09-04,
8241,Jonas,Cormack,jonas.cormack8240@example.com,Freiburg,DE,10,2025-01-02,low
8242,Sara,Iqbal,sara.iqbal8241@example.com,Porto,PT,23,2022-08-11,
8243,Noel,Shah,noel.shah8242@example.com,Tucson,US,12,2021-01-02,medium
8244,Wren,Whitfield,wren.whitfield8243@example.com,Porto,PT,15,2022-01-09,
8245,Marta,Larsen,marta.larsen8244@example.com,Utrecht,NL,10,2020-08-07,
8246,Tobias,Haddad,tobias.haddad8245@example.com,Aarhus,DK,35,2009-08-20,high
8247,Noel,Novak,noel.novak8246@example.com,Tucson,US,30,2016-01-19,
8248,Noel,Lund,noel.lund8247@example.com,Halifax,CA,23,2018-04-04,medium
8249,Alma,Rossi,alma.rossi8248@example.com,Leipzig,DE,37,2009-09-13,
8250,Tarek,Castellanos,tarek.castellanos8249@example.com,Portland,US,2,2013-02-13,
8251,Ciara,Baptiste,ciara.baptiste8250@example.com,Sheffield,GB,14,2025-09-19,
8252,Kofi,Shah,kofi.shah8251@example.com,Freiburg,DE,7,2020-04-13,
8253,Ciara,Ferreira,ciara.ferreira8252@example.com,Galway,IE,8,2019-04-18,
8254,Emeka,Kirby,emeka.kirby8253@example.com,Adelaide,AU,18,2013-01-06,medium
8255,Arjun,Reed,arjun.reed8254@example.com,Toronto,CA,27,2015-03-19,low
8256,Leila,Brennan,leila.brennan8255@example.com,Tampere,FI,35,2008-12-08,low
8257,Delphine,Tan,delphine.tan8256@example.com,Galway,IE,6,2014-05-16,low
8258,Nora,Halloran,nora.halloran8257@example.com,Valencia,ES,30,2019-06-12,
8259,Lena,Haddad,lena.haddad8258@example.com,Tampere,FI,32,2010-11-14,
8260,Ingrid,Ashworth,ingrid.ashworth8259@example.com,Hobart,AU,19,2025-01-24,
8261,Ingrid,Nyberg,ingrid.nyberg8260@example.com,Columbus,US,17,2009-07-12,
8262,Hana,Frost,hana.frost8261@example.com,Columbus,US,14,2012-02-19,
8263,Anton,Beaumont,anton.beaumont8262@example.com,Adelaide,AU,9,2017-01-24,
8264,Rosa,Baptiste,rosa.baptiste8263@example.com,Bologna,IT,33,2016-10-23,
8265,Jon,Delgado,jon.delgado8264@example.com,Ljubljana,SI,21,2024-07-12,low
8266,Hugo,Ashworth,hugo.ashworth8265@example.com,Toronto,CA,27,2013-11-25,high
8267,Solveig,Farrow,solveig.farrow8266@example.com,Groningen,NL,15,2016-04-20,
8268,Ana,Ashworth,ana.ashworth8267@example.com,Victoria,CA,13,2024-09-08,low
8269,Fatima,Novak,fatima.novak8268@example.com,Freiburg,DE,5,2024-01-21,
8270,Dmitri,Ferreira,dmitri.ferreira8269@example.com,Victoria,CA,22,2023-02-25,
8271,Sofia,Ellery,sofia.ellery8270@example.com,Tucson,US,22,2022-05-27,
8272,Esme,Ibrahim,esme.ibrahim8271@example.com,Sheffield,GB,17,2020-08-04,
8273,Maya,Kowalski,maya.kowalski8272@example.com,Freiburg,DE,20,2014-05-11,
8274,Maya,Sorensen,maya.sorensen8273@example.com,Norwich,GB,6,2016-10-22,
8275,Nadia,Marchetti,nadia.marchetti8274@example.com,Cork,IE,39,2020-07-21,
8276,Lars,Haddad,lars.haddad8275@example.com,Denver,US,8,2015-09-20,
8277,Omar,Diaz,omar.diaz8276@example.com,Nantes,FR,9,2011-12-10,
8278,Ravi,Reed,ravi.reed8277@example.com,Aarhus,DK,12,2023-08-21,
8279,Eli,Wexler,eli.wexler8278@example.com,Manchester,GB,17,2025-11-12,
8280,Tarek,Solberg,tarek.solberg8279@example.com,Freiburg,DE,25,2011-10-08,low
8281,Malik,Okafor,malik.okafor8280@example.com,Portland,US,36,2008-02-22,
8282,Iris,Rossi,iris.rossi8281@example.com,Bristol,GB,11,2015-06-16,low
8283,Yuki,Thorne,yuki.thorne8282@example.com,Porto,PT,22,2018-03-04,
8284,Ana,Ibrahim,ana.ibrahim8283@example.com,Manchester,GB,30,2020-06-01,medium
8285,Andres,Zamora,andres.zamora8284@example.com,Raleigh,US,2,2024-05-07,
8286,Sean,Sorensen,sean.sorensen8285@example.com,Galway,IE,12,2020-09-11,
8287,Tarek,Thorne,tarek.thorne8286@example.com,Dunedin,NZ,2,2020-10-12,
8288,Lars,Brennan,lars.brennan8287@example.com,Groningen,NL,8,2021-11-08,
8289,Maya,Mwangi,maya.mwangi8288@example.com,Galway,IE,3,2016-07-10,
8290,Anton,Kowalski,anton.kowalski8289@example.com,Cork,IE,8,2019-05-14,
8291,Nell,Tan,nell.tan8290@example.com,Norwich,GB,21,2016-10-09,
8292,Kofi,Mensah,kofi.mensah8291@example.com,Perth,AU,27,2019-02-02,
8293,Sofia,Marchetti,sofia.marchetti8292@example.com,Toronto,CA,13,2008-08-01,
8294,Josefina,Fischer,josefina.fischer8293@example.com,Auckland,NZ,30,2019-08-15,
8295,Ciara,Novak,ciara.novak8294@example.com,Raleigh,US,25,2018-02-12,
8296,Tomas,Thorne,tomas.thorne8295@example.com,Columbus,US,6,2013-11-20,
8297,Nora,Adeyemi,nora.adeyemi8296@example.com,Perth,AU,38,2018-07-10,
8298,Idris,Nakamura,idris.nakamura8297@example.com,Freiburg,DE,10,2022-08-16,medium
8299,Hana,Vance,hana.vance8298@example.com,Hobart,AU,11,2011-01-01,
8300,Hana,Baptiste,hana.baptiste8299@example.com,Adelaide,AU,27,2010-05-05,
8301,Sofia,Lindqvist,sofia.lindqvist8300@example.com,Aarhus,DK,23,2017-11-07,
8302,Sara,Adeyemi,sara.adeyemi8301@example.com,Porto,PT,15,2008-01-23,
8303,Jon,Nakamura,jon.nakamura8302@example.com,Manchester,GB,5,2022-02-13,
8304,Hana,Kirby,hana.kirby8303@example.com,Victoria,CA,1,2025-04-07,
8305,Kwame,Sorensen,kwame.sorensen8304@example.com,Columbus,US,38,2024-01-28,
8306,Dmitri,Sorensen,dmitri.sorensen8305@example.com,Perth,AU,37,2011-01-02,low
8307,Felix,Zamora,felix.zamora8306@example.com,Dunedin,NZ,1,2011-07-03,
8308,Ravi,Vogt,ravi.vogt8307@example.com,Freiburg,DE,37,2008-04-12,
8309,Tarek,Nair,tarek.nair8308@example.com,Norwich,GB,15,2025-08-20,
8310,Kofi,Reed,kofi.reed8309@example.com,Sheffield,GB,37,2008-06-24,
8311,Signe,Ibrahim,signe.ibrahim8310@example.com,Hobart,AU,38,2017-05-13,low
8312,Delphine,Renard,delphine.renard8311@example.com,Columbus,US,8,2021-03-26,
8313,Marta,Tan,marta.tan8312@example.com,Halifax,CA,11,2009-12-16,
8314,Camille,Mensah,camille.mensah8313@example.com,Uppsala,SE,17,2024-08-14,
8315,Anton,Ashworth,anton.ashworth8314@example.com,Raleigh,US,30,2012-09-08,
8316,Tom,Petrov,tom.petrov8315@example.com,Valencia,ES,10,2008-12-19,
8317,Wren,Ueda,wren.ueda8316@example.com,Groningen,NL,9,2019-06-18,
8318,Tarek,Nair,tarek.nair8317@example.com,Dunedin,NZ,6,2016-12-24,
8319,Bruno,Castellanos,bruno.castellanos8318@example.com,Hobart,AU,29,2015-12-20,
8320,Mateo,Baptiste,mateo.baptiste8319@example.com,Aarhus,DK,28,2016-09-23,
8321,Idris,Haddad,idris.haddad8320@example.com,Aarhus,DK,11,2016-01-15,low
8322,Delphine,Abbott,delphine.abbott8321@example.com,Victoria,CA,29,2018-04-28,
8323,Ben,Renard,ben.renard8322@example.com,Dunedin,NZ,24,2016-05-17,low
8324,Marta,Thorne,marta.thorne8323@example.com,Porto,PT,7,2008-07-24,
8325,Josefina,Petrov,josefina.petrov8324@example.com,Utrecht,NL,3,2014-02-25,
8326,Jon,Bergstrom,jon.bergstrom8325@example.com,Bergen,NO,10,2019-11-04,low
8327,Ben,Mwangi,ben.mwangi8326@example.com,Norwich,GB,24,2012-08-25,
8328,Nell,Ashworth,nell.ashworth8327@example.com,Freiburg,DE,27,2023-12-06,high
8329,Amara,Moreau,amara.moreau8328@example.com,Victoria,CA,36,2016-06-24,
8330,Pieter,Abbott,pieter.abbott8329@example.com,Galway,IE,38,2009-08-08,
8331,Maya,Adeyemi,maya.adeyemi8330@example.com,Sheffield,GB,15,2016-06-18,
8332,Leila,Lund,leila.lund8331@example.com,Montpellier,FR,23,2023-07-27,
8333,Jon,Zamora,jon.zamora8332@example.com,Bergen,NO,12,2010-11-24,low
8334,Tomas,Rahman,tomas.rahman8333@example.com,Auckland,NZ,38,2016-06-12,
8335,Emeka,Vance,emeka.vance8334@example.com,Sheffield,GB,5,2013-07-06,
8336,Zara,Lindqvist,zara.lindqvist8335@example.com,Uppsala,SE,22,2012-03-05,low
8337,Raj,Larsen,raj.larsen8336@example.com,Dunedin,NZ,5,2012-03-18,
8338,Rafael,Park,rafael.park8337@example.com,Manchester,GB,7,2024-07-19,
8339,Malik,Osei,malik.osei8338@example.com,Norwich,GB,13,2021-12-12,
8340,Lena,Kowalski,lena.kowalski8339@example.com,Galway,IE,31,2013-09-26,
8341,Camille,Zamora,camille.zamora8340@example.com,Tampere,FI,31,2008-07-04,
8342,Pieter,Farrow,pieter.farrow8341@example.com,Ljubljana,SI,6,2018-08-28,low
8343,Rafael,Thorne,rafael.thorne8342@example.com,Aarhus,DK,27,2023-02-16,
8344,Nora,Petrov,nora.petrov8343@example.com,Victoria,CA,29,2023-06-11,
8345,Tarek,Kaur,tarek.kaur8344@example.com,Victoria,CA,32,2009-03-28,
8346,Greta,Castellanos,greta.castellanos8345@example.com,Ljubljana,SI,19,2010-01-20,
8347,Lars,Ashworth,lars.ashworth8346@example.com,Porto,PT,34,2021-06-28,
8348,Noel,Rahman,noel.rahman8347@example.com,Austin,US,38,2009-10-14,low
8349,Leila,Park,leila.park8348@example.com,Norwich,GB,25,2018-07-08,
8350,Andres,Sandoval,andres.sandoval8349@example.com,Columbus,US,1,2008-08-24,
8351,Ben,Beaumont,ben.beaumont8350@example.com,Perth,AU,35,2008-12-20,
8352,Marta,Bergstrom,marta.bergstrom8351@example.com,Hobart,AU,14,2021-02-20,
8353,Yuki,Silva,yuki.silva8352@example.com,Adelaide,AU,30,2023-05-17,
8354,Iris,Halloran,iris.halloran8353@example.com,Auckland,NZ,30,2009-09-15,
8355,Nadia,Castellanos,nadia.castellanos8354@example.com,Hobart,AU,30,2021-10-25,
8356,Josefina,Hale,josefina.hale8355@example.com,Montpellier,FR,14,2024-12-19,low
8357,Yuki,Ellery,yuki.ellery8356@example.com,Columbus,US,26,2021-06-02,
8358,Kofi,Abbott,kofi.abbott8357@example.com,Leipzig,DE,11,2022-05-22,low
8359,Hugo,Ibrahim,hugo.ibrahim8358@example.com,Galway,IE,10,2013-05-05,
8360,Sean,Hale,sean.hale8359@example.com,Montpellier,FR,37,2023-03-17,
8361,Lars,Sorensen,lars.sorensen8360@example.com,Columbus,US,2,2025-07-14,low
8362,Jonas,Larsen,jonas.larsen8361@example.com,Dunedin,NZ,35,2022-11-17,
8363,Aoife,Hale,aoife.hale8362@example.com,Montpellier,FR,40,2016-06-26,
8364,Nadia,Fischer,nadia.fischer8363@example.com,Hobart,AU,16,2009-08-21,
8365,Tomas,Farrow,tomas.farrow8364@example.com,Perth,AU,16,2011-08-08,
8366,Tobias,Lund,tobias.lund8365@example.com,Dunedin,NZ,3,2008-04-09,
8367,Nell,Wexler,nell.wexler8366@example.com,Bologna,IT,34,2011-10-28,low
8368,Maya,Reed,maya.reed8367@example.com,Utrecht,NL,14,2013-12-15,
8369,Ravi,Castellanos,ravi.castellanos8368@example.com,Leipzig,DE,24,2011-09-21,
8370,Kiran,Halloran,kiran.halloran8369@example.com,Dunedin,NZ,37,2014-04-01,low
8371,Dmitri,Mensah,dmitri.mensah8370@example.com,Bergen,NO,29,2020-01-17,
8372,Sara,Kowalski,sara.kowalski8371@example.com,Bergen,NO,3,2025-05-25,
8373,Jonas,Diaz,jonas.diaz8372@example.com,Toronto,CA,30,2017-03-24,low
8374,Mateo,Petrov,mateo.petrov8373@example.com,Denver,US,14,2024-03-26,low
8375,Arjun,Ashworth,arjun.ashworth8374@example.com,Victoria,CA,31,2012-08-03,
8376,Maya,Castellanos,maya.castellanos8375@example.com,Bristol,GB,14,2015-08-24,
8377,Sean,Fischer,sean.fischer8376@example.com,Bologna,IT,31,2012-05-10,
8378,Mateo,Zamora,mateo.zamora8377@example.com,Freiburg,DE,12,2025-05-02,
8379,Lars,Farrow,lars.farrow8378@example.com,Tampere,FI,31,2025-09-22,
8380,Amara,Ueda,amara.ueda8379@example.com,Tampere,FI,18,2011-03-10,
8381,Priya,Solberg,priya.solberg8380@example.com,Nantes,FR,7,2021-02-10,
8382,Marta,Ferreira,marta.ferreira8381@example.com,Manchester,GB,11,2014-06-17,
8383,Amara,Lindqvist,amara.lindqvist8382@example.com,Manchester,GB,7,2009-06-09,
8384,Ingrid,Delgado,ingrid.delgado8383@example.com,Adelaide,AU,28,2008-07-26,high
8385,Jonas,Lund,jonas.lund8384@example.com,Utrecht,NL,13,2017-08-05,
8386,Ravi,Mensah,ravi.mensah8385@example.com,Ljubljana,SI,1,2011-10-22,
8387,Lars,Nair,lars.nair8386@example.com,Bristol,GB,20,2010-07-16,medium
8388,Idris,Iqbal,idris.iqbal8387@example.com,Freiburg,DE,7,2024-09-18,low
8389,Claire,Okafor,claire.okafor8388@example.com,Montpellier,FR,2,2022-09-27,
8390,Ravi,Osei,ravi.osei8389@example.com,Montpellier,FR,18,2008-03-02,
8391,Maya,Ellery,maya.ellery8390@example.com,Ljubljana,SI,26,2015-05-08,
8392,Kiran,Iqbal,kiran.iqbal8391@example.com,Aarhus,DK,3,2012-08-13,
8393,Claire,Thorne,claire.thorne8392@example.com,Norwich,GB,29,2009-08-09,
8394,Ana,Ricci,ana.ricci8393@example.com,Nantes,FR,21,2017-04-08,
8395,Jon,Kirby,jon.kirby8394@example.com,Auckland,NZ,26,2014-08-17,medium
8396,Delphine,Ellery,delphine.ellery8395@example.com,Portland,US,10,2017-09-07,
8397,Eli,Rossi,eli.rossi8396@example.com,Utrecht,NL,32,2010-09-09,
8398,Maya,Haddad,maya.haddad8397@example.com,Raleigh,US,8,2018-02-14,medium
8399,Greta,Novak,greta.novak8398@example.com,Denver,US,31,2010-12-02,
8400,Amara,Castellanos,amara.castellanos8399@example.com,Montpellier,FR,40,2017-11-20,
8401,Ingrid,Mwangi,ingrid.mwangi8400@example.com,Tampere,FI,13,2022-12-22,
8402,Noel,Halloran,noel.halloran8401@example.com,Victoria,CA,11,2018-10-21,
8403,Ana,Abbott,ana.abbott8402@example.com,Bristol,GB,13,2024-02-04,low
8404,Arjun,Kowalski,arjun.kowalski8403@example.com,Freiburg,DE,14,2012-11-08,
8405,Hana,Vogt,hana.vogt8404@example.com,Montpellier,FR,40,2023-11-03,medium
8406,Lars,Cormack,lars.cormack8405@example.com,Nantes,FR,14,2024-03-25,
8407,Camille,Novak,camille.novak8406@example.com,Portland,US,38,2011-05-01,
8408,Lars,Kowalski,lars.kowalski8407@example.com,Columbus,US,30,2017-01-25,
8409,Ana,Ellery,ana.ellery8408@example.com,Hobart,AU,13,2022-02-04,
8410,Maya,Vance,maya.vance8409@example.com,Aarhus,DK,33,2011-12-03,
8411,Josefina,Kowalski,josefina.kowalski8410@example.com,Bristol,GB,7,2008-10-06,
8412,Nadia,Lindqvist,nadia.lindqvist8411@example.com,Halifax,CA,39,2019-12-11,medium
8413,Samir,Moreau,samir.moreau8412@example.com,Uppsala,SE,36,2014-12-12,
8414,Sean,Okafor,sean.okafor8413@example.com,Uppsala,SE,39,2021-10-02,
8415,Andres,Fischer,andres.fischer8414@example.com,Adelaide,AU,32,2008-06-04,
8416,Ben,Frost,ben.frost8415@example.com,Freiburg,DE,6,2013-07-03,
8417,Andres,Rahman,andres.rahman8416@example.com,Freiburg,DE,10,2016-09-06,
8418,Pieter,Diaz,pieter.diaz8417@example.com,Austin,US,29,2009-06-24,medium
8419,Mateo,Nyberg,mateo.nyberg8418@example.com,Victoria,CA,23,2018-04-18,low
8420,Hana,Halloran,hana.halloran8419@example.com,Utrecht,NL,29,2017-08-07,
8421,Rafael,Ueda,rafael.ueda8420@example.com,Ljubljana,SI,7,2010-01-16,
8422,Tom,Halloran,tom.halloran8421@example.com,Ljubljana,SI,23,2015-01-28,
8423,Mateo,Baptiste,mateo.baptiste8422@example.com,Dunedin,NZ,38,2009-11-02,
8424,Priya,Cormack,priya.cormack8423@example.com,Montpellier,FR,6,2019-08-13,
8425,Solveig,Ashworth,solveig.ashworth8424@example.com,Tampere,FI,32,2021-11-18,low
8426,Andres,Petrov,andres.petrov8425@example.com,Halifax,CA,8,2008-12-28,low
8427,Hana,Bauer,hana.bauer8426@example.com,Columbus,US,3,2025-11-14,
8428,Bianca,Iqbal,bianca.iqbal8427@example.com,Valencia,ES,38,2012-04-16,
8429,Nell,Ashworth,nell.ashworth8428@example.com,Groningen,NL,38,2008-06-11,
8430,Jonas,Abbott,jonas.abbott8429@example.com,Columbus,US,39,2012-09-26,
8431,Malik,Hale,malik.hale8430@example.com,Hobart,AU,38,2022-11-24,
8432,Tarek,Marchetti,tarek.marchetti8431@example.com,Austin,US,40,2019-09-17,medium
8433,Iris,Okafor,iris.okafor8432@example.com,Perth,AU,4,2016-03-03,
8434,Lars,Ashworth,lars.ashworth8433@example.com,Porto,PT,6,2021-08-11,medium
8435,Malik,Ibrahim,malik.ibrahim8434@example.com,Bergen,NO,24,2019-09-24,
8436,Tom,Quinn,tom.quinn8435@example.com,Freiburg,DE,40,2017-05-20,
8437,Iris,Ueda,iris.ueda8436@example.com,Cork,IE,21,2022-08-21,
8438,Viktor,Ashworth,viktor.ashworth8437@example.com,Nantes,FR,34,2012-08-03,medium
8439,Fatima,Lund,fatima.lund8438@example.com,Tucson,US,1,2010-08-05,
8440,Kofi,Novak,kofi.novak8439@example.com,Columbus,US,14,2011-11-08,
8441,Ana,Ashworth,ana.ashworth8440@example.com,Ljubljana,SI,24,2009-06-20,low
8442,Solveig,Nakamura,solveig.nakamura8441@example.com,Manchester,GB,19,2012-03-03,
8443,Bruno,Ferreira,bruno.ferreira8442@example.com,Freiburg,DE,3,2014-05-09,
8444,Hugo,Abbott,hugo.abbott8443@example.com,Portland,US,37,2025-06-21,
8445,Pieter,Sandoval,pieter.sandoval8444@example.com,Norwich,GB,29,2020-01-05,
8446,Nadia,Diaz,nadia.diaz8445@example.com,Nantes,FR,38,2025-05-03,medium
8447,Elena,Rossi,elena.rossi8446@example.com,Bologna,IT,35,2013-07-25,high
8448,Aoife,Vogt,aoife.vogt8447@example.com,Adelaide,AU,28,2010-01-19,
8449,Tom,Frost,tom.frost8448@example.com,Norwich,GB,18,2023-05-26,
8450,Arjun,Renard,arjun.renard8449@example.com,Sheffield,GB,17,2018-03-28,
8451,Malik,Roy,malik.roy8450@example.com,Nantes,FR,19,2015-12-22,
8452,Elena,Rossi,elena.rossi8451@example.com,Auckland,NZ,19,2018-11-27,
8453,Felix,Renard,felix.renard8452@example.com,Cork,IE,10,2023-06-24,low
8454,Lars,Ellery,lars.ellery8453@example.com,Toronto,CA,9,2017-02-23,low
8455,Dmitri,Shah,dmitri.shah8454@example.com,Tucson,US,39,2020-09-28,
8456,Felix,Marchetti,felix.marchetti8455@example.com,Bristol,GB,19,2017-03-23,
8457,Tobias,Nair,tobias.nair8456@example.com,Leipzig,DE,12,2013-06-16,
8458,Bruno,Abbott,bruno.abbott8457@example.com,Adelaide,AU,35,2012-01-28,
8459,Hana,Adeyemi,hana.adeyemi8458@example.com,Victoria,CA,32,2022-07-04,
8460,Maya,Bergstrom,maya.bergstrom8459@example.com,Tucson,US,14,2013-01-19,
8461,Idris,Brennan,idris.brennan8460@example.com,Toronto,CA,4,2025-02-08,
8462,Sofia,Kowalski,sofia.kowalski8461@example.com,Valencia,ES,12,2019-10-07,medium
8463,Tarek,Kaur,tarek.kaur8462@example.com,Adelaide,AU,4,2023-07-07,
8464,Emeka,Kowalski,emeka.kowalski8463@example.com,Ljubljana,SI,14,2025-11-21,low
8465,Priya,Frost,priya.frost8464@example.com,Ljubljana,SI,31,2014-02-05,
8466,Greta,Shah,greta.shah8465@example.com,Tucson,US,13,2022-11-21,low
8467,Felix,Achebe,felix.achebe8466@example.com,Utrecht,NL,26,2021-02-19,
8468,Dmitri,Vogt,dmitri.vogt8467@example.com,Groningen,NL,30,2012-08-13,
8469,Tom,Vance,tom.vance8468@example.com,Porto,PT,15,2008-03-21,
8470,Alma,Haddad,alma.haddad8469@example.com,Denver,US,13,2015-06-10,
8471,Maya,Ashworth,maya.ashworth8470@example.com,Montpellier,FR,17,2025-11-05,
8472,Arjun,Renard,arjun.renard8471@example.com,Halifax,CA,1,2024-04-02,low
8473,Tarek,Roy,tarek.roy8472@example.com,Porto,PT,8,2022-07-10,
8474,Zara,Solberg,zara.solberg8473@example.com,Aarhus,DK,34,2018-01-15,
8475,Lena,Sandoval,lena.sandoval8474@example.com,Bologna,IT,22,2018-07-14,
8476,Marta,Silva,marta.silva8475@example.com,Bristol,GB,13,2017-04-15,
8477,Samir,Adeyemi,samir.adeyemi8476@example.com,Uppsala,SE,21,2016-12-02,
8478,Kiran,Park,kiran.park8477@example.com,Galway,IE,7,2017-10-06,
8479,Andres,Larsen,andres.larsen8478@example.com,Tampere,FI,2,2013-07-28,
8480,Kiran,Cole,kiran.cole8479@example.com,Bologna,IT,11,2020-07-25,
8481,Amara,Quinn,amara.quinn8480@example.com,Portland,US,38,2016-01-09,low
8482,Lena,Marchetti,lena.marchetti8481@example.com,Dunedin,NZ,31,2022-03-28,
8483,Samir,Fischer,samir.fischer8482@example.com,Hobart,AU,12,2014-12-20,
8484,Amara,Lindqvist,amara.lindqvist8483@example.com,Uppsala,SE,13,2021-02-28,low
8485,Alma,Fischer,alma.fischer8484@example.com,Bristol,GB,20,2015-11-17,
8486,Jon,Rossi,jon.rossi8485@example.com,Bristol,GB,16,2022-07-23,
8487,Ravi,Vogt,ravi.vogt8486@example.com,Auckland,NZ,26,2025-07-13,
8488,Lars,Thorne,lars.thorne8487@example.com,Tampere,FI,24,2010-07-23,
8489,Anton,Quinn,anton.quinn8488@example.com,Cork,IE,38,2012-01-13,
8490,Eli,Mwangi,eli.mwangi8489@example.com,Tucson,US,38,2009-06-25,low
8491,Ciara,Fischer,ciara.fischer8490@example.com,Hobart,AU,23,2015-11-25,
8492,Alma,Cole,alma.cole8491@example.com,Freiburg,DE,5,2018-07-22,
8493,Sara,Achebe,sara.achebe8492@example.com,Tampere,FI,29,2009-08-27,high
8494,Lena,Silva,lena.silva8493@example.com,Hobart,AU,31,2017-01-08,
8495,Sara,Baptiste,sara.baptiste8494@example.com,Tampere,FI,24,2020-12-06,
8496,Delphine,Marchetti,delphine.marchetti8495@example.com,Raleigh,US,34,2020-04-14,medium
8497,Lena,Larsen,lena.larsen8496@example.com,Norwich,GB,31,2013-07-09,
8498,Hugo,Silva,hugo.silva8497@example.com,Hobart,AU,23,2008-08-28,
8499,Noel,Baptiste,noel.baptiste8498@example.com,Sheffield,GB,19,2019-02-20,high
8500,Bruno,Vogt,bruno.vogt8499@example.com,Victoria,CA,32,2016-07-09,medium
8501,Kwame,Ellery,kwame.ellery8500@example.com,Halifax,CA,35,2018-01-16,
8502,Bruno,Vogt,bruno.vogt8501@example.com,Columbus,US,13,2010-08-27,
8503,Solveig,Cormack,solveig.cormack8502@example.com,Dunedin,NZ,26,2016-11-18,
8504,Greta,Silva,greta.silva8503@example.com,Montpellier,FR,31,2013-02-26,medium
8505,Iris,Roy,iris.roy8504@example.com,Bologna,IT,31,2019-06-17,low
8506,Hana,Achebe,hana.achebe8505@example.com,Cork,IE,30,2021-10-04,low
8507,Fatima,Ellery,fatima.ellery8506@example.com,Dunedin,NZ,7,2022-09-14,medium
8508,Tobias,Petrov,tobias.petrov8507@example.com,Galway,IE,12,2011-02-01,low
8509,Ingrid,Iqbal,ingrid.iqbal8508@example.com,Bergen,NO,11,2011-12-02,high
8510,Ciara,Cormack,ciara.cormack8509@example.com,Tucson,US,23,2013-10-05,low
8511,Pieter,Shah,pieter.shah8510@example.com,Freiburg,DE,34,2018-09-06,low
8512,Ana,Moreau,ana.moreau8511@example.com,Montpellier,FR,14,2016-04-17,
8513,Tomas,Achebe,tomas.achebe8512@example.com,Uppsala,SE,29,2013-10-16,low
8514,Nadia,Kowalski,nadia.kowalski8513@example.com,Uppsala,SE,28,2013-08-27,low
8515,Noel,Okafor,noel.okafor8514@example.com,Bergen,NO,26,2012-10-19,low
8516,Eli,Nyberg,eli.nyberg8515@example.com,Ljubljana,SI,27,2012-04-17,
8517,Emeka,Beaumont,emeka.beaumont8516@example.com,Cork,IE,3,2015-12-28,medium
8518,Leila,Kowalski,leila.kowalski8517@example.com,Bristol,GB,4,2018-02-09,
8519,Yuki,Silva,yuki.silva8518@example.com,Utrecht,NL,17,2022-06-15,
8520,Sean,Brennan,sean.brennan8519@example.com,Columbus,US,15,2020-06-20,
8521,Elena,Adeyemi,elena.adeyemi8520@example.com,Utrecht,NL,9,2016-06-16,
8522,Bruno,Lindqvist,bruno.lindqvist8521@example.com,Aarhus,DK,6,2025-01-05,
8523,Dmitri,Wexler,dmitri.wexler8522@example.com,Galway,IE,25,2014-09-10,
8524,Esme,Kowalski,esme.kowalski8523@example.com,Aarhus,DK,14,2009-07-16,low
8525,Jon,Zamora,jon.zamora8524@example.com,Uppsala,SE,8,2013-11-12,
8526,Samir,Diaz,samir.diaz8525@example.com,Norwich,GB,40,2021-02-17,
8527,Idris,Larsen,idris.larsen8526@example.com,Auckland,NZ,33,2021-08-09,
8528,Amara,Kaur,amara.kaur8527@example.com,Aarhus,DK,12,2016-07-09,
8529,Esme,Shah,esme.shah8528@example.com,Bologna,IT,13,2025-10-22,
8530,Lars,Fischer,lars.fischer8529@example.com,Tampere,FI,14,2015-01-01,
8531,Signe,Mensah,signe.mensah8530@example.com,Tampere,FI,17,2022-07-11,
8532,Nadia,Kowalski,nadia.kowalski8531@example.com,Norwich,GB,30,2018-08-08,medium
8533,Ingrid,Nair,ingrid.nair8532@example.com,Perth,AU,23,2021-07-24,
8534,Sara,Bauer,sara.bauer8533@example.com,Nantes,FR,14,2013-05-07,low
8535,Fatima,Lund,fatima.lund8534@example.com,Valencia,ES,16,2020-08-21,
8536,Marta,Kirby,marta.kirby8535@example.com,Perth,AU,39,2023-11-14,
8537,Ingrid,Nakamura,ingrid.nakamura8536@example.com,Bristol,GB,30,2010-09-04,high
8538,Noel,Nyberg,noel.nyberg8537@example.com,Porto,PT,6,2013-05-27,
8539,Maya,Sandoval,maya.sandoval8538@example.com,Portland,US,19,2014-08-01,low
8540,Eli,Okafor,eli.okafor8539@example.com,Bologna,IT,9,2021-12-12,
8541,Ravi,Thorne,ravi.thorne8540@example.com,Portland,US,20,2025-06-09,low
8542,Tomas,Voss,tomas.voss8541@example.com,Bologna,IT,14,2019-05-19,
8543,Wren,Delgado,wren.delgado8542@example.com,Montpellier,FR,33,2019-11-23,medium
8544,Leila,Whitfield,leila.whitfield8543@example.com,Valencia,ES,28,2022-08-22,
8545,Tarek,Sorensen,tarek.sorensen8544@example.com,Ljubljana,SI,4,2014-06-20,
8546,Raj,Kirby,raj.kirby8545@example.com,Toronto,CA,23,2013-12-12,
8547,Sara,Vogt,sara.vogt8546@example.com,Bristol,GB,5,2018-09-07,
8548,Idris,Halloran,idris.halloran8547@example.com,Bologna,IT,26,2008-07-02,
8549,Signe,Reed,signe.reed8548@example.com,Freiburg,DE,7,2021-11-09,
8550,Ciara,Park,ciara.park8549@example.com,Utrecht,NL,7,2023-02-12,
8551,Marta,Renard,marta.renard8550@example.com,Tampere,FI,38,2022-06-04,low
8552,Nell,Brennan,nell.brennan8551@example.com,Montpellier,FR,23,2019-11-22,
8553,Andres,Thorne,andres.thorne8552@example.com,Denver,US,2,2011-04-04,
8554,Hugo,Petrov,hugo.petrov8553@example.com,Valencia,ES,24,2009-11-13,low
8555,Anton,Renard,anton.renard8554@example.com,Uppsala,SE,16,2020-08-04,
8556,Ciara,Ricci,ciara.ricci8555@example.com,Bergen,NO,26,2008-05-18,
8557,Tobias,Voss,tobias.voss8556@example.com,Tampere,FI,20,2008-12-03,
8558,Rafael,Beaumont,rafael.beaumont8557@example.com,Auckland,NZ,7,2011-01-23,
8559,Delphine,Bergstrom,delphine.bergstrom8558@example.com,Denver,US,34,2019-06-27,low
8560,Tobias,Moreau,tobias.moreau8559@example.com,Galway,IE,26,2016-03-25,
8561,Pieter,Zamora,pieter.zamora8560@example.com,Montpellier,FR,20,2008-02-19,
8562,Sara,Bergstrom,sara.bergstrom8561@example.com,Raleigh,US,12,2016-05-09,
8563,Ben,Bauer,ben.bauer8562@example.com,Norwich,GB,4,2012-01-06,
8564,Alma,Marchetti,alma.marchetti8563@example.com,Leipzig,DE,18,2019-01-04,
8565,Ingrid,Tan,ingrid.tan8564@example.com,Raleigh,US,18,2009-08-28,
8566,Sara,Ellery,sara.ellery8565@example.com,Aarhus,DK,2,2012-03-21,
8567,Hugo,Sorensen,hugo.sorensen8566@example.com,Montpellier,FR,30,2008-04-22,
8568,Idris,Cole,idris.cole8567@example.com,Columbus,US,19,2015-12-07,
8569,Maya,Roy,maya.roy8568@example.com,Bergen,NO,24,2019-02-03,
8570,Amara,Larsen,amara.larsen8569@example.com,Tucson,US,32,2023-04-05,
8571,Rafael,Haddad,rafael.haddad8570@example.com,Bergen,NO,3,2022-08-26,
8572,Kiran,Nair,kiran.nair8571@example.com,Bologna,IT,8,2022-03-10,
8573,Priya,Cormack,priya.cormack8572@example.com,Freiburg,DE,6,2020-04-10,high
8574,Felix,Haddad,felix.haddad8573@example.com,Leipzig,DE,20,2011-07-17,low
8575,Bianca,Ricci,bianca.ricci8574@example.com,Austin,US,9,2013-11-08,low
8576,Hugo,Kaur,hugo.kaur8575@example.com,Denver,US,24,2022-06-04,medium
8577,Kiran,Nyberg,kiran.nyberg8576@example.com,Cork,IE,24,2017-05-22,
8578,Malik,Kirby,malik.kirby8577@example.com,Freiburg,DE,27,2014-06-06,
8579,Maya,Novak,maya.novak8578@example.com,Manchester,GB,18,2017-03-24,
8580,Kiran,Park,kiran.park8579@example.com,Freiburg,DE,23,2020-10-12,low
8581,Yuki,Bauer,yuki.bauer8580@example.com,Aarhus,DK,6,2023-08-25,
8582,Nadia,Achebe,nadia.achebe8581@example.com,Victoria,CA,14,2023-06-23,
8583,Samir,Rossi,samir.rossi8582@example.com,Ljubljana,SI,24,2022-07-17,
8584,Hugo,Renard,hugo.renard8583@example.com,Bologna,IT,26,2025-10-03,
8585,Emeka,Marchetti,emeka.marchetti8584@example.com,Adelaide,AU,8,2020-09-23,
8586,Elena,Ibrahim,elena.ibrahim8585@example.com,Portland,US,2,2019-09-11,low
8587,Felix,Kirby,felix.kirby8586@example.com,Valencia,ES,22,2015-06-08,
8588,Felix,Nakamura,felix.nakamura8587@example.com,Denver,US,11,2020-05-19,
8589,Raj,Ashworth,raj.ashworth8588@example.com,Perth,AU,4,2018-01-14,
8590,Tobias,Beaumont,tobias.beaumont8589@example.com,Tucson,US,32,2020-07-02,
8591,Wren,Hale,wren.hale8590@example.com,Halifax,CA,11,2020-08-10,low
8592,Signe,Nair,signe.nair8591@example.com,Dunedin,NZ,8,2018-07-08,
8593,Mateo,Voss,mateo.voss8592@example.com,Montpellier,FR,21,2014-10-21,low
8594,Omar,Achebe,omar.achebe8593@example.com,Bergen,NO,21,2012-11-11,low
8595,Malik,Dubois,malik.dubois8594@example.com,Tampere,FI,40,2012-10-24,low
8596,Aoife,Vogt,aoife.vogt8595@example.com,Auckland,NZ,18,2012-01-22,
8597,Sean,Nakamura,sean.nakamura8596@example.com,Auckland,NZ,3,2011-10-11,low
8598,Rosa,Abbott,rosa.abbott8597@example.com,Galway,IE,7,2022-02-22,low
8599,Sean,Vance,sean.vance8598@example.com,Tucson,US,23,2019-04-02,medium
8600,Lena,Kaur,lena.kaur8599@example.com,Auckland,NZ,10,2010-05-07,
8601,Delphine,Petrov,delphine.petrov8600@example.com,Galway,IE,10,2009-08-12,low
8602,Zara,Fischer,zara.fischer8601@example.com,Sheffield,GB,37,2009-06-09,
8603,Delphine,Sandoval,delphine.sandoval8602@example.com,Denver,US,20,2017-10-03,
8604,Priya,Voss,priya.voss8603@example.com,Hobart,AU,37,2023-09-17,low
8605,Delphine,Vogt,delphine.vogt8604@example.com,Denver,US,18,2017-08-01,
8606,Esme,Diaz,esme.diaz8605@example.com,Uppsala,SE,13,2009-11-28,
8607,Leila,Halloran,leila.halloran8606@example.com,Denver,US,4,2012-12-14,
8608,Fatima,Nyberg,fatima.nyberg8607@example.com,Nantes,FR,31,2014-04-09,
8609,Felix,Adeyemi,felix.adeyemi8608@example.com,Victoria,CA,31,2013-08-12,medium
8610,Jon,Bauer,jon.bauer8609@example.com,Freiburg,DE,9,2024-10-09,
8611,Signe,Halloran,signe.halloran8610@example.com,Hobart,AU,36,2024-10-24,
8612,Yuki,Mwangi,yuki.mwangi8611@example.com,Bristol,GB,2,2021-12-05,
8613,Idris,Beaumont,idris.beaumont8612@example.com,Hobart,AU,39,2022-01-08,
8614,Lena,Vogt,lena.vogt8613@example.com,Uppsala,SE,33,2012-02-06,
8615,Rafael,Frost,rafael.frost8614@example.com,Ljubljana,SI,27,2025-12-24,
8616,Nora,Ellery,nora.ellery8615@example.com,Hobart,AU,32,2017-08-09,
8617,Tarek,Delgado,tarek.delgado8616@example.com,Perth,AU,5,2018-06-26,low
8618,Fatima,Reed,fatima.reed8617@example.com,Dunedin,NZ,33,2013-10-05,low
8619,Anton,Abbott,anton.abbott8618@example.com,Auckland,NZ,12,2012-12-17,
8620,Sara,Brennan,sara.brennan8619@example.com,Columbus,US,26,2019-05-05,
8621,Signe,Marchetti,signe.marchetti8620@example.com,Perth,AU,37,2010-10-01,
8622,Tomas,Tan,tomas.tan8621@example.com,Galway,IE,9,2015-02-21,
8623,Tobias,Lindqvist,tobias.lindqvist8622@example.com,Bristol,GB,19,2014-07-02,
8624,Nora,Quinn,nora.quinn8623@example.com,Portland,US,27,2014-06-21,
8625,Mateo,Okafor,mateo.okafor8624@example.com,Halifax,CA,21,2024-05-05,
8626,Pieter,Kirby,pieter.kirby8625@example.com,Bergen,NO,23,2015-12-26,
8627,Nell,Farrow,nell.farrow8626@example.com,Manchester,GB,25,2024-12-06,
8628,Ana,Baptiste,ana.baptiste8627@example.com,Victoria,CA,2,2020-03-25,
8629,Amara,Halloran,amara.halloran8628@example.com,Bergen,NO,27,2011-08-16,medium
8630,Priya,Kirby,priya.kirby8629@example.com,Austin,US,10,2016-10-05,
8631,Sean,Iqbal,sean.iqbal8630@example.com,Sheffield,GB,31,2019-01-17,
8632,Idris,Moreau,idris.moreau8631@example.com,Toronto,CA,8,2021-08-04,low
8633,Malik,Rossi,malik.rossi8632@example.com,Uppsala,SE,4,2013-04-02,
8634,Solveig,Voss,solveig.voss8633@example.com,Raleigh,US,32,2019-10-20,low
8635,Rosa,Sorensen,rosa.sorensen8634@example.com,Dunedin,NZ,39,2015-05-27,
8636,Zara,Rossi,zara.rossi8635@example.com,Halifax,CA,11,2023-10-02,
8637,Omar,Ellery,omar.ellery8636@example.com,Nantes,FR,7,2022-10-27,medium
8638,Amara,Iqbal,amara.iqbal8637@example.com,Montpellier,FR,40,2013-03-15,
8639,Bruno,Tan,bruno.tan8638@example.com,Raleigh,US,8,2024-09-24,
8640,Yuki,Silva,yuki.silva8639@example.com,Uppsala,SE,14,2017-07-21,
8641,Sara,Farrow,sara.farrow8640@example.com,Perth,AU,8,2013-08-02,
8642,Tomas,Ellery,tomas.ellery8641@example.com,Bergen,NO,9,2009-01-11,
8643,Idris,Dubois,idris.dubois8642@example.com,Hobart,AU,26,2021-10-19,
8644,Priya,Cormack,priya.cormack8643@example.com,Denver,US,12,2019-08-04,low
8645,Leila,Achebe,leila.achebe8644@example.com,Ljubljana,SI,23,2016-02-15,
8646,Idris,Adeyemi,idris.adeyemi8645@example.com,Dunedin,NZ,27,2012-08-17,low
8647,Josefina,Delgado,josefina.delgado8646@example.com,Tampere,FI,31,2010-01-24,medium
8648,Kwame,Frost,kwame.frost8647@example.com,Nantes,FR,34,2025-04-27,
8649,Bianca,Renard,bianca.renard8648@example.com,Auckland,NZ,16,2015-06-09,low
8650,Josefina,Ferreira,josefina.ferreira8649@example.com,Dunedin,NZ,28,2022-11-12,
8651,Priya,Nair,priya.nair8650@example.com,Raleigh,US,9,2020-02-04,
8652,Omar,Okafor,omar.okafor8651@example.com,Denver,US,3,2008-09-15,
8653,Nell,Ibrahim,nell.ibrahim8652@example.com,Raleigh,US,33,2020-08-25,
8654,Alma,Renard,alma.renard8653@example.com,Bologna,IT,35,2023-01-18,medium
8655,Kwame,Kowalski,kwame.kowalski8654@example.com,Raleigh,US,3,2013-01-19,low
8656,Camille,Wexler,camille.wexler8655@example.com,Bergen,NO,10,2021-06-17,
8657,Kwame,Okafor,kwame.okafor8656@example.com,Montpellier,FR,23,2009-02-08,
8658,Anton,Adeyemi,anton.adeyemi8657@example.com,Ljubljana,SI,3,2023-09-09,
8659,Amara,Fischer,amara.fischer8658@example.com,Toronto,CA,20,2022-02-26,
8660,Hugo,Voss,hugo.voss8659@example.com,Manchester,GB,17,2012-06-22,low
8661,Idris,Bauer,idris.bauer8660@example.com,Denver,US,3,2011-02-22,low
8662,Leila,Ueda,leila.ueda8661@example.com,Manchester,GB,40,2016-06-14,
8663,Iris,Vogt,iris.vogt8662@example.com,Columbus,US,40,2020-07-06,
8664,Mateo,Rahman,mateo.rahman8663@example.com,Galway,IE,29,2019-08-03,
8665,Tom,Larsen,tom.larsen8664@example.com,Valencia,ES,39,2021-08-27,
8666,Alma,Marchetti,alma.marchetti8665@example.com,Bologna,IT,15,2020-11-05,
8667,Amara,Reed,amara.reed8666@example.com,Aarhus,DK,14,2016-08-02,medium
8668,Eli,Rahman,eli.rahman8667@example.com,Denver,US,20,2010-05-26,
8669,Tomas,Shah,tomas.shah8668@example.com,Leipzig,DE,24,2013-12-22,
8670,Priya,Ellery,priya.ellery8669@example.com,Tampere,FI,9,2018-04-04,low
8671,Marta,Rossi,marta.rossi8670@example.com,Columbus,US,29,2011-09-11,
8672,Jon,Osei,jon.osei8671@example.com,Norwich,GB,36,2015-09-27,low
8673,Tarek,Ueda,tarek.ueda8672@example.com,Groningen,NL,10,2025-05-12,low
8674,Sara,Park,sara.park8673@example.com,Manchester,GB,30,2013-03-22,
8675,Dmitri,Frost,dmitri.frost8674@example.com,Portland,US,10,2010-10-06,
8676,Mateo,Fischer,mateo.fischer8675@example.com,Austin,US,14,2015-02-06,low
8677,Elena,Kirby,elena.kirby8676@example.com,Adelaide,AU,16,2009-04-08,
8678,Malik,Rahman,malik.rahman8677@example.com,Bologna,IT,17,2015-02-11,
8679,Bianca,Reed,bianca.reed8678@example.com,Montpellier,FR,12,2018-03-09,
8680,Hugo,Shah,hugo.shah8679@example.com,Galway,IE,5,2010-09-07,medium
8681,Priya,Sorensen,priya.sorensen8680@example.com,Columbus,US,21,2017-01-05,
8682,Ciara,Adeyemi,ciara.adeyemi8681@example.com,Tampere,FI,1,2008-01-01,
8683,Malik,Iqbal,malik.iqbal8682@example.com,Nantes,FR,30,2022-12-20,
8684,Esme,Roy,esme.roy8683@example.com,Tampere,FI,33,2009-05-27,low
8685,Priya,Novak,priya.novak8684@example.com,Tucson,US,13,2011-09-10,
8686,Amara,Nair,amara.nair8685@example.com,Groningen,NL,35,2023-03-01,
8687,Felix,Nair,felix.nair8686@example.com,Norwich,GB,29,2015-01-11,
8688,Marta,Okafor,marta.okafor8687@example.com,Tampere,FI,5,2021-06-05,low
8689,Aoife,Sorensen,aoife.sorensen8688@example.com,Bergen,NO,23,2017-11-14,
8690,Amara,Baptiste,amara.baptiste8689@example.com,Portland,US,27,2015-06-28,
8691,Felix,Quinn,felix.quinn8690@example.com,Tampere,FI,9,2014-05-22,
8692,Samir,Kaur,samir.kaur8691@example.com,Tucson,US,23,2025-08-05,
8693,Nell,Adeyemi,nell.adeyemi8692@example.com,Columbus,US,32,2022-03-09,
8694,Malik,Baptiste,malik.baptiste8693@example.com,Bristol,GB,11,2009-07-15,high
8695,Nell,Dubois,nell.dubois8694@example.com,Raleigh,US,3,2015-05-23,
8696,Jon,Hale,jon.hale8695@example.com,Ljubljana,SI,35,2010-04-20,
8697,Josefina,Reed,josefina.reed8696@example.com,Raleigh,US,20,2010-08-24,
8698,Aoife,Iqbal,aoife.iqbal8697@example.com,Leipzig,DE,17,2019-11-11,
8699,Zara,Abbott,zara.abbott8698@example.com,Adelaide,AU,37,2013-05-24,
8700,Viktor,Lindqvist,viktor.lindqvist8699@example.com,Raleigh,US,29,2024-09-14,
8701,Priya,Thorne,priya.thorne8700@example.com,Ljubljana,SI,31,2017-03-18,
8702,Ciara,Larsen,ciara.larsen8701@example.com,Norwich,GB,7,2020-05-09,low
8703,Samir,Adeyemi,samir.adeyemi8702@example.com,Galway,IE,6,2011-01-24,
8704,Elena,Quinn,elena.quinn8703@example.com,Galway,IE,27,2017-10-10,
8705,Sara,Marchetti,sara.marchetti8704@example.com,Tampere,FI,1,2014-12-17,
8706,Dmitri,Iqbal,dmitri.iqbal8705@example.com,Columbus,US,32,2010-06-05,
8707,Lars,Roy,lars.roy8706@example.com,Hobart,AU,29,2020-12-03,low
8708,Idris,Quinn,idris.quinn8707@example.com,Uppsala,SE,7,2010-01-01,
8709,Amara,Sorensen,amara.sorensen8708@example.com,Leipzig,DE,15,2009-04-11,
8710,Maya,Haddad,maya.haddad8709@example.com,Tampere,FI,7,2020-04-07,
8711,Bianca,Ellery,bianca.ellery8710@example.com,Montpellier,FR,15,2017-03-08,
8712,Ravi,Larsen,ravi.larsen8711@example.com,Victoria,CA,24,2025-09-15,medium
8713,Greta,Cole,greta.cole8712@example.com,Hobart,AU,9,2013-08-24,low
8714,Ravi,Larsen,ravi.larsen8713@example.com,Toronto,CA,5,2022-06-28,
8715,Anton,Vance,anton.vance8714@example.com,Freiburg,DE,14,2019-01-21,
8716,Ben,Thorne,ben.thorne8715@example.com,Tampere,FI,11,2011-05-03,
8717,Anton,Sandoval,anton.sandoval8716@example.com,Cork,IE,14,2009-10-09,low
8718,Nora,Okafor,nora.okafor8717@example.com,Denver,US,22,2014-07-11,
8719,Solveig,Mwangi,solveig.mwangi8718@example.com,Cork,IE,1,2017-01-28,
8720,Greta,Bauer,greta.bauer8719@example.com,Bologna,IT,30,2018-01-23,
8721,Solveig,Moreau,solveig.moreau8720@example.com,Tucson,US,19,2014-09-15,
8722,Viktor,Haddad,viktor.haddad8721@example.com,Toronto,CA,2,2019-01-21,low
8723,Raj,Marchetti,raj.marchetti8722@example.com,Perth,AU,25,2016-01-25,
8724,Raj,Vance,raj.vance8723@example.com,Manchester,GB,31,2016-02-16,low
8725,Bruno,Farrow,bruno.farrow8724@example.com,Toronto,CA,24,2016-11-04,medium
8726,Idris,Osei,idris.osei8725@example.com,Porto,PT,38,2019-08-28,high
8727,Hana,Mwangi,hana.mwangi8726@example.com,Hobart,AU,14,2024-06-05,
8728,Lars,Quinn,lars.quinn8727@example.com,Manchester,GB,36,2021-05-27,low
8729,Tomas,Dubois,tomas.dubois8728@example.com,Bergen,NO,3,2017-01-28,
8730,Zara,Rahman,zara.rahman8729@example.com,Groningen,NL,15,2021-04-09,low
8731,Andres,Castellanos,andres.castellanos8730@example.com,Cork,IE,3,2012-11-02,
8732,Sara,Castellanos,sara.castellanos8731@example.com,Auckland,NZ,17,2022-04-17,
8733,Tobias,Rahman,tobias.rahman8732@example.com,Halifax,CA,9,2013-04-01,
8734,Camille,Lund,camille.lund8733@example.com,Utrecht,NL,8,2025-07-22,
8735,Priya,Reed,priya.reed8734@example.com,Portland,US,39,2024-07-23,
8736,Tom,Renard,tom.renard8735@example.com,Hobart,AU,11,2024-08-21,
8737,Rosa,Nyberg,rosa.nyberg8736@example.com,Manchester,GB,2,2009-03-15,
8738,Kofi,Lund,kofi.lund8737@example.com,Auckland,NZ,31,2024-11-11,
8739,Alma,Achebe,alma.achebe8738@example.com,Raleigh,US,39,2010-02-09,
8740,Ingrid,Farrow,ingrid.farrow8739@example.com,Montpellier,FR,40,2024-04-14,
8741,Zara,Nyberg,zara.nyberg8740@example.com,Uppsala,SE,29,2017-01-21,
8742,Elena,Baptiste,elena.baptiste8741@example.com,Leipzig,DE,15,2024-12-08,medium
8743,Nora,Park,nora.park8742@example.com,Auckland,NZ,26,2024-09-07,
8744,Tomas,Dubois,tomas.dubois8743@example.com,Adelaide,AU,33,2011-04-18,
8745,Anton,Baptiste,anton.baptiste8744@example.com,Leipzig,DE,19,2022-12-03,
8746,Ciara,Okafor,ciara.okafor8745@example.com,Utrecht,NL,19,2013-02-11,
8747,Signe,Adeyemi,signe.adeyemi8746@example.com,Bologna,IT,3,2011-02-24,
8748,Nell,Kaur,nell.kaur8747@example.com,Ljubljana,SI,33,2023-01-25,
8749,Tarek,Diaz,tarek.diaz8748@example.com,Halifax,CA,1,2015-04-11,low
8750,Claire,Dubois,claire.dubois8749@example.com,Columbus,US,2,2009-03-10,
8751,Alma,Halloran,alma.halloran8750@example.com,Galway,IE,4,2020-03-02,medium
8752,Nadia,Novak,nadia.novak8751@example.com,Bergen,NO,34,2017-11-22,low
8753,Josefina,Adeyemi,josefina.adeyemi8752@example.com,Galway,IE,28,2008-08-06,
8754,Dmitri,Voss,dmitri.voss8753@example.com,Nantes,FR,37,2011-01-15,
8755,Anton,Quinn,anton.quinn8754@example.com,Nantes,FR,5,2021-10-15,
8756,Kofi,Zamora,kofi.zamora8755@example.com,Dunedin,NZ,2,2024-05-24,low
8757,Tom,Castellanos,tom.castellanos8756@example.com,Utrecht,NL,9,2015-06-21,
8758,Idris,Silva,idris.silva8757@example.com,Aarhus,DK,38,2016-01-15,
8759,Emeka,Wexler,emeka.wexler8758@example.com,Uppsala,SE,40,2021-04-24,
8760,Samir,Solberg,samir.solberg8759@example.com,Portland,US,6,2020-01-15,
8761,Ben,Ibrahim,ben.ibrahim8760@example.com,Austin,US,4,2018-07-08,low
8762,Delphine,Mwangi,delphine.mwangi8761@example.com,Columbus,US,25,2015-03-05,
8763,Camille,Delgado,camille.delgado8762@example.com,Perth,AU,4,2018-08-01,low
8764,Noel,Silva,noel.silva8763@example.com,Perth,AU,21,2010-07-15,
8765,Priya,Ellery,priya.ellery8764@example.com,Bristol,GB,23,2024-06-13,low
8766,Samir,Solberg,samir.solberg8765@example.com,Victoria,CA,18,2024-02-01,
8767,Lena,Park,lena.park8766@example.com,Utrecht,NL,18,2013-12-12,
8768,Viktor,Voss,viktor.voss8767@example.com,Norwich,GB,9,2020-06-19,
8769,Ciara,Cormack,ciara.cormack8768@example.com,Portland,US,8,2017-04-18,
8770,Nadia,Cormack,nadia.cormack8769@example.com,Galway,IE,7,2011-06-27,
8771,Mateo,Reed,mateo.reed8770@example.com,Manchester,GB,37,2013-01-04,
8772,Priya,Frost,priya.frost8771@example.com,Sheffield,GB,32,2009-11-27,medium
8773,Eli,Vogt,eli.vogt8772@example.com,Austin,US,20,2011-10-15,
8774,Ingrid,Quinn,ingrid.quinn8773@example.com,Tucson,US,40,2021-05-08,
8775,Eli,Wexler,eli.wexler8774@example.com,Utrecht,NL,16,2022-11-28,
8776,Zara,Halloran,zara.halloran8775@example.com,Hobart,AU,10,2008-09-05,
8777,Greta,Lund,greta.lund8776@example.com,Galway,IE,3,2009-04-19,
8778,Emeka,Adeyemi,emeka.adeyemi8777@example.com,Porto,PT,28,2016-07-18,
8779,Bianca,Diaz,bianca.diaz8778@example.com,Toronto,CA,7,2024-03-02,
8780,Eli,Castellanos,eli.castellanos8779@example.com,Columbus,US,28,2016-03-19,
8781,Kofi,Lund,kofi.lund8780@example.com,Cork,IE,39,2016-12-24,low
8782,Pieter,Shah,pieter.shah8781@example.com,Montpellier,FR,26,2008-01-17,medium
8783,Eli,Whitfield,eli.whitfield8782@example.com,Aarhus,DK,10,2022-04-02,
8784,Sara,Cormack,sara.cormack8783@example.com,Tucson,US,15,2019-07-22,medium
8785,Hana,Baptiste,hana.baptiste8784@example.com,Toronto,CA,28,2018-04-03,
8786,Arjun,Adeyemi,arjun.adeyemi8785@example.com,Nantes,FR,37,2021-02-09,low
8787,Omar,Abbott,omar.abbott8786@example.com,Cork,IE,5,2018-12-07,
8788,Nadia,Hale,nadia.hale8787@example.com,Leipzig,DE,17,2016-12-21,
8789,Amara,Shah,amara.shah8788@example.com,Aarhus,DK,6,2020-08-22,
8790,Idris,Cole,idris.cole8789@example.com,Uppsala,SE,36,2009-02-03,
8791,Dmitri,Vogt,dmitri.vogt8790@example.com,Nantes,FR,6,2016-04-17,
8792,Nadia,Voss,nadia.voss8791@example.com,Leipzig,DE,19,2018-04-19,
8793,Arjun,Moreau,arjun.moreau8792@example.com,Aarhus,DK,36,2018-05-04,medium
8794,Esme,Voss,esme.voss8793@example.com,Toronto,CA,3,2011-08-05,low
8795,Tobias,Delgado,tobias.delgado8794@example.com,Valencia,ES,15,2015-09-24,
8796,Sara,Petrov,sara.petrov8795@example.com,Sheffield,GB,36,2020-07-08,
8797,Iris,Halloran,iris.halloran8796@example.com,Hobart,AU,18,2019-03-18,
8798,Yuki,Rossi,yuki.rossi8797@example.com,Bergen,NO,25,2018-02-26,
8799,Maya,Achebe,maya.achebe8798@example.com,Ljubljana,SI,25,2015-02-03,
8800,Tomas,Lund,tomas.lund8799@example.com,Halifax,CA,29,2021-09-23,
8801,Jonas,Osei,jonas.osei8800@example.com,Valencia,ES,9,2010-09-02,
8802,Jon,Petrov,jon.petrov8801@example.com,Galway,IE,25,2010-03-13,
8803,Jon,Vogt,jon.vogt8802@example.com,Columbus,US,5,2024-07-12,
8804,Amara,Frost,amara.frost8803@example.com,Bristol,GB,32,2023-09-04,high
8805,Camille,Beaumont,camille.beaumont8804@example.com,Groningen,NL,35,2018-05-05,high
8806,Malik,Beaumont,malik.beaumont8805@example.com,Manchester,GB,14,2021-10-19,
8807,Aoife,Zamora,aoife.zamora8806@example.com,Auckland,NZ,2,2021-04-21,medium
8808,Rosa,Cormack,rosa.cormack8807@example.com,Cork,IE,1,2010-12-28,low
8809,Alma,Larsen,alma.larsen8808@example.com,Bergen,NO,25,2023-08-10,low
8810,Delphine,Zamora,delphine.zamora8809@example.com,Utrecht,NL,24,2025-12-20,
8811,Delphine,Frost,delphine.frost8810@example.com,Norwich,GB,19,2019-01-05,
8812,Elena,Sandoval,elena.sandoval8811@example.com,Hobart,AU,37,2010-01-07,
8813,Nell,Ferreira,nell.ferreira8812@example.com,Bergen,NO,26,2021-01-01,high
8814,Delphine,Voss,delphine.voss8813@example.com,Toronto,CA,27,2019-01-27,
8815,Ingrid,Kirby,ingrid.kirby8814@example.com,Auckland,NZ,33,2017-01-28,low
8816,Nell,Nyberg,nell.nyberg8815@example.com,Victoria,CA,36,2020-10-22,
8817,Josefina,Iqbal,josefina.iqbal8816@example.com,Bologna,IT,8,2011-04-10,
8818,Lars,Ueda,lars.ueda8817@example.com,Perth,AU,5,2011-08-23,
8819,Viktor,Whitfield,viktor.whitfield8818@example.com,Valencia,ES,13,2018-09-09,
8820,Tarek,Silva,tarek.silva8819@example.com,Manchester,GB,23,2008-02-26,low
8821,Kiran,Novak,kiran.novak8820@example.com,Bergen,NO,12,2012-09-11,low
8822,Delphine,Sandoval,delphine.sandoval8821@example.com,Utrecht,NL,39,2011-12-26,
8823,Fatima,Diaz,fatima.diaz8822@example.com,Ljubljana,SI,6,2024-01-18,
8824,Bianca,Ibrahim,bianca.ibrahim8823@example.com,Utrecht,NL,32,2017-06-08,
8825,Viktor,Ricci,viktor.ricci8824@example.com,Bristol,GB,26,2008-10-08,low
8826,Ciara,Cole,ciara.cole8825@example.com,Raleigh,US,29,2017-11-12,
8827,Hana,Iqbal,hana.iqbal8826@example.com,Bristol,GB,9,2019-08-02,
8828,Marta,Bauer,marta.bauer8827@example.com,Bergen,NO,33,2023-04-14,
8829,Jon,Nyberg,jon.nyberg8828@example.com,Uppsala,SE,4,2020-02-14,
8830,Malik,Whitfield,malik.whitfield8829@example.com,Utrecht,NL,20,2021-06-18,low
8831,Emeka,Kirby,emeka.kirby8830@example.com,Uppsala,SE,39,2020-04-27,medium
8832,Kiran,Sorensen,kiran.sorensen8831@example.com,Adelaide,AU,28,2014-02-22,
8833,Tarek,Abbott,tarek.abbott8832@example.com,Dunedin,NZ,26,2012-10-23,
8834,Felix,Lund,felix.lund8833@example.com,Raleigh,US,30,2008-07-02,
8835,Marta,Shah,marta.shah8834@example.com,Manchester,GB,5,2014-05-16,
8836,Marta,Fischer,marta.fischer8835@example.com,Montpellier,FR,8,2025-12-28,low
8837,Bruno,Rossi,bruno.rossi8836@example.com,Freiburg,DE,19,2024-07-07,low
8838,Nora,Beaumont,nora.beaumont8837@example.com,Manchester,GB,17,2015-03-13,
8839,Kwame,Roy,kwame.roy8838@example.com,Uppsala,SE,35,2013-02-01,
8840,Ana,Kirby,ana.kirby8839@example.com,Hobart,AU,19,2025-04-01,
8841,Elena,Tan,elena.tan8840@example.com,Montpellier,FR,4,2023-04-13,
8842,Malik,Vance,malik.vance8841@example.com,Utrecht,NL,22,2018-03-23,high
8843,Iris,Whitfield,iris.whitfield8842@example.com,Portland,US,24,2017-06-05,
8844,Pieter,Dubois,pieter.dubois8843@example.com,Montpellier,FR,36,2014-11-12,
8845,Samir,Ueda,samir.ueda8844@example.com,Perth,AU,29,2017-08-04,medium
8846,Bianca,Fischer,bianca.fischer8845@example.com,Denver,US,10,2012-11-19,
8847,Pieter,Bauer,pieter.bauer8846@example.com,Bergen,NO,7,2022-03-15,
8848,Emeka,Solberg,emeka.solberg8847@example.com,Norwich,GB,25,2009-01-02,
8849,Leila,Park,leila.park8848@example.com,Perth,AU,7,2018-06-12,high
8850,Sara,Farrow,sara.farrow8849@example.com,Norwich,GB,2,2010-02-07,low
8851,Maya,Shah,maya.shah8850@example.com,Toronto,CA,18,2011-02-10,
8852,Tarek,Bauer,tarek.bauer8851@example.com,Dunedin,NZ,7,2011-02-01,
8853,Omar,Ashworth,omar.ashworth8852@example.com,Uppsala,SE,11,2013-12-11,
8854,Bianca,Novak,bianca.novak8853@example.com,Montpellier,FR,19,2024-05-05,
8855,Arjun,Kirby,arjun.kirby8854@example.com,Raleigh,US,36,2021-09-18,low
8856,Arjun,Dubois,arjun.dubois8855@example.com,Denver,US,1,2017-11-03,
8857,Aoife,Renard,aoife.renard8856@example.com,Dunedin,NZ,5,2012-11-02,
8858,Ravi,Beaumont,ravi.beaumont8857@example.com,Ljubljana,SI,8,2017-12-04,high
8859,Kiran,Okafor,kiran.okafor8858@example.com,Leipzig,DE,6,2010-11-08,low
8860,Andres,Novak,andres.novak8859@example.com,Tampere,FI,34,2025-05-19,
8861,Kofi,Vogt,kofi.vogt8860@example.com,Toronto,CA,12,2012-05-04,
8862,Tobias,Nyberg,tobias.nyberg8861@example.com,Toronto,CA,35,2013-07-07,low
8863,Rafael,Dubois,rafael.dubois8862@example.com,Freiburg,DE,35,2018-07-28,medium
8864,Bianca,Ibrahim,bianca.ibrahim8863@example.com,Uppsala,SE,15,2022-09-03,low
8865,Tom,Baptiste,tom.baptiste8864@example.com,Tucson,US,19,2011-10-06,
8866,Tomas,Lund,tomas.lund8865@example.com,Raleigh,US,32,2025-04-19,
8867,Felix,Vance,felix.vance8866@example.com,Tampere,FI,37,2010-12-19,
8868,Omar,Farrow,omar.farrow8867@example.com,Toronto,CA,21,2018-10-03,low
8869,Dmitri,Brennan,dmitri.brennan8868@example.com,Denver,US,37,2008-10-09,
8870,Marta,Fischer,marta.fischer8869@example.com,Adelaide,AU,8,2022-09-18,
8871,Sean,Beaumont,sean.beaumont8870@example.com,Valencia,ES,6,2009-03-19,low
8872,Lena,Larsen,lena.larsen8871@example.com,Raleigh,US,35,2025-06-26,
8873,Felix,Cormack,felix.cormack8872@example.com,Bristol,GB,22,2014-02-11,
8874,Malik,Sandoval,malik.sandoval8873@example.com,Sheffield,GB,2,2021-06-15,
8875,Marta,Ellery,marta.ellery8874@example.com,Raleigh,US,38,2008-09-28,
8876,Tomas,Okafor,tomas.okafor8875@example.com,Bristol,GB,38,2025-01-19,
8877,Delphine,Mwangi,delphine.mwangi8876@example.com,Adelaide,AU,2,2015-02-09,
8878,Ben,Zamora,ben.zamora8877@example.com,Toronto,CA,3,2022-02-06,
8879,Tomas,Tan,tomas.tan8878@example.com,Groningen,NL,37,2023-12-07,
8880,Mateo,Silva,mateo.silva8879@example.com,Bologna,IT,21,2016-12-14,low
8881,Aoife,Frost,aoife.frost8880@example.com,Halifax,CA,19,2022-05-07,
8882,Dmitri,Halloran,dmitri.halloran8881@example.com,Columbus,US,34,2013-06-16,
8883,Emeka,Lindqvist,emeka.lindqvist8882@example.com,Freiburg,DE,6,2024-04-22,
8884,Eli,Brennan,eli.brennan8883@example.com,Manchester,GB,6,2022-10-04,
8885,Andres,Ibrahim,andres.ibrahim8884@example.com,Leipzig,DE,28,2011-05-21,low
8886,Alma,Bergstrom,alma.bergstrom8885@example.com,Valencia,ES,12,2014-09-16,low
8887,Omar,Kowalski,omar.kowalski8886@example.com,Sheffield,GB,21,2023-05-14,
8888,Marta,Cole,marta.cole8887@example.com,Leipzig,DE,26,2024-10-04,
8889,Zara,Tan,zara.tan8888@example.com,Ljubljana,SI,15,2023-09-02,low
8890,Jonas,Rahman,jonas.rahman8889@example.com,Raleigh,US,17,2010-07-05,low
8891,Alma,Beaumont,alma.beaumont8890@example.com,Aarhus,DK,14,2021-07-16,
8892,Hugo,Zamora,hugo.zamora8891@example.com,Raleigh,US,18,2013-07-04,
8893,Rafael,Achebe,rafael.achebe8892@example.com,Austin,US,18,2024-09-04,low
8894,Hugo,Quinn,hugo.quinn8893@example.com,Toronto,CA,6,2008-01-15,
8895,Rosa,Vogt,rosa.vogt8894@example.com,Halifax,CA,9,2020-11-06,high
8896,Bianca,Iqbal,bianca.iqbal8895@example.com,Columbus,US,29,2024-09-26,
8897,Noel,Cole,noel.cole8896@example.com,Groningen,NL,20,2024-07-04,
8898,Nadia,Whitfield,nadia.whitfield8897@example.com,Cork,IE,27,2009-06-15,low
8899,Hugo,Ellery,hugo.ellery8898@example.com,Bergen,NO,39,2024-10-21,
8900,Wren,Rahman,wren.rahman8899@example.com,Valencia,ES,5,2008-07-12,medium
8901,Delphine,Lindqvist,delphine.lindqvist8900@example.com,Columbus,US,33,2009-01-05,
8902,Nadia,Thorne,nadia.thorne8901@example.com,Tucson,US,27,2019-04-06,
8903,Maya,Tan,maya.tan8902@example.com,Toronto,CA,14,2010-01-02,low
8904,Tomas,Cormack,tomas.cormack8903@example.com,Cork,IE,21,2019-12-27,
8905,Sean,Wexler,sean.wexler8904@example.com,Bristol,GB,5,2022-12-02,
8906,Bianca,Kowalski,bianca.kowalski8905@example.com,Uppsala,SE,26,2013-03-23,
8907,Tom,Novak,tom.novak8906@example.com,Utrecht,NL,34,2024-05-17,medium
8908,Mateo,Sandoval,mateo.sandoval8907@example.com,Montpellier,FR,2,2018-06-20,
8909,Sofia,Zamora,sofia.zamora8908@example.com,Groningen,NL,35,2025-06-12,
8910,Marta,Sandoval,marta.sandoval8909@example.com,Portland,US,30,2019-04-01,
8911,Maya,Tan,maya.tan8910@example.com,Toronto,CA,5,2012-01-11,low
8912,Alma,Frost,alma.frost8911@example.com,Tampere,FI,20,2024-08-17,
8913,Ingrid,Ueda,ingrid.ueda8912@example.com,Victoria,CA,18,2021-12-16,
8914,Nell,Dubois,nell.dubois8913@example.com,Toronto,CA,2,2010-09-01,
8915,Tomas,Nair,tomas.nair8914@example.com,Bergen,NO,4,2020-04-05,
8916,Tarek,Thorne,tarek.thorne8915@example.com,Hobart,AU,22,2019-11-26,
8917,Rosa,Delgado,rosa.delgado8916@example.com,Perth,AU,14,2012-03-22,low
8918,Ciara,Roy,ciara.roy8917@example.com,Freiburg,DE,5,2019-12-15,
8919,Pieter,Larsen,pieter.larsen8918@example.com,Manchester,GB,14,2020-05-05,
8920,Zara,Ellery,zara.ellery8919@example.com,Nantes,FR,28,2013-01-15,
8921,Priya,Vance,priya.vance8920@example.com,Austin,US,34,2016-09-14,
8922,Ciara,Whitfield,ciara.whitfield8921@example.com,Halifax,CA,27,2017-10-09,
8923,Kofi,Solberg,kofi.solberg8922@example.com,Groningen,NL,23,2021-02-06,
8924,Kofi,Ellery,kofi.ellery8923@example.com,Sheffield,GB,13,2012-11-02,
8925,Malik,Roy,malik.roy8924@example.com,Portland,US,21,2020-01-02,
8926,Kiran,Rahman,kiran.rahman8925@example.com,Denver,US,38,2018-04-25,
8927,Tom,Fischer,tom.fischer8926@example.com,Cork,IE,31,2019-03-21,
8928,Mateo,Park,mateo.park8927@example.com,Austin,US,16,2016-04-05,
8929,Idris,Wexler,idris.wexler8928@example.com,Auckland,NZ,10,2011-01-11,
8930,Marta,Nair,marta.nair8929@example.com,Utrecht,NL,25,2012-10-22,
8931,Rafael,Renard,rafael.renard8930@example.com,Porto,PT,13,2014-04-04,medium
8932,Jon,Solberg,jon.solberg8931@example.com,Uppsala,SE,6,2021-12-07,
8933,Eli,Iqbal,eli.iqbal8932@example.com,Montpellier,FR,12,2011-12-04,
8934,Aoife,Kaur,aoife.kaur8933@example.com,Norwich,GB,16,2025-12-13,
8935,Eli,Quinn,eli.quinn8934@example.com,Uppsala,SE,7,2010-07-27,medium
8936,Ana,Zamora,ana.zamora8935@example.com,Sheffield,GB,38,2023-06-05,
8937,Amara,Achebe,amara.achebe8936@example.com,Cork,IE,4,2015-04-15,
8938,Ciara,Novak,ciara.novak8937@example.com,Aarhus,DK,10,2008-05-28,
8939,Aoife,Cormack,aoife.cormack8938@example.com,Adelaide,AU,36,2023-10-07,
8940,Nell,Bergstrom,nell.bergstrom8939@example.com,Perth,AU,11,2012-09-16,
8941,Tobias,Lindqvist,tobias.lindqvist8940@example.com,Bristol,GB,24,2016-04-23,
8942,Hugo,Castellanos,hugo.castellanos8941@example.com,Bristol,GB,30,2023-08-27,
8943,Priya,Nakamura,priya.nakamura8942@example.com,Halifax,CA,9,2011-10-07,
8944,Alma,Baptiste,alma.baptiste8943@example.com,Montpellier,FR,35,2022-07-13,low
8945,Idris,Farrow,idris.farrow8944@example.com,Freiburg,DE,31,2017-05-02,medium
8946,Bruno,Nakamura,bruno.nakamura8945@example.com,Norwich,GB,3,2012-07-19,
8947,Lars,Park,lars.park8946@example.com,Hobart,AU,4,2013-07-04,
8948,Hana,Roy,hana.roy8947@example.com,Adelaide,AU,20,2017-09-04,
8949,Sara,Kowalski,sara.kowalski8948@example.com,Manchester,GB,10,2017-09-11,
8950,Ingrid,Roy,ingrid.roy8949@example.com,Hobart,AU,19,2017-12-08,low
8951,Ciara,Mensah,ciara.mensah8950@example.com,Bergen,NO,27,2024-04-23,
8952,Maya,Fischer,maya.fischer8951@example.com,Freiburg,DE,14,2015-08-06,
8953,Bruno,Halloran,bruno.halloran8952@example.com,Cork,IE,8,2010-03-08,
8954,Hana,Dubois,hana.dubois8953@example.com,Galway,IE,13,2025-02-18,
8955,Sean,Reed,sean.reed8954@example.com,Columbus,US,20,2014-06-25,
8956,Rafael,Quinn,rafael.quinn8955@example.com,Manchester,GB,10,2017-01-06,low
8957,Nora,Park,nora.park8956@example.com,Tucson,US,30,2023-08-08,
8958,Sara,Cormack,sara.cormack8957@example.com,Halifax,CA,31,2024-12-20,
8959,Sara,Larsen,sara.larsen8958@example.com,Porto,PT,6,2018-07-07,
8960,Rosa,Quinn,rosa.quinn8959@example.com,Dunedin,NZ,2,2016-01-17,low
8961,Ana,Ashworth,ana.ashworth8960@example.com,Sheffield,GB,2,2013-10-03,
8962,Mateo,Ibrahim,mateo.ibrahim8961@example.com,Victoria,CA,36,2009-02-28,
8963,Emeka,Lund,emeka.lund8962@example.com,Groningen,NL,1,2013-08-20,
8964,Claire,Kaur,claire.kaur8963@example.com,Uppsala,SE,22,2021-09-08,
8965,Esme,Nyberg,esme.nyberg8964@example.com,Valencia,ES,6,2009-03-02,medium
8966,Pieter,Rossi,pieter.rossi8965@example.com,Norwich,GB,20,2008-11-26,high
8967,Bruno,Abbott,bruno.abbott8966@example.com,Freiburg,DE,27,2025-10-26,
8968,Tom,Cole,tom.cole8967@example.com,Austin,US,34,2008-05-27,
8969,Iris,Silva,iris.silva8968@example.com,Galway,IE,20,2018-10-22,
8970,Nell,Bergstrom,nell.bergstrom8969@example.com,Austin,US,18,2015-12-19,
8971,Viktor,Kowalski,viktor.kowalski8970@example.com,Uppsala,SE,11,2019-06-23,medium
8972,Tomas,Diaz,tomas.diaz8971@example.com,Adelaide,AU,32,2024-12-23,low
8973,Sofia,Hale,sofia.hale8972@example.com,Valencia,ES,17,2025-10-25,
8974,Signe,Park,signe.park8973@example.com,Halifax,CA,22,2014-06-12,low
8975,Idris,Cormack,idris.cormack8974@example.com,Galway,IE,7,2009-03-07,
8976,Malik,Halloran,malik.halloran8975@example.com,Sheffield,GB,1,2020-07-07,
8977,Viktor,Frost,viktor.frost8976@example.com,Leipzig,DE,17,2012-07-09,low
8978,Arjun,Diaz,arjun.diaz8977@example.com,Austin,US,11,2016-12-12,low
8979,Andres,Osei,andres.osei8978@example.com,Montpellier,FR,21,2021-09-03,
8980,Jon,Silva,jon.silva8979@example.com,Perth,AU,30,2011-04-04,high
8981,Viktor,Beaumont,viktor.beaumont8980@example.com,Halifax,CA,23,2017-06-04,
8982,Bruno,Wexler,bruno.wexler8981@example.com,Tucson,US,1,2022-02-11,
8983,Zara,Lund,zara.lund8982@example.com,Columbus,US,18,2016-12-28,
8984,Fatima,Bergstrom,fatima.bergstrom8983@example.com,Victoria,CA,19,2017-09-11,low
8985,Tobias,Okafor,tobias.okafor8984@example.com,Aarhus,DK,33,2014-03-13,
8986,Kiran,Okafor,kiran.okafor8985@example.com,Denver,US,28,2009-08-25,
8987,Nadia,Osei,nadia.osei8986@example.com,Sheffield,GB,2,2015-02-07,
8988,Arjun,Wexler,arjun.wexler8987@example.com,Columbus,US,33,2024-11-02,
8989,Dmitri,Cole,dmitri.cole8988@example.com,Utrecht,NL,2,2018-07-09,
8990,Wren,Achebe,wren.achebe8989@example.com,Manchester,GB,6,2016-01-26,
8991,Iris,Ashworth,iris.ashworth8990@example.com,Leipzig,DE,19,2022-08-07,
8992,Kiran,Bauer,kiran.bauer8991@example.com,Hobart,AU,11,2008-01-05,low
8993,Lena,Beaumont,lena.beaumont8992@example.com,Bergen,NO,31,2011-03-27,
8994,Bianca,Sorensen,bianca.sorensen8993@example.com,Galway,IE,17,2019-01-25,
8995,Ana,Voss,ana.voss8994@example.com,Bristol,GB,24,2020-11-15,low
8996,Malik,Bergstrom,malik.bergstrom8995@example.com,Montpellier,FR,19,2024-03-24,low
8997,Sara,Diaz,sara.diaz8996@example.com,Austin,US,12,2025-08-22,
8998,Fatima,Abbott,fatima.abbott8997@example.com,Cork,IE,40,2025-10-11,medium
8999,Hugo,Kaur,hugo.kaur8998@example.com,Adelaide,AU,22,2019-11-10,high
9000,Malik,Sorensen,malik.sorensen8999@example.com,Groningen,NL,3,2020-05-18,
